date,ticker,adj_close
2026-09-01,000001.SZ,11.920000076293944
2026-09-01,000002.SZ,3.1600000858306885
2026-09-01,000012.SZ,3.759999990463257
2026-09-01,000019.SZ,7.920000076293945
2026-09-01,000025.SZ,16.610000610351562
2026-09-01,000028.SZ,20.1200008392334
2026-09-01,000029.SZ,22.270000457763672
2026-09-01,000030.SZ,4.079999923706055
2026-09-01,000035.SZ,4.869999885559082
2026-09-01,000048.SZ,23.25
2026-09-01,000049.SZ,23.350000381469727
2026-09-01,000058.SZ,7.130000114440918
2026-09-01,000059.SZ,6.010000228881836
2026-09-01,000061.SZ,6.659999847412109
2026-09-01,000063.SZ,34.279998779296875
2026-09-01,000065.SZ,10.09000015258789
2026-09-01,000088.SZ,4.590000152587891
2026-09-01,000089.SZ,6.650000095367432
2026-09-01,000090.SZ,3.539999961853028
2026-09-01,000099.SZ,13.93000030517578
2026-09-01,0001.HK,69.05000305175781
2026-09-01,000100.SZ,5.0
2026-09-01,000156.SZ,7.110000133514404
2026-09-01,000157.SZ,6.730000019073486
2026-09-01,000166.SZ,4.579999923706055
2026-09-01,0002.HK,77.22000122070312
2026-09-01,000301.SZ,14.449999809265137
2026-09-01,000333.SZ,87.48999786376953
2026-09-01,000338.SZ,27.350000381469727
2026-09-01,000408.SZ,78.93000030517578
2026-09-01,000420.SZ,3.7699999809265137
2026-09-01,000422.SZ,13.0
2026-09-01,000425.SZ,8.239999771118164
2026-09-01,000498.SZ,5.019999980926514
2026-09-01,000503.SZ,7.380000114440918
2026-09-01,000517.SZ,2.2100000381469727
2026-09-01,000538.SZ,50.68000030517578
2026-09-01,000544.SZ,7.400000095367432
2026-09-01,000550.SZ,16.889999389648438
2026-09-01,000552.SZ,2.720000028610229
2026-09-01,000555.SZ,11.210000038146973
2026-09-01,000557.SZ,3.7699999809265137
2026-09-01,000567.SZ,7.090000152587891
2026-09-01,000568.SZ,78.68000030517578
2026-09-01,000581.SZ,18.350000381469727
2026-09-01,000589.SZ,4.420000076293945
2026-09-01,000596.SZ,100.87999725341795
2026-09-01,000597.SZ,4.940000057220459
2026-09-01,000600.SZ,7.53000020980835
2026-09-01,000603.SZ,36.400001525878906
2026-09-01,000612.SZ,11.40999984741211
2026-09-01,000617.SZ,7.429999828338623
2026-09-01,000620.SZ,3.2100000381469727
2026-09-01,000625.SZ,7.119999885559082
2026-09-01,000628.SZ,49.810001373291016
2026-09-01,000630.SZ,6.670000076293945
2026-09-01,000650.SZ,5.53000020980835
2026-09-01,000651.SZ,38.54999923706055
2026-09-01,000657.SZ,62.33000183105469
2026-09-01,000661.SZ,75.08000183105469
2026-09-01,000672.SZ,14.6899995803833
2026-09-01,000676.SZ,7.190000057220459
2026-09-01,000680.SZ,10.6899995803833
2026-09-01,000681.SZ,17.6200008392334
2026-09-01,000682.SZ,11.479999542236328
2026-09-01,000685.SZ,11.43000030517578
2026-09-01,000686.SZ,8.210000038146973
2026-09-01,000688.SZ,29.89999961853028
2026-09-01,000690.SZ,4.96999979019165
2026-09-01,000708.SZ,13.670000076293944
2026-09-01,000712.SZ,13.5
2026-09-01,000718.SZ,2.0
2026-09-01,000719.SZ,12.119999885559082
2026-09-01,000725.SZ,5.909999847412109
2026-09-01,000727.SZ,2.3499999046325684
2026-09-01,000735.SZ,5.900000095367432
2026-09-01,000737.SZ,15.380000114440918
2026-09-01,000756.SZ,13.609999656677246
2026-09-01,000758.SZ,6.440000057220459
2026-09-01,000761.SZ,2.380000114440918
2026-09-01,000762.SZ,23.18000030517578
2026-09-01,000766.SZ,16.420000076293945
2026-09-01,000767.SZ,3.4600000381469727
2026-09-01,000768.SZ,22.6200008392334
2026-09-01,000776.SZ,21.89999961853028
2026-09-01,000786.SZ,17.010000228881836
2026-09-01,000791.SZ,7.289999961853027
2026-09-01,000792.SZ,27.850000381469727
2026-09-01,000795.SZ,8.699999809265137
2026-09-01,000800.SZ,6.179999828338623
2026-09-01,000801.SZ,12.670000076293944
2026-09-01,000807.SZ,27.059999465942383
2026-09-01,000810.SZ,9.979999542236328
2026-09-01,000811.SZ,38.790000915527344
2026-09-01,000813.SZ,3.369999885559082
2026-09-01,000821.SZ,7.449999809265137
2026-09-01,000828.SZ,10.229999542236328
2026-09-01,000829.SZ,9.15999984741211
2026-09-01,000837.SZ,10.09000015258789
2026-09-01,000848.SZ,8.420000076293945
2026-09-01,000858.SZ,71.83000183105469
2026-09-01,000860.SZ,10.84000015258789
2026-09-01,000875.SZ,5.0
2026-09-01,000876.SZ,7.210000038146973
2026-09-01,000881.SZ,6.710000038146973
2026-09-01,000885.SZ,12.239999771118164
2026-09-01,000895.SZ,23.940000534057617
2026-09-01,000899.SZ,9.479999542236328
2026-09-01,000901.SZ,14.229999542236328
2026-09-01,000902.SZ,14.5
2026-09-01,000913.SZ,11.399999618530272
2026-09-01,000915.SZ,25.459999084472656
2026-09-01,000917.SZ,7.53000020980835
2026-09-01,000923.SZ,16.959999084472656
2026-09-01,000927.SZ,2.549999952316284
2026-09-01,000928.SZ,5.510000228881836
2026-09-01,000930.SZ,5.21999979019165
2026-09-01,000935.SZ,22.989999771118164
2026-09-01,000938.SZ,38.31999969482422
2026-09-01,000950.SZ,5.519999980926514
2026-09-01,000963.SZ,27.3799991607666
2026-09-01,000966.SZ,4.079999923706055
2026-09-01,000968.SZ,7.380000114440918
2026-09-01,000969.SZ,17.700000762939453
2026-09-01,000970.SZ,12.0600004196167
2026-09-01,000975.SZ,26.39999961853028
2026-09-01,000977.SZ,85.5999984741211
2026-09-01,000983.SZ,7.25
2026-09-01,000990.SZ,6.829999923706055
2026-09-01,000999.SZ,24.40999984741211
2026-09-01,0012.HK,26.31999969482422
2026-09-01,001203.SZ,27.71999931335449
2026-09-01,001289.SZ,15.220000267028809
2026-09-01,001391.SZ,4.119999885559082
2026-09-01,0016.HK,113.5999984741211
2026-09-01,001965.SZ,9.890000343322754
2026-09-01,001979.SZ,6.449999809265137
2026-09-01,002001.SZ,27.1200008392334
2026-09-01,002027.SZ,4.960000038146973
2026-09-01,002028.SZ,140.3000030517578
2026-09-01,002049.SZ,63.34999847412109
2026-09-01,002050.SZ,35.959999084472656
2026-09-01,002074.SZ,26.65999984741211
2026-09-01,002129.SZ,9.56999969482422
2026-09-01,002142.SZ,34.29999923706055
2026-09-01,002179.SZ,34.900001525878906
2026-09-01,002180.SZ,17.280000686645508
2026-09-01,002230.SZ,40.220001220703125
2026-09-01,002236.SZ,16.59000015258789
2026-09-01,002241.SZ,23.93000030517578
2026-09-01,002252.SZ,4.980000019073486
2026-09-01,002304.SZ,39.459999084472656
2026-09-01,002311.SZ,46.61000061035156
2026-09-01,002352.SZ,32.130001068115234
2026-09-01,002371.SZ,667.7000122070312
2026-09-01,002415.SZ,35.91999816894531
2026-09-01,002422.SZ,40.83000183105469
2026-09-01,002459.SZ,7.03000020980835
2026-09-01,002460.SZ,52.52999877929688
2026-09-01,002463.SZ,120.72000122070312
2026-09-01,002466.SZ,49.220001220703125
2026-09-01,002475.SZ,56.91999816894531
2026-09-01,002493.SZ,14.640000343322754
2026-09-01,002594.SZ,88.70999908447266
2026-09-01,002600.SZ,12.520000457763672
2026-09-01,002601.SZ,16.260000228881836
2026-09-01,002648.SZ,28.6200008392334
2026-09-01,0027.HK,33.08000183105469
2026-09-01,002709.SZ,35.61000061035156
2026-09-01,002714.SZ,42.400001525878906
2026-09-01,002736.SZ,10.329999923706056
2026-09-01,002916.SZ,354.3399963378906
2026-09-01,002920.SZ,92.3499984741211
2026-09-01,002938.SZ,88.22000122070312
2026-09-01,003816.SZ,4.309999942779541
2026-09-01,0101.HK,7.0
2026-09-01,0175.HK,17.56999969482422
2026-09-01,0241.HK,3.069999933242798
2026-09-01,0267.HK,13.289999961853027
2026-09-01,0285.HK,26.81999969482422
2026-09-01,0288.HK,7.53000020980835
2026-09-01,0291.HK,18.690000534057617
2026-09-01,0300.HK,100.4000015258789
2026-09-01,0316.HK,153.6999969482422
2026-09-01,0322.HK,12.359999656677246
2026-09-01,1024.HK,34.63999938964844
2026-09-01,1038.HK,64.19999694824219
2026-09-01,1044.HK,21.68000030517578
2026-09-01,1088.HK,46.20000076293945
2026-09-01,1093.HK,9.229999542236328
2026-09-01,1099.HK,15.4399995803833
2026-09-01,1109.HK,28.979999542236328
2026-09-01,1113.HK,45.2400016784668
2026-09-01,1177.HK,5.260000228881836
2026-09-01,1209.HK,38.900001525878906
2026-09-01,1211.HK,88.25
2026-09-01,1299.HK,75.94999694824219
2026-09-01,1378.HK,23.15999984741211
2026-09-01,1398.HK,7.684999942779541
2026-09-01,1810.HK,27.559999465942383
2026-09-01,1876.HK,5.949999809265137
2026-09-01,1928.HK,13.779999732971191
2026-09-01,1929.HK,12.770000457763672
2026-09-01,1997.HK,31.280000686645508
2026-09-01,2015.HK,47.060001373291016
2026-09-01,2020.HK,78.3499984741211
2026-09-01,2057.HK,164.89999389648438
2026-09-01,2269.HK,49.47999954223633
2026-09-01,2313.HK,36.560001373291016
2026-09-01,2318.HK,55.77000045776367
2026-09-01,2319.HK,18.010000228881836
2026-09-01,2331.HK,13.390000343322754
2026-09-01,2359.HK,192.5
2026-09-01,2382.HK,71.9000015258789
2026-09-01,2388.HK,52.25
2026-09-01,2618.HK,10.970000267028809
2026-09-01,2628.HK,30.18000030517578
2026-09-01,2688.HK,49.20000076293945
2026-09-01,2899.HK,36.41999816894531
2026-09-01,300014.SZ,52.5
2026-09-01,300015.SZ,8.289999961853027
2026-09-01,300033.SZ,227.02999877929688
2026-09-01,300059.SZ,19.39999961853028
2026-09-01,300122.SZ,14.119999885559082
2026-09-01,300124.SZ,60.95000076293945
2026-09-01,300274.SZ,89.33000183105469
2026-09-01,300308.SZ,859.2999877929688
2026-09-01,300316.SZ,42.540000915527344
2026-09-01,300347.SZ,51.400001525878906
2026-09-01,300394.SZ,251.7700042724609
2026-09-01,300408.SZ,109.22000122070312
2026-09-01,300413.SZ,20.3799991607666
2026-09-01,300418.SZ,45.93999862670898
2026-09-01,300433.SZ,37.29999923706055
2026-09-01,300442.SZ,64.94999694824219
2026-09-01,300498.SZ,14.4399995803833
2026-09-01,300502.SZ,402.80999755859375
2026-09-01,300628.SZ,41.720001220703125
2026-09-01,300661.SZ,112.58000183105467
2026-09-01,300750.SZ,358.1000061035156
2026-09-01,300759.SZ,42.59999847412109
2026-09-01,300760.SZ,169.0800018310547
2026-09-01,300782.SZ,75.5199966430664
2026-09-01,300832.SZ,50.70000076293945
2026-09-01,300896.SZ,93.83999633789062
2026-09-01,300979.SZ,33.529998779296875
2026-09-01,300999.SZ,27.280000686645508
2026-09-01,301236.SZ,38.220001220703125
2026-09-01,301269.SZ,97.61000061035156
2026-09-01,302132.SZ,60.7599983215332
2026-09-01,600000.SS,9.350000381469728
2026-09-01,600009.SS,23.46999931335449
2026-09-01,600010.SS,2.2699999809265137
2026-09-01,600011.SS,6.800000190734863
2026-09-01,600015.SS,6.320000171661377
2026-09-01,600016.SS,3.640000104904175
2026-09-01,600018.SS,5.550000190734863
2026-09-01,600019.SS,5.860000133514404
2026-09-01,600023.SS,4.889999866485596
2026-09-01,600025.SS,9.710000038146973
2026-09-01,600026.SS,19.06999969482422
2026-09-01,600027.SS,4.659999847412109
2026-09-01,600028.SS,5.519999980926514
2026-09-01,600029.SS,5.010000228881836
2026-09-01,600030.SS,28.020000457763672
2026-09-01,600031.SS,20.21999931335449
2026-09-01,600036.SS,40.86000061035156
2026-09-01,600039.SS,9.5600004196167
2026-09-01,600048.SS,4.900000095367432
2026-09-01,600050.SS,4.320000171661377
2026-09-01,600061.SS,6.570000171661377
2026-09-01,600066.SS,30.540000915527344
2026-09-01,600085.SS,24.01000022888184
2026-09-01,600089.SS,19.030000686645508
2026-09-01,600104.SS,10.489999771118164
2026-09-01,600111.SS,40.16999816894531
2026-09-01,600115.SS,3.490000009536743
2026-09-01,600150.SS,34.43000030517578
2026-09-01,600160.SS,39.04999923706055
2026-09-01,600161.SS,12.359999656677246
2026-09-01,600176.SS,43.02000045776367
2026-09-01,600183.SS,144.4199981689453
2026-09-01,600188.SS,22.479999542236328
2026-09-01,600196.SS,22.5
2026-09-01,600219.SS,4.909999847412109
2026-09-01,600233.SS,16.860000610351562
2026-09-01,600276.SS,46.22999954223633
2026-09-01,600309.SS,77.0199966430664
2026-09-01,600332.SS,20.270000457763672
2026-09-01,600346.SS,19.15999984741211
2026-09-01,600362.SS,48.08000183105469
2026-09-01,600372.SS,11.25
2026-09-01,600377.SS,12.56999969482422
2026-09-01,600406.SS,22.920000076293945
2026-09-01,600415.SS,12.960000038146973
2026-09-01,600426.SS,21.670000076293945
2026-09-01,600436.SS,123.0999984741211
2026-09-01,600438.SS,11.81999969482422
2026-09-01,600460.SS,32.349998474121094
2026-09-01,600482.SS,31.90999984741211
2026-09-01,600489.SS,25.350000381469727
2026-09-01,600515.SS,2.789999961853028
2026-09-01,A2A.MI,2.302000045776367
2026-09-01,AAF.L,342.20001220703125
2026-09-01,AAL.L,4113.0
2026-09-01,ABF.L,2041.0
2026-09-01,ADM.L,3936.0
2026-09-01,ADS.DE,147.9499969482422
2026-09-01,AIR.DE,196.2400054931641
2026-09-01,ALV.DE,451.7999877929688
2026-09-01,ALW.L,1360.0
2026-09-01,AMP.MI,11.779999732971191
2026-09-01,ANTO.L,3828.0
2026-09-01,AUTO.L,505.6000061035156
2026-09-01,AZM.MI,38.54999923706055
2026-09-01,AZN.L,11962.0
2026-09-01,BAB.L,1024.0
2026-09-01,BAMI.MI,16.014999389648438
2026-09-01,BARC.L,486.1000061035156
2026-09-01,BAS.DE,53.02999877929688
2026-09-01,BATS.L,4174.0
2026-09-01,BAYN.DE,48.880001068115234
2026-09-01,BEI.DE,77.4000015258789
2026-09-01,BEZ.L,1300.0
2026-09-01,BFF.MI,3.0920000076293945
2026-09-01,BKG.L,3472.0
2026-09-01,BMED.MI,23.920000076293945
2026-09-01,BMPS.MI,11.413999557495115
2026-09-01,BMW.DE,61.20000076293945
2026-09-01,BNR.DE,62.560001373291016
2026-09-01,BNZL.L,2742.0
2026-09-01,BPE.MI,14.20400047302246
2026-09-01,BRBY.L,1070.0
2026-09-01,BTRW.L,312.6000061035156
2026-09-01,BZU.MI,40.38999938964844
2026-09-01,CBK.DE,40.0
2026-09-01,CCEP.L,7940.0
2026-09-01,CCH.L,4594.0
2026-09-01,CNA.L,152.39999389648438
2026-09-01,CON.DE,70.86000061035156
2026-09-01,CPG.L,30.850000381469727
2026-09-01,CPR.MI,5.714000225067139
2026-09-01,CRDA.L,3360.0
2026-09-01,CTEC.L,229.8000030517578
2026-09-01,DB1.DE,283.79998779296875
2026-09-01,DBK.DE,34.5099983215332
2026-09-01,DCC.L,6365.0
2026-09-01,DGE.L,1671.5
2026-09-01,DHL.DE,55.58000183105469
2026-09-01,DIA.MI,75.83999633789062
2026-09-01,DPLM.L,7130.0
2026-09-01,DTE.DE,28.3799991607666
2026-09-01,DTG.DE,46.52999877929688
2026-09-01,EDV.L,4484.0
2026-09-01,ENEL.MI,9.239999771118164
2026-09-01,ENI.MI,23.665000915527344
2026-09-01,ENR.DE,141.0800018310547
2026-09-01,ENT.L,515.2000122070312
2026-09-01,EOAN.DE,17.725000381469727
2026-09-01,ERG.MI,22.31999969482422
2026-09-01,EXPN.L,2970.0
2026-09-01,EZJ.L,669.2000122070312
2026-09-01,FCIT.L,340.6000061035156
2026-09-01,FME.DE,39.540000915527344
2026-09-01,FRE.DE,44.78499984741211
2026-09-01,FRES.L,3016.0
2026-09-01,G.MI,44.119998931884766
2026-09-01,G1A.DE,66.8499984741211
2026-09-01,G24.DE,78.1500015258789
2026-09-01,GAW.L,18310.0
2026-09-01,GLEN.L,597.0999755859375
2026-09-01,GSK.L,1871.5
2026-09-01,HEI.DE,164.4499969482422
2026-09-01,HEN3.DE,76.0
2026-09-01,HER.MI,3.746000051498413
2026-09-01,HIK.L,1615.0
2026-09-01,HLMA.L,3528.0
2026-09-01,HLN.L,369.8999938964844
2026-09-01,HNR1.DE,259.3999938964844
2026-09-01,HSBA.L,1533.4000244140625
2026-09-01,HSX.L,1868.0
2026-09-01,HWDN.L,785.5
2026-09-01,IAG.L,422.3999938964844
2026-09-01,ICG.L,1947.0
2026-09-01,IFX.DE,55.540000915527344
2026-09-01,IG.MI,8.722000122070312
2026-09-01,IHG.L,155.89999389648438
2026-09-01,III.L,2802.0
2026-09-01,IMB.L,2551.0
2026-09-01,IMI.L,3054.0
2026-09-01,INF.L,888.4000244140625
2026-09-01,INW.MI,6.014999866485596
2026-09-01,IP.MI,36.5
2026-09-01,ISP.MI,6.668000221252441
2026-09-01,ITRK.L,5840.0
2026-09-01,KGF.L,309.29998779296875
2026-09-01,LAND.L,671.0
2026-09-01,LDO.MI,51.04999923706055
2026-09-01,LGEN.L,290.29998779296875
2026-09-01,LLOY.L,110.5500030517578
2026-09-01,LMP.L,184.0
2026-09-01,LSEG.L,8836.0
2026-09-01,MB.MI,27.690000534057617
2026-09-01,MBG.DE,46.970001220703125
2026-09-01,MKS.L,391.7999877929688
2026-09-01,MNDI.L,860.7999877929688
2026-09-01,MNG.L,346.0
2026-09-01,MONC.MI,46.150001525878906
2026-09-01,MRK.DE,139.75
2026-09-01,MRO.L,494.7999877929688
2026-09-01,MTLN.L,48.18000030517578
2026-09-01,MTX.DE,344.0
2026-09-01,MUV2.DE,524.5999755859375
2026-09-01,NEXI.MI,4.269999980926514
2026-09-01,NWG.L,682.7999877929688
2026-09-01,NXT.L,15385.0
2026-09-01,PAH3.DE,28.31999969482422
2026-09-01,PCT.L,636.0
2026-09-01,PRU.L,1000.5
2026-09-01,PRY.MI,117.0999984741211
2026-09-01,PSH.L,3832.0
2026-09-01,PSN.L,1150.0
2026-09-01,PSON.L,1226.0
2026-09-01,PST.MI,26.739999771118164
2026-09-01,QIA.DE,37.35499954223633
2026-09-01,RACE.MI,355.5
2026-09-01,REC.MI,52.34999847412109
2026-09-01,REL.L,2632.0
2026-09-01,RHM.DE,1079.800048828125
2026-09-01,RIO.L,7581.0
2026-09-01,RKT.L,5360.0
2026-09-01,RMV.L,498.3999938964844
2026-09-01,RTO.L,356.8999938964844
2026-09-01,RWE.DE,58.58000183105469
2026-09-01,SAP.DE,184.259994506836
2026-09-01,SBRY.L,336.6000061035156
2026-09-01,SDR.L,584.0
2026-09-01,SFER.MI,9.40999984741211
2026-09-01,SGE.L,1071.0
2026-09-01,SGRO.L,953.2000122070312
2026-09-01,SHEL.L,3432.5
2026-09-01,SHL.DE,39.29999923706055
2026-09-01,SIE.DE,277.8500061035156
2026-09-01,SMIN.L,2557.0
2026-09-01,SMT.L,1465.5
2026-09-01,SPM.MI,4.501999855041504
2026-09-01,SPX.L,6910.0
2026-09-01,SRG.MI,5.74399995803833
2026-09-01,SSE.L,2406.0
2026-09-01,STAN.L,2169.0
2026-09-01,STJ.L,1166.5
2026-09-01,SVT.L,3062.0
2026-09-01,SY1.DE,92.41999816894533
2026-09-01,TEN.MI,24.38999938964844
2026-09-01,TIT.MI,7.552999973297119
2026-09-01,TRN.MI,9.654000282287598
2026-09-01,TSCO.L,471.5
2026-09-01,UCG.MI,83.33999633789062
2026-09-01,ULVR.L,4811.0
2026-09-01,UNI.MI,28.020000457763672
2026-09-01,VNA.DE,19.09499931335449
2026-09-01,VOD.L,119.4000015258789
2026-09-01,VOW3.DE,76.58000183105469
2026-09-01,WEIR.L,2706.0
2026-09-01,WPP.L,370.1000061035156
2026-09-01,WTB.L,2387.0
2026-09-01,ZAL.DE,24.200000762939453
2026-09-02,000001.SZ,11.90999984741211
2026-09-02,000002.SZ,3.0799999237060547
2026-09-02,000012.SZ,3.740000009536743
2026-09-02,000019.SZ,7.179999828338623
2026-09-02,000025.SZ,15.529999732971191
2026-09-02,000028.SZ,20.030000686645508
2026-09-02,000029.SZ,21.959999084472656
2026-09-02,000030.SZ,4.070000171661377
2026-09-02,000035.SZ,4.75
2026-09-02,000048.SZ,22.93000030517578
2026-09-02,000049.SZ,23.1299991607666
2026-09-02,000058.SZ,7.079999923706055
2026-09-02,000059.SZ,5.880000114440918
2026-09-02,000061.SZ,6.21999979019165
2026-09-02,000063.SZ,33.4900016784668
2026-09-02,000065.SZ,9.81999969482422
2026-09-02,000088.SZ,4.539999961853027
2026-09-02,000089.SZ,6.53000020980835
2026-09-02,000090.SZ,3.509999990463257
2026-09-02,000099.SZ,13.829999923706056
2026-09-02,0001.HK,69.25
2026-09-02,000100.SZ,4.889999866485596
2026-09-02,000156.SZ,6.949999809265137
2026-09-02,000157.SZ,6.590000152587891
2026-09-02,000166.SZ,4.519999980926514
2026-09-02,0002.HK,76.5999984741211
2026-09-02,000301.SZ,13.8100004196167
2026-09-02,000333.SZ,86.9800033569336
2026-09-02,000338.SZ,25.8799991607666
2026-09-02,000408.SZ,76.1500015258789
2026-09-02,000420.SZ,3.7200000286102295
2026-09-02,000422.SZ,12.75
2026-09-02,000425.SZ,7.96999979019165
2026-09-02,000498.SZ,4.940000057220459
2026-09-02,000503.SZ,7.170000076293945
2026-09-02,000517.SZ,2.25
2026-09-02,000538.SZ,50.59999847412109
2026-09-02,000544.SZ,7.340000152587891
2026-09-02,000550.SZ,16.600000381469727
2026-09-02,000552.SZ,2.609999895095825
2026-09-02,000555.SZ,11.039999961853027
2026-09-02,000557.SZ,3.740000009536743
2026-09-02,000567.SZ,6.909999847412109
2026-09-02,000568.SZ,77.81999969482422
2026-09-02,000581.SZ,18.170000076293945
2026-09-02,000589.SZ,4.360000133514404
2026-09-02,000596.SZ,97.7300033569336
2026-09-02,000597.SZ,4.869999885559082
2026-09-02,000600.SZ,7.389999866485596
2026-09-02,000603.SZ,35.900001525878906
2026-09-02,000612.SZ,11.100000381469728
2026-09-02,000617.SZ,7.309999942779541
2026-09-02,000620.SZ,3.109999895095825
2026-09-02,000625.SZ,7.059999942779541
2026-09-02,000628.SZ,54.790000915527344
2026-09-02,000630.SZ,6.460000038146973
2026-09-02,000650.SZ,5.440000057220459
2026-09-02,000651.SZ,38.47999954223633
2026-09-02,000657.SZ,59.77000045776367
2026-09-02,000661.SZ,74.19999694824219
2026-09-02,000672.SZ,14.56999969482422
2026-09-02,000676.SZ,7.070000171661377
2026-09-02,000680.SZ,10.399999618530272
2026-09-02,000681.SZ,17.0
2026-09-02,000682.SZ,11.220000267028809
2026-09-02,000685.SZ,11.300000190734863
2026-09-02,000686.SZ,8.0600004196167
2026-09-02,000688.SZ,28.76000022888184
2026-09-02,000690.SZ,4.869999885559082
2026-09-02,000708.SZ,13.670000076293944
2026-09-02,000712.SZ,13.15999984741211
2026-09-02,000718.SZ,1.9800000190734863
2026-09-02,000719.SZ,11.869999885559082
2026-09-02,000725.SZ,5.789999961853027
2026-09-02,000727.SZ,2.289999961853028
2026-09-02,000735.SZ,5.670000076293945
2026-09-02,000737.SZ,14.93000030517578
2026-09-02,000756.SZ,13.289999961853027
2026-09-02,000758.SZ,6.269999980926514
2026-09-02,000761.SZ,2.3499999046325684
2026-09-02,000762.SZ,22.75
2026-09-02,000766.SZ,16.34000015258789
2026-09-02,000767.SZ,3.390000104904175
2026-09-02,000768.SZ,23.020000457763672
2026-09-02,000776.SZ,21.39999961853028
2026-09-02,000786.SZ,16.639999389648438
2026-09-02,000791.SZ,7.199999809265137
2026-09-02,000792.SZ,26.940000534057617
2026-09-02,000795.SZ,8.550000190734863
2026-09-02,000800.SZ,6.110000133514404
2026-09-02,000801.SZ,12.539999961853027
2026-09-02,000807.SZ,26.56999969482422
2026-09-02,000810.SZ,10.010000228881836
2026-09-02,000811.SZ,37.709999084472656
2026-09-02,000813.SZ,3.2799999713897705
2026-09-02,000821.SZ,7.480000019073486
2026-09-02,000828.SZ,10.130000114440918
2026-09-02,000829.SZ,9.170000076293944
2026-09-02,000837.SZ,10.09000015258789
2026-09-02,000848.SZ,8.420000076293945
2026-09-02,000858.SZ,70.81999969482422
2026-09-02,000860.SZ,10.59000015258789
2026-09-02,000875.SZ,4.880000114440918
2026-09-02,000876.SZ,7.059999942779541
2026-09-02,000881.SZ,6.699999809265137
2026-09-02,000885.SZ,12.100000381469728
2026-09-02,000895.SZ,23.75
2026-09-02,000899.SZ,9.369999885559082
2026-09-02,000901.SZ,14.289999961853027
2026-09-02,000902.SZ,14.239999771118164
2026-09-02,000913.SZ,11.109999656677246
2026-09-02,000915.SZ,25.32999992370605
2026-09-02,000917.SZ,7.260000228881836
2026-09-02,000923.SZ,16.3700008392334
2026-09-02,000927.SZ,2.509999990463257
2026-09-02,000928.SZ,5.460000038146973
2026-09-02,000930.SZ,4.960000038146973
2026-09-02,000935.SZ,22.280000686645508
2026-09-02,000938.SZ,37.9900016784668
2026-09-02,000950.SZ,5.460000038146973
2026-09-02,000963.SZ,27.1299991607666
2026-09-02,000966.SZ,4.050000190734863
2026-09-02,000968.SZ,7.300000190734863
2026-09-02,000969.SZ,17.3700008392334
2026-09-02,000970.SZ,11.760000228881836
2026-09-02,000975.SZ,26.479999542236328
2026-09-02,000977.SZ,85.69000244140625
2026-09-02,000983.SZ,6.96999979019165
2026-09-02,000990.SZ,6.690000057220459
2026-09-02,000999.SZ,24.13999938964844
2026-09-02,0012.HK,25.940000534057617
2026-09-02,001203.SZ,26.06999969482422
2026-09-02,001289.SZ,15.06999969482422
2026-09-02,001391.SZ,4.070000171661377
2026-09-02,0016.HK,114.8000030517578
2026-09-02,001965.SZ,9.890000343322754
2026-09-02,001979.SZ,6.489999771118164
2026-09-02,002001.SZ,26.64999961853028
2026-09-02,002027.SZ,4.849999904632568
2026-09-02,002028.SZ,141.63999938964844
2026-09-02,002049.SZ,62.59999847412109
2026-09-02,002050.SZ,35.619998931884766
2026-09-02,002074.SZ,26.030000686645508
2026-09-02,002129.SZ,9.300000190734863
2026-09-02,002142.SZ,34.29999923706055
2026-09-02,002179.SZ,34.31999969482422
2026-09-02,002180.SZ,17.18000030517578
2026-09-02,002230.SZ,39.41999816894531
2026-09-02,002236.SZ,16.389999389648438
2026-09-02,002241.SZ,24.13999938964844
2026-09-02,002252.SZ,4.909999847412109
2026-09-02,002304.SZ,38.84999847412109
2026-09-02,002311.SZ,46.29999923706055
2026-09-02,002352.SZ,31.959999084472656
2026-09-02,002371.SZ,667.0
2026-09-02,002415.SZ,35.18000030517578
2026-09-02,002422.SZ,41.75
2026-09-02,002459.SZ,6.809999942779541
2026-09-02,002460.SZ,50.22999954223633
2026-09-02,002463.SZ,118.38999938964844
2026-09-02,002466.SZ,47.08000183105469
2026-09-02,002475.SZ,57.08000183105469
2026-09-02,002493.SZ,14.359999656677246
2026-09-02,002594.SZ,86.80000305175781
2026-09-02,002600.SZ,12.6899995803833
2026-09-02,002601.SZ,15.59000015258789
2026-09-02,002648.SZ,27.489999771118164
2026-09-02,0027.HK,33.459999084472656
2026-09-02,002709.SZ,34.34000015258789
2026-09-02,002714.SZ,42.02999877929688
2026-09-02,002736.SZ,10.18000030517578
2026-09-02,002916.SZ,348.3900146484375
2026-09-02,002920.SZ,90.52999877929688
2026-09-02,002938.SZ,85.80000305175781
2026-09-02,003816.SZ,4.329999923706055
2026-09-02,0101.HK,7.099999904632568
2026-09-02,0175.HK,17.059999465942383
2026-09-02,0241.HK,3.055000066757202
2026-09-02,0267.HK,13.5
2026-09-02,0285.HK,25.799999237060547
2026-09-02,0288.HK,7.460000038146973
2026-09-02,0291.HK,18.61000061035156
2026-09-02,0300.HK,99.9499969482422
2026-09-02,0316.HK,148.8000030517578
2026-09-02,0322.HK,12.539999961853027
2026-09-02,1024.HK,33.63999938964844
2026-09-02,1038.HK,64.80000305175781
2026-09-02,1044.HK,21.799999237060547
2026-09-02,1088.HK,45.540000915527344
2026-09-02,1093.HK,9.170000076293944
2026-09-02,1099.HK,15.34000015258789
2026-09-02,1109.HK,29.440000534057617
2026-09-02,1113.HK,45.7400016784668
2026-09-02,1177.HK,5.260000228881836
2026-09-02,1209.HK,39.040000915527344
2026-09-02,1211.HK,85.25
2026-09-02,1299.HK,76.0
2026-09-02,1378.HK,22.63999938964844
2026-09-02,1398.HK,7.690000057220459
2026-09-02,1810.HK,28.059999465942383
2026-09-02,1876.HK,5.849999904632568
2026-09-02,1928.HK,13.960000038146973
2026-09-02,1929.HK,12.56999969482422
2026-09-02,1997.HK,31.71999931335449
2026-09-02,2015.HK,45.86000061035156
2026-09-02,2020.HK,76.4000015258789
2026-09-02,2057.HK,163.5
2026-09-02,2269.HK,49.2400016784668
2026-09-02,2313.HK,36.59999847412109
2026-09-02,2318.HK,55.45000076293945
2026-09-02,2319.HK,17.90999984741211
2026-09-02,2331.HK,12.83389949798584
2026-09-02,2359.HK,193.6999969482422
2026-09-02,2382.HK,71.69999694824219
2026-09-02,2388.HK,52.650001525878906
2026-09-02,2618.HK,10.90999984741211
2026-09-02,2628.HK,29.979999542236328
2026-09-02,2688.HK,49.41999816894531
2026-09-02,2899.HK,35.79999923706055
2026-09-02,300014.SZ,51.04999923706055
2026-09-02,300015.SZ,8.300000190734863
2026-09-02,300033.SZ,217.1600036621093
2026-09-02,300059.SZ,18.90999984741211
2026-09-02,300122.SZ,13.640000343322754
2026-09-02,300124.SZ,60.0
2026-09-02,300274.SZ,86.4000015258789
2026-09-02,300308.SZ,822.4000244140625
2026-09-02,300316.SZ,43.02999877929688
2026-09-02,300347.SZ,50.18999862670898
2026-09-02,300394.SZ,250.0
2026-09-02,300408.SZ,107.87000274658205
2026-09-02,300413.SZ,20.520000457763672
2026-09-02,300418.SZ,44.380001068115234
2026-09-02,300433.SZ,36.90999984741211
2026-09-02,300442.SZ,64.41000366210938
2026-09-02,300498.SZ,14.489999771118164
2026-09-02,300502.SZ,386.7000122070313
2026-09-02,300628.SZ,41.27000045776367
2026-09-02,300661.SZ,110.7300033569336
2026-09-02,300750.SZ,348.2900085449219
2026-09-02,300759.SZ,42.04999923706055
2026-09-02,300760.SZ,167.9199981689453
2026-09-02,300782.SZ,73.5
2026-09-02,300832.SZ,50.650001525878906
2026-09-02,300896.SZ,91.8000030517578
2026-09-02,300979.SZ,32.90999984741211
2026-09-02,300999.SZ,26.190000534057617
2026-09-02,301236.SZ,37.40999984741211
2026-09-02,301269.SZ,94.08999633789062
2026-09-02,302132.SZ,72.18000030517578
2026-09-02,600000.SS,9.279999732971191
2026-09-02,600009.SS,23.350000381469727
2026-09-02,600010.SS,2.2300000190734863
2026-09-02,600011.SS,6.78000020980835
2026-09-02,600015.SS,6.230000019073486
2026-09-02,600016.SS,3.5999999046325684
2026-09-02,600018.SS,5.510000228881836
2026-09-02,600019.SS,5.829999923706055
2026-09-02,600023.SS,4.909999847412109
2026-09-02,600025.SS,9.899999618530272
2026-09-02,600026.SS,18.690000534057617
2026-09-02,600027.SS,4.670000076293945
2026-09-02,600028.SS,5.429999828338623
2026-09-02,600029.SS,4.980000019073486
2026-09-02,600030.SS,27.46999931335449
2026-09-02,600031.SS,19.6299991607666
2026-09-02,600036.SS,40.869998931884766
2026-09-02,600039.SS,9.520000457763672
2026-09-02,600048.SS,4.869999885559082
2026-09-02,600050.SS,4.289999961853027
2026-09-02,600061.SS,6.449999809265137
2026-09-02,600066.SS,29.46999931335449
2026-09-02,600085.SS,23.84000015258789
2026-09-02,600089.SS,18.780000686645508
2026-09-02,600104.SS,10.359999656677246
2026-09-02,600111.SS,39.09000015258789
2026-09-02,600115.SS,3.4100000858306885
2026-09-02,600150.SS,33.93000030517578
2026-09-02,600160.SS,38.02999877929688
2026-09-02,600161.SS,12.15999984741211
2026-09-02,600176.SS,44.130001068115234
2026-09-02,600183.SS,144.97999572753906
2026-09-02,600188.SS,21.950000762939453
2026-09-02,600196.SS,22.200000762939453
2026-09-02,600219.SS,4.880000114440918
2026-09-02,600233.SS,16.600000381469727
2026-09-02,600276.SS,45.56999969482422
2026-09-02,600309.SS,75.18000030517578
2026-09-02,600332.SS,20.1299991607666
2026-09-02,600346.SS,18.38999938964844
2026-09-02,600362.SS,46.54999923706055
2026-09-02,600372.SS,11.31999969482422
2026-09-02,600377.SS,12.539999961853027
2026-09-02,600406.SS,22.59000015258789
2026-09-02,600415.SS,12.609999656677246
2026-09-02,600426.SS,20.68000030517578
2026-09-02,600436.SS,122.9000015258789
2026-09-02,600438.SS,11.359999656677246
2026-09-02,600460.SS,31.0
2026-09-02,600482.SS,32.59000015258789
2026-09-02,600489.SS,24.700000762939453
2026-09-02,600515.SS,2.740000009536743
2026-09-02,A,151.38999938964844
2026-09-02,A2A.MI,2.242000102996826
2026-09-02,AAF.L,341.6000061035156
2026-09-02,AAL.L,4134.0
2026-09-02,AAPL,324.9599914550781
2026-09-02,ABBV,261.7200012207031
2026-09-02,ABF.L,2031.0
2026-09-02,ABNB,183.259994506836
2026-09-02,ABT,110.47000122070312
2026-09-02,ACGL,98.20999908447266
2026-09-02,ACN,187.67999267578125
2026-09-02,ADBE,279.7900085449219
2026-09-02,ADI,355.7099914550781
2026-09-02,ADM,85.37999725341797
2026-09-02,ADM.L,3934.0
2026-09-02,ADP,281.1600036621094
2026-09-02,ADS.DE,149.5500030517578
2026-09-02,ADSK,241.72999572753903
2026-09-02,AEE,105.88999938964844
2026-09-02,AEP,123.56999969482422
2026-09-02,AES,14.800000190734863
2026-09-02,AFL,117.23999786376952
2026-09-02,AIG,76.12999725341797
2026-09-02,AIR.DE,196.94000244140625
2026-09-02,AIZ,284.07000732421875
2026-09-02,AJG,264.4599914550781
2026-09-02,AKAM,105.08999633789062
2026-09-02,ALB,137.75
2026-09-02,ALGN,159.14999389648438
2026-09-02,ALL,259.3399963378906
2026-09-02,ALLE,155.07000732421875
2026-09-02,ALV.DE,449.2000122070313
2026-09-02,ALW.L,1359.0
2026-09-02,AMAT,438.4599914550781
2026-09-02,AMCR,46.68000030517578
2026-09-02,AMD,457.05999755859375
2026-09-02,AME,233.19000244140625
2026-09-02,AMGN,442.8399963378906
2026-09-02,AMP,551.8499755859375
2026-09-02,AMP.MI,12.079999923706056
2026-09-02,AMT,172.9199981689453
2026-09-02,AMZN,254.97999572753903
2026-09-02,ANET,186.1000061035156
2026-09-02,ANTO.L,3849.0
2026-09-02,AON,330.8800048828125
2026-09-02,AOS,59.2599983215332
2026-09-02,APA,44.69499969482422
2026-09-02,APD,309.45001220703125
2026-09-02,APH,80.04000091552734
2026-09-02,APO,132.2899932861328
2026-09-02,APP,319.04998779296875
2026-09-02,APTV,45.02999877929688
2026-09-02,ARE,52.720001220703125
2026-09-02,ARM,234.8600006103516
2026-09-02,ASML,1682.300048828125
2026-09-02,ATO,167.67999267578125
2026-09-02,AUTO.L,500.7999877929688
2026-09-02,AVGO,367.239990234375
2026-09-02,AVY,174.4199981689453
2026-09-02,AWK,139.49000549316406
2026-09-02,AXON,506.9800109863281
2026-09-02,AXP,329.9800109863281
2026-09-02,AZM.MI,37.900001525878906
2026-09-02,AZN,161.6300048828125
2026-09-02,AZN.L,11976.0
2026-09-02,AZO,2934.52001953125
2026-09-02,BA,208.8699951171875
2026-09-02,BAB.L,1004.0
2026-09-02,BAC,62.59999847412109
2026-09-02,BALL,63.29999923706055
2026-09-02,BAMI.MI,16.065000534057617
2026-09-02,BARC.L,483.4500122070313
2026-09-02,BAS.DE,53.380001068115234
2026-09-02,BATS.L,4126.0
2026-09-02,BAX,25.700000762939453
2026-09-02,BAYN.DE,49.18000030517578
2026-09-02,BBY,87.0
2026-09-02,BDX,187.5200042724609
2026-09-02,BEI.DE,77.0199966430664
2026-09-02,BEN,33.0099983215332
2026-09-02,BEZ.L,1298.0
2026-09-02,BFF.MI,3.032000064849853
2026-09-02,BG,122.86000061035156
2026-09-02,BIIB,222.6699981689453
2026-09-02,BKG.L,3420.0
2026-09-02,BKNG,199.6000061035156
2026-09-02,BKR,64.62999725341797
2026-09-02,BLDR,63.09000015258789
2026-09-02,BLK,1107.0799560546875
2026-09-02,BMED.MI,23.56999969482422
2026-09-02,BMPS.MI,11.394000053405762
2026-09-02,BMW.DE,60.68000030517578
2026-09-02,BMY,67.66000366210938
2026-09-02,BNR.DE,61.77999877929688
2026-09-02,BNZL.L,2714.0
2026-09-02,BPE.MI,14.06999969482422
2026-09-02,BR,178.05999755859375
2026-09-02,BRBY.L,1075.5
2026-09-02,BRO,72.04000091552734
2026-09-02,BSX,48.369998931884766
2026-09-02,BTRW.L,304.5
2026-09-02,BX,136.82000732421875
2026-09-02,BXP,67.0999984741211
2026-09-02,BZU.MI,39.33000183105469
2026-09-02,C,134.33999633789062
2026-09-02,CAG,16.18000030517578
2026-09-02,CAH,245.4900054931641
2026-09-02,CARR,57.58000183105469
2026-09-02,CAT,792.280029296875
2026-09-02,CB,339.4200134277344
2026-09-02,CBK.DE,40.68000030517578
2026-09-02,CBOE,294.1199951171875
2026-09-02,CBRE,142.05999755859375
2026-09-02,CCEP,107.77999877929688
2026-09-02,CCEP.L,8020.0
2026-09-02,CCH.L,4580.0
2026-09-02,CCI,75.37999725341797
2026-09-02,CCL,23.739999771118164
2026-09-02,CDNS,306.6700134277344
2026-09-02,CDW,148.6699981689453
2026-09-02,CEG,290.0400085449219
2026-09-02,CF,139.27000427246094
2026-09-02,CFG,69.77999877929688
2026-09-02,CHD,99.31999969482422
2026-09-02,CHRW,145.1999969482422
2026-09-02,CHTR,158.97000122070312
2026-09-02,CI,282.8399963378906
2026-09-02,CINF,171.69000244140625
2026-09-02,CL,90.0999984741211
2026-09-02,CLX,94.2699966430664
2026-09-02,CMCSA,26.809999465942383
2026-09-02,CME,277.7699890136719
2026-09-02,CMG,38.52000045776367
2026-09-02,CMI,550.9000244140625
2026-09-02,CMS,68.05999755859375
2026-09-02,CNA.L,149.60000610351562
2026-09-02,CNC,67.33999633789062
2026-09-02,CNP,39.5099983215332
2026-09-02,COF,216.6000061035156
2026-09-02,COIN,174.9600067138672
2026-09-02,CON.DE,69.0999984741211
2026-09-02,COO,69.7300033569336
2026-09-02,COP,137.1999969482422
2026-09-02,COR,336.3599853515625
2026-09-02,COST,928.47998046875
2026-09-02,CPAY,416.3999938964844
2026-09-02,CPB,23.780000686645508
2026-09-02,CPG.L,30.420000076293945
2026-09-02,CPR.MI,5.797999858856201
2026-09-02,CPRT,32.15999984741211
2026-09-02,CPT,105.54000091552734
2026-09-02,CRDA.L,3352.0
2026-09-02,CRL,291.760009765625
2026-09-02,CRM,256.92999267578125
2026-09-02,CRWD,203.4199981689453
2026-09-02,CSCO,109.45500183105467
2026-09-02,CSGP,31.26000022888184
2026-09-02,CSX,48.650001525878906
2026-09-02,CTAS,198.08999633789065
2026-09-02,CTEC.L,233.6000061035156
2026-09-02,CTSH,63.400001525878906
2026-09-02,CTVA,89.97000122070312
2026-09-02,CVS,97.2300033569336
2026-09-02,CVX,211.77999877929688
2026-09-02,D,66.05000305175781
2026-09-02,DAL,78.13999938964844
2026-09-02,DASH,226.2400054931641
2026-09-02,DB1.DE,278.8999938964844
2026-09-02,DBK.DE,34.875
2026-09-02,DCC.L,6330.0
2026-09-02,DD,132.92999267578125
2026-09-02,DDOG,209.22999572753903
2026-09-02,DE,698.3699951171875
2026-09-02,DECK,83.76000213623047
2026-09-02,DELL,492.2000122070313
2026-09-02,DG,130.88999938964844
2026-09-02,DGE.L,1693.0
2026-09-02,DGX,240.8000030517578
2026-09-02,DHI,142.25999450683594
2026-09-02,DHL.DE,54.880001068115234
2026-09-02,DHR,209.9100036621093
2026-09-02,DIA.MI,76.37999725341797
2026-09-02,DIS,107.9800033569336
2026-09-02,DLR,183.759994506836
2026-09-02,DLTR,131.91000366210938
2026-09-02,DOC,21.030000686645508
2026-09-02,DOV,188.8999938964844
2026-09-02,DOW,31.280000686645508
2026-09-02,DPLM.L,7135.0
2026-09-02,DPZ,346.67999267578125
2026-09-02,DRI,220.02999877929688
2026-09-02,DTE,136.0500030517578
2026-09-02,DTE.DE,28.450000762939453
2026-09-02,DTG.DE,45.09999847412109
2026-09-02,DUK,120.55999755859376
2026-09-02,DVA,179.38999938964844
2026-09-02,DVN,49.02999877929688
2026-09-02,DXCM,89.69000244140625
2026-09-02,EBAY,106.6999969482422
2026-09-02,ECL,279.8999938964844
2026-09-02,ED,107.66999816894533
2026-09-02,EDV.L,4569.0
2026-09-02,EFX,185.47999572753903
2026-09-02,EG,378.2799987792969
2026-09-02,EIX,55.18999862670898
2026-09-02,EL,101.1500015258789
2026-09-02,ELV,405.8399963378906
2026-09-02,EME,734.260009765625
2026-09-02,EMR,148.97999572753906
2026-09-02,ENEL.MI,9.00100040435791
2026-09-02,ENI.MI,23.809999465942383
2026-09-02,ENR.DE,142.24000549316406
2026-09-02,ENT.L,517.5999755859375
2026-09-02,EOAN.DE,17.459999084472656
2026-09-02,EOG,148.9600067138672
2026-09-02,EPAM,117.1999969482422
2026-09-02,EQIX,1019.239990234375
2026-09-02,EQT,55.75
2026-09-02,ERG.MI,22.040000915527344
2026-09-02,ERIE,258.4100036621094
2026-09-02,ES,70.44000244140625
2026-09-02,ESS,277.2900085449219
2026-09-02,ETN,390.8500061035156
2026-09-02,ETR,106.75
2026-09-02,EVRG,80.7699966430664
2026-09-02,EW,90.81999969482422
2026-09-02,EXC,43.970001220703125
2026-09-02,EXE,99.31999969482422
2026-09-02,EXPD,186.1600036621093
2026-09-02,EXPE,308.0599975585937
2026-09-02,EXPN.L,2876.0
2026-09-02,EXR,139.92999267578125
2026-09-02,EZJ.L,673.2000122070312
2026-09-02,F,14.140000343322754
2026-09-02,FANG,203.4199981689453
2026-09-02,FAST,47.93000030517578
2026-09-02,FCIT.L,341.6000061035156
2026-09-02,FCX,73.93000030517578
2026-09-02,FDS,306.07000732421875
2026-09-02,FDX,316.5400085449219
2026-09-02,FE,46.290000915527344
2026-09-02,FFIV,391.0799865722656
2026-09-02,FICO,1099.449951171875
2026-09-02,FIS,41.869998931884766
2026-09-02,FISV,51.97999954223633
2026-09-02,FITB,54.400001525878906
2026-09-02,FME.DE,39.36000061035156
2026-09-02,FOX,60.27000045776367
2026-09-02,FOXA,67.5199966430664
2026-09-02,FRE.DE,44.70500183105469
2026-09-02,FRES.L,3074.0
2026-09-02,FRT,117.94000244140624
2026-09-02,FSLR,202.6000061035156
2026-09-02,FTNT,154.5399932861328
2026-09-02,FTV,56.59999847412109
2026-09-02,G.MI,44.11000061035156
2026-09-02,G1A.DE,64.5
2026-09-02,G24.DE,76.1500015258789
2026-09-02,GAW.L,18090.0
2026-09-02,GD,364.0700073242188
2026-09-02,GDDY,101.87000274658205
2026-09-02,GE,329.5
2026-09-02,GEHC,70.55999755859375
2026-09-02,GEN,30.64999961853028
2026-09-02,GEV,921.9400024414062
2026-09-02,GFS,43.970001220703125
2026-09-02,GILD,149.61000061035156
2026-09-02,GIS,40.58000183105469
2026-09-02,GL,173.33999633789062
2026-09-02,GLEN.L,595.9000244140625
2026-09-02,GLW,144.1300048828125
2026-09-02,GM,84.87000274658203
2026-09-02,GNRC,180.759994506836
2026-09-02,GOOG,333.7799987792969
2026-09-02,GOOGL,337.1199951171875
2026-09-02,GPC,137.14999389648438
2026-09-02,GPN,92.80999755859376
2026-09-02,GRMN,276.0400085449219
2026-09-02,GS,1004.4199829101562
2026-09-02,GSK.L,1861.5
2026-09-02,GWW,1284.8499755859375
2026-09-02,HAL,37.630001068115234
2026-09-02,HAS,93.5
2026-09-02,HBAN,16.8799991607666
2026-09-02,HCA,402.05999755859375
2026-09-02,HD,318.510009765625
2026-09-02,HEI.DE,161.89999389648438
2026-09-02,HEN3.DE,75.30000305175781
2026-09-02,HER.MI,3.681999921798706
2026-09-02,HIG,137.2100067138672
2026-09-02,HII,288.7200012207031
2026-09-02,HIK.L,1615.0
2026-09-02,HLMA.L,3568.0
2026-09-02,HLN.L,366.0
2026-09-02,HLT,311.510009765625
2026-09-02,HNR1.DE,260.20001220703125
2026-09-02,HON,206.07000732421875
2026-09-02,HOOD,106.98999786376952
2026-09-02,HPE,51.83000183105469
2026-09-02,HPQ,31.989999771118164
2026-09-02,HRL,22.049999237060547
2026-09-02,HSBA.L,1545.199951171875
2026-09-02,HSIC,90.38999938964844
2026-09-02,HST,22.11000061035156
2026-09-02,HSX.L,1862.0
2026-09-02,HSY,177.42999267578125
2026-09-02,HUBB,450.0799865722656
2026-09-02,HUM,400.9700012207031
2026-09-02,HWDN.L,770.5
2026-09-02,HWM,252.9600067138672
2026-09-02,IAG.L,419.3999938964844
2026-09-02,IBKR,89.12000274658203
2026-09-02,IBM,231.6999969482422
2026-09-02,ICE,157.85000610351562
2026-09-02,ICG.L,1916.0
2026-09-02,IDXX,538.989990234375
2026-09-02,IEX,224.6100006103516
2026-09-02,IFF,86.94000244140625
2026-09-02,IFX.DE,55.77000045776367
2026-09-02,IG.MI,8.420000076293945
2026-09-02,IHG.L,160.8000030517578
2026-09-02,III.L,2756.0
2026-09-02,IMB.L,2518.0
2026-09-02,IMI.L,3042.0
2026-09-02,INCY,128.8300018310547
2026-09-02,INF.L,878.5999755859375
2026-09-02,INTC,90.05000305175781
2026-09-02,INTU,342.94000244140625
2026-09-02,INVH,28.84000015258789
2026-09-02,INW.MI,6.119999885559082
2026-09-02,IP,36.29999923706055
2026-09-02,IP.MI,36.0
2026-09-02,IQV,263.8399963378906
2026-09-02,IR,75.0
2026-09-02,IRM,111.83999633789062
2026-09-02,ISP.MI,6.652999877929688
2026-09-02,ISRG,371.8800048828125
2026-09-02,IT,186.75
2026-09-02,ITRK.L,5845.0
2026-09-02,ITW,269.0899963378906
2026-09-02,IVZ,31.71999931335449
2026-09-02,J,147.0800018310547
2026-09-02,JBHT,260.2200012207031
2026-09-02,JBL,299.3900146484375
2026-09-02,JCI,139.25
2026-09-02,JKHY,167.02999877929688
2026-09-02,JNJ,275.2099914550781
2026-09-02,JPM,356.2200012207031
2026-09-02,KDP,32.59000015258789
2026-09-02,KEY,21.799999237060547
2026-09-02,KEYS,321.5799865722656
2026-09-02,KGF.L,297.5
2026-09-02,KHC,26.26000022888184
2026-09-02,KIM,24.07999992370605
2026-09-02,KKR,106.43000030517578
2026-09-02,KLAC,172.25999450683594
2026-09-02,KMB,109.29000091552734
2026-09-02,KMI,31.96999931335449
2026-09-02,KO,88.23999786376953
2026-09-02,KR,58.220001220703125
2026-09-02,KVUE,19.1299991607666
2026-09-02,L,108.94000244140624
2026-09-02,LAND.L,656.0
2026-09-02,LDO.MI,51.38999938964844
2026-09-02,LDOS,133.77999877929688
2026-09-02,LEN,83.58000183105469
2026-09-02,LGEN.L,287.3999938964844
2026-09-02,LH,331.6600036621094
2026-09-02,LHX,261.3099975585937
2026-09-02,LII,374.0
2026-09-02,LIN,487.4500122070313
2026-09-02,LKQ,24.729999542236328
2026-09-02,LLOY.L,110.4499969482422
2026-09-02,LLY,1160.0799560546875
2026-09-02,LMP.L,182.1999969482422
2026-09-02,LMT,531.5499877929688
2026-09-02,LNT,67.73999786376953
2026-09-02,LOW,199.83999633789065
2026-09-02,LRCX,288.32000732421875
2026-09-02,LSEG.L,8568.0
2026-09-02,LULU,120.06999969482422
2026-09-02,LUV,38.61000061035156
2026-09-02,LVS,44.540000915527344
2026-09-02,LW,52.40999984741211
2026-09-02,LYB,66.56999969482422
2026-09-02,LYV,179.58999633789062
2026-09-02,MA,588.1400146484375
2026-09-02,MAA,128.61000061035156
2026-09-02,MAR,333.1400146484375
2026-09-02,MAS,70.94000244140625
2026-09-02,MB.MI,27.530000686645508
2026-09-02,MBG.DE,46.380001068115234
2026-09-02,MCD,260.95001220703125
2026-09-02,MCHP,72.76000213623047
2026-09-02,MCK,924.780029296875
2026-09-02,MCO,490.0
2026-09-02,MDLZ,62.45000076293945
2026-09-02,MDT,92.18000030517578
2026-09-02,MELI,2006.5799560546875
2026-09-02,MET,96.41999816894533
2026-09-02,META,592.8499755859375
2026-09-02,MGM,41.43999862670898
2026-09-02,MHK,129.22000122070312
2026-09-02,MKC,53.79999923706055
2026-09-02,MKS.L,384.3999938964844
2026-09-02,MLM,517.0700073242188
2026-09-02,MMM,168.75
2026-09-02,MNDI.L,855.4000244140625
2026-09-02,MNG.L,343.1000061035156
2026-09-02,MNST,44.41999816894531
2026-09-02,MO,69.55999755859375
2026-09-02,MOH,202.6199951171875
2026-09-02,MONC.MI,46.560001373291016
2026-09-02,MOS,25.780000686645508
2026-09-02,MPC,387.0
2026-09-02,MPWR,1219.3599853515625
2026-09-02,MRK,151.63999938964844
2026-09-02,MRK.DE,140.0
2026-09-02,MRNA,150.80999755859375
2026-09-02,MRO.L,486.1000061035156
2026-09-02,MRVL,206.47999572753903
2026-09-02,MS,211.82000732421875
2026-09-02,MSCI,560.6300048828125
2026-09-02,MSFT,496.8200073242188
2026-09-02,MSI,478.9200134277344
2026-09-02,MSTR,123.19000244140624
2026-09-02,MTB,235.47999572753903
2026-09-02,MTCH,42.43999862670898
2026-09-02,MTD,1367.739990234375
2026-09-02,MTLN.L,46.619998931884766
2026-09-02,MTX.DE,342.79998779296875
2026-09-02,MU,956.0800170898438
2026-09-02,MUV2.DE,523.2000122070312
2026-09-02,NCLH,15.56999969482422
2026-09-02,NDAQ,95.72000122070312
2026-09-02,NDSN,316.6300048828125
2026-09-02,NEE,83.0999984741211
2026-09-02,NEM,125.16000366210938
2026-09-02,NEXI.MI,4.297999858856201
2026-09-02,NFLX,82.7300033569336
2026-09-02,NI,41.150001525878906
2026-09-02,NKE,38.2400016784668
2026-09-02,NOC,523.8200073242188
2026-09-02,NOW,136.72000122070312
2026-09-02,NRG,111.08999633789062
2026-09-02,NSC,330.0599975585937
2026-09-02,NTAP,180.7700042724609
2026-09-02,NTRS,183.97999572753903
2026-09-02,NUE,263.9700012207031
2026-09-02,NVDA,224.4100036621093
2026-09-02,NVR,6326.9501953125
2026-09-02,NWG.L,686.5999755859375
2026-09-02,NWS,34.40999984741211
2026-09-02,NWSA,30.64999961853028
2026-09-02,NXPI,228.5
2026-09-02,NXT.L,15175.0
2026-09-02,O,61.5
2026-09-02,ODFL,187.6100006103516
2026-09-02,OKE,96.01000213623048
2026-09-02,OMC,81.76000213623047
2026-09-02,ON,72.33999633789062
2026-09-02,ORCL,145.75
2026-09-02,ORLY,86.97000122070312
2026-09-02,OTIS,70.83000183105469
2026-09-02,OXY,60.90999984741211
2026-09-02,PAH3.DE,27.280000686645508
2026-09-02,PANW,328.4800109863281
2026-09-02,PAYC,236.25
2026-09-02,PAYX,124.0
2026-09-02,PCAR,122.12999725341795
2026-09-02,PCG,13.329999923706056
2026-09-02,PCT.L,633.0
2026-09-02,PDD,82.25
2026-09-02,PEG,73.31999969482422
2026-09-02,PEP,140.52000427246094
2026-09-02,PFE,29.020000457763672
2026-09-02,PFG,111.30999755859376
2026-09-02,PG,147.63999938964844
2026-09-02,PGR,221.3800048828125
2026-09-02,PH,949.3800048828124
2026-09-02,PHM,123.6999969482422
2026-09-02,PKG,233.5399932861328
2026-09-02,PLD,136.58999633789062
2026-09-02,PLTR,169.4600067138672
2026-09-02,PM,187.94000244140625
2026-09-02,PNC,242.4600067138672
2026-09-02,PNR,59.84000015258789
2026-09-02,PNW,97.37999725341795
2026-09-02,PODD,148.13999938964844
2026-09-02,POOL,182.9900054931641
2026-09-02,PPG,111.30999755859376
2026-09-02,PPL,34.540000915527344
2026-09-02,PRU,119.83999633789062
2026-09-02,PRU.L,1003.5
2026-09-02,PRY.MI,119.0999984741211
2026-09-02,PSA,301.3299865722656
2026-09-02,PSH.L,3840.0
2026-09-02,PSKY,10.970000267028809
2026-09-02,PSN.L,1138.0
2026-09-02,PSON.L,1199.0
2026-09-02,PST.MI,26.32999992370605
2026-09-02,PSX,256.0899963378906
2026-09-02,PTC,149.1300048828125
2026-09-02,PWR,610.780029296875
2026-09-02,PYPL,54.66999816894531
2026-09-02,Q,117.69000244140624
2026-09-02,QCOM,169.9600067138672
2026-09-02,QIA.DE,38.15499877929688
2026-09-02,RACE.MI,357.04998779296875
2026-09-02,RCL,265.6000061035156
2026-09-02,REC.MI,51.900001525878906
2026-09-02,REG,75.80999755859375
2026-09-02,REGN,852.030029296875
2026-09-02,REL.L,2589.0
2026-09-02,RF,29.93000030517578
2026-09-02,RHM.DE,1090.4000244140625
2026-09-02,RIO.L,7577.0
2026-09-02,RJF,175.9499969482422
2026-09-02,RKT.L,5226.0
2026-09-02,RL,336.5
2026-09-02,RMD,230.8699951171875
2026-09-02,RMV.L,488.0
2026-09-02,ROK,425.3599853515625
2026-09-02,ROL,35.709999084472656
2026-09-02,ROP,415.7900085449219
2026-09-02,ROST,230.8500061035156
2026-09-02,RSG,222.5200042724609
2026-09-02,RTO.L,355.29998779296875
2026-09-02,RTX,200.77999877929688
2026-09-02,RVTY,130.94000244140625
2026-09-02,RWE.DE,58.09999847412109
2026-09-02,SAP.DE,181.44000244140625
2026-09-02,SBAC,186.4199981689453
2026-09-02,SBRY.L,334.0
2026-09-02,SBUX,106.72000122070312
2026-09-02,SCHW,108.23999786376952
2026-09-02,SDR.L,584.0
2026-09-02,SFER.MI,9.324999809265137
2026-09-02,SGE.L,1055.0
2026-09-02,SGRO.L,943.0
2026-09-02,SHEL.L,3443.0
2026-09-02,SHL.DE,39.459999084472656
2026-09-02,SHOP,141.8699951171875
2026-09-02,SHW,331.25
2026-09-02,SIE.DE,273.79998779296875
2026-09-02,SJM,131.44000244140625
2026-09-02,SLB,58.130001068115234
2026-09-02,SMCI,37.0
2026-09-02,SMIN.L,2538.0
2026-09-02,SMT.L,1465.0
2026-09-02,SNA,380.5899963378906
2026-09-02,SNDK,1553.4000244140625
2026-09-02,SNPS,415.9700012207031
2026-09-02,SO,88.30999755859375
2026-09-02,SOLS,60.9900016784668
2026-09-02,SOLV,91.9000015258789
2026-09-02,SPG,210.1999969482422
2026-09-02,SPGI,431.7099914550781
2026-09-02,SPM.MI,4.414000034332275
2026-09-02,SPX.L,6870.0
2026-09-02,SRE,83.79000091552734
2026-09-02,SRG.MI,5.659999847412109
2026-09-02,SSE.L,2359.0
2026-09-02,STAN.L,2204.0
2026-09-02,STE,230.3500061035156
2026-09-02,STJ.L,1144.0
2026-09-02,STLD,247.63999938964844
2026-09-02,STT,190.0399932861328
2026-09-02,STX,808.5399780273438
2026-09-02,STZ,129.35000610351562
2026-09-02,SVT.L,2986.0
2026-09-02,SW,45.36000061035156
2026-09-02,SWK,96.88999938964844
2026-09-02,SWKS,71.66999816894531
2026-09-02,SY1.DE,91.81999969482422
2026-09-02,SYF,78.38999938964844
2026-09-02,SYK,312.19000244140625
2026-09-02,SYY,81.76000213623047
2026-09-02,T,25.950000762939453
2026-09-02,TAP,40.540000915527344
2026-09-02,TDG,1153.75
2026-09-02,TDY,606.3599853515625
2026-09-02,TEAM,186.44000244140625
2026-09-02,TECH,72.30000305175781
2026-09-02,TEL,202.2100067138672
2026-09-02,TEN.MI,24.049999237060547
2026-09-02,TER,341.6199951171875
2026-09-02,TFC,50.810001373291016
2026-09-02,TGT,163.36000061035156
2026-09-02,TIT.MI,7.552000045776367
2026-09-02,TJX,131.30999755859375
2026-09-02,TKO,189.7899932861328
2026-09-02,TMO,608.5399780273438
2026-09-02,TMUS,187.3000030517578
2026-09-02,TPL,367.3200073242188
2026-09-02,TPR,123.13999938964844
2026-09-02,TRGP,293.4599914550781
2026-09-02,TRI,105.87000274658205
2026-09-02,TRMB,59.11000061035156
2026-09-02,TRN.MI,9.510000228881836
2026-09-02,TROW,109.37999725341795
2026-09-02,TRV,366.1799926757813
2026-09-02,TSCO,34.86000061035156
2026-09-02,TSCO.L,466.8999938964844
2026-09-02,TSLA,357.010009765625
2026-09-02,TSN,55.810001373291016
2026-09-02,TT,439.0199890136719
2026-09-02,TTD,14.550000190734863
2026-09-02,TTWO,216.13999938964844
2026-09-02,TXN,254.8000030517578
2026-09-02,TXT,79.23999786376953
2026-09-02,TYL,374.8800048828125
2026-09-02,UAL,108.3499984741211
2026-09-02,UBER,76.44999694824219
2026-09-02,UCG.MI,83.7699966430664
2026-09-02,UDR,36.59000015258789
2026-09-02,UHS,167.49000549316406
2026-09-02,ULTA,551.739990234375
2026-09-02,ULVR.L,4782.5
2026-09-02,UNH,399.6600036621094
2026-09-02,UNI.MI,28.01000022888184
2026-09-02,UNP,289.7300109863281
2026-09-02,UPS,103.01000213623048
2026-09-02,URI,979.8200073242188
2026-09-02,USB,62.77000045776367
2026-09-02,V,378.3999938964844
2026-09-02,VICI,25.61000061035156
2026-09-02,VLO,366.0899963378906
2026-09-02,VLTO,97.20999908447266
2026-09-02,VMC,263.92999267578125
2026-09-02,VNA.DE,18.71999931335449
2026-09-02,VOD.L,119.4000015258789
2026-09-02,VOW3.DE,73.69999694824219
2026-09-02,VRSK,188.1600036621093
2026-09-02,VRSN,289.9599914550781
2026-09-02,VRTX,556.75
2026-09-02,VST,143.4600067138672
2026-09-02,VTR,92.05999755859376
2026-09-02,VTRS,17.09000015258789
2026-09-02,VZ,50.220001220703125
2026-09-02,WAB,279.8099975585937
2026-09-02,WAT,412.2000122070313
2026-09-02,WBD,28.38999938964844
2026-09-02,WDAY,200.8699951171875
2026-09-02,WDC,448.8999938964844
2026-09-02,WEC,105.7300033569336
2026-09-02,WEIR.L,2656.0
2026-09-02,WELL,238.58999633789065
2026-09-02,WFC,89.2699966430664
2026-09-02,WM,219.0399932861328
2026-09-02,WMB,75.16000366210938
2026-09-02,WMT,106.08999633789062
2026-09-02,WPP.L,361.2999877929688
2026-09-02,WRB,68.12000274658203
2026-09-02,WSM,221.72000122070312
2026-09-02,WST,342.6300048828125
2026-09-02,WTB.L,2396.0
2026-09-02,WTW,337.7300109863281
2026-09-02,WY,23.190000534057617
2026-09-02,WYNN,91.5199966430664
2026-09-02,XEL,75.51000213623047
2026-09-02,XOM,164.14999389648438
2026-09-02,XYL,106.73999786376952
2026-09-02,XYZ,82.45999908447266
2026-09-02,YUM,151.27000427246094
2026-09-02,ZAL.DE,23.06999969482422
2026-09-02,ZBH,99.5
2026-09-02,ZBRA,351.1099853515625
2026-09-02,ZS,172.72999572753906
2026-09-02,ZTS,76.16999816894531
2026-09-03,000001.SZ,11.880000114440918
2026-09-03,000002.SZ,3.140000104904175
2026-09-03,000012.SZ,3.7100000381469727
2026-09-03,000019.SZ,6.989999771118164
2026-09-03,000025.SZ,15.579999923706056
2026-09-03,000028.SZ,20.049999237060547
2026-09-03,000029.SZ,22.190000534057617
2026-09-03,000030.SZ,4.059999942779541
2026-09-03,000035.SZ,4.769999980926514
2026-09-03,000048.SZ,23.059999465942383
2026-09-03,000049.SZ,23.040000915527344
2026-09-03,000058.SZ,6.96999979019165
2026-09-03,000059.SZ,5.840000152587891
2026-09-03,000061.SZ,6.179999828338623
2026-09-03,000063.SZ,33.29999923706055
2026-09-03,000065.SZ,9.699999809265137
2026-09-03,000088.SZ,4.539999961853027
2026-09-03,000089.SZ,6.579999923706055
2026-09-03,000090.SZ,3.4800000190734863
2026-09-03,000099.SZ,13.829999923706056
2026-09-03,0001.HK,68.9000015258789
2026-09-03,000100.SZ,4.880000114440918
2026-09-03,000156.SZ,6.889999866485596
2026-09-03,000157.SZ,6.590000152587891
2026-09-03,000166.SZ,4.539999961853027
2026-09-03,0002.HK,76.5999984741211
2026-09-03,000301.SZ,14.729999542236328
2026-09-03,000333.SZ,87.25
2026-09-03,000338.SZ,26.18000030517578
2026-09-03,000408.SZ,75.86000061035156
2026-09-03,000420.SZ,3.690000057220459
2026-09-03,000422.SZ,12.609999656677246
2026-09-03,000425.SZ,7.929999828338623
2026-09-03,000498.SZ,4.940000057220459
2026-09-03,000503.SZ,7.03000020980835
2026-09-03,000517.SZ,2.240000009536743
2026-09-03,000538.SZ,50.77000045776367
2026-09-03,000544.SZ,7.340000152587891
2026-09-03,000550.SZ,16.780000686645508
2026-09-03,000552.SZ,2.569999933242798
2026-09-03,000555.SZ,10.949999809265137
2026-09-03,000557.SZ,3.690000057220459
2026-09-03,000567.SZ,6.760000228881836
2026-09-03,000568.SZ,76.0
2026-09-03,000581.SZ,18.100000381469727
2026-09-03,000589.SZ,4.340000152587891
2026-09-03,000596.SZ,96.76000213623048
2026-09-03,000597.SZ,4.800000190734863
2026-09-03,000600.SZ,7.420000076293945
2026-09-03,000603.SZ,37.0
2026-09-03,000612.SZ,11.279999732971191
2026-09-03,000617.SZ,7.190000057220459
2026-09-03,000620.SZ,3.0199999809265137
2026-09-03,000625.SZ,7.059999942779541
2026-09-03,000628.SZ,54.0099983215332
2026-09-03,000630.SZ,6.480000019073486
2026-09-03,000650.SZ,5.369999885559082
2026-09-03,000651.SZ,38.7400016784668
2026-09-03,000657.SZ,60.02000045776367
2026-09-03,000661.SZ,74.08000183105469
2026-09-03,000672.SZ,14.619999885559082
2026-09-03,000676.SZ,6.960000038146973
2026-09-03,000680.SZ,10.43000030517578
2026-09-03,000681.SZ,16.729999542236328
2026-09-03,000682.SZ,11.1899995803833
2026-09-03,000685.SZ,11.4399995803833
2026-09-03,000686.SZ,8.109999656677246
2026-09-03,000688.SZ,28.89999961853028
2026-09-03,000690.SZ,4.909999847412109
2026-09-03,000708.SZ,13.460000038146973
2026-09-03,000712.SZ,12.630000114440918
2026-09-03,000718.SZ,1.9700000286102293
2026-09-03,000719.SZ,12.039999961853027
2026-09-03,000725.SZ,5.710000038146973
2026-09-03,000727.SZ,2.25
2026-09-03,000735.SZ,5.570000171661377
2026-09-03,000737.SZ,14.880000114440918
2026-09-03,000756.SZ,13.220000267028809
2026-09-03,000758.SZ,6.269999980926514
2026-09-03,000761.SZ,2.3299999237060547
2026-09-03,000762.SZ,22.68000030517578
2026-09-03,000766.SZ,16.389999389648438
2026-09-03,000767.SZ,3.369999885559082
2026-09-03,000768.SZ,23.040000915527344
2026-09-03,000776.SZ,22.14999961853028
2026-09-03,000786.SZ,16.559999465942383
2026-09-03,000791.SZ,7.230000019073486
2026-09-03,000792.SZ,27.06999969482422
2026-09-03,000795.SZ,8.600000381469727
2026-09-03,000800.SZ,6.070000171661377
2026-09-03,000801.SZ,12.649999618530272
2026-09-03,000807.SZ,27.3799991607666
2026-09-03,000810.SZ,9.850000381469728
2026-09-03,000811.SZ,39.02000045776367
2026-09-03,000813.SZ,3.609999895095825
2026-09-03,000821.SZ,7.28000020980835
2026-09-03,000828.SZ,10.020000457763672
2026-09-03,000829.SZ,9.130000114440918
2026-09-03,000837.SZ,10.0600004196167
2026-09-03,000848.SZ,8.399999618530273
2026-09-03,000858.SZ,70.68000030517578
2026-09-03,000860.SZ,10.470000267028809
2026-09-03,000875.SZ,4.849999904632568
2026-09-03,000876.SZ,7.0
2026-09-03,000881.SZ,6.679999828338623
2026-09-03,000885.SZ,12.109999656677246
2026-09-03,000895.SZ,23.670000076293945
2026-09-03,000899.SZ,9.399999618530272
2026-09-03,000901.SZ,14.170000076293944
2026-09-03,000902.SZ,14.220000267028809
2026-09-03,000913.SZ,11.18000030517578
2026-09-03,000915.SZ,25.1200008392334
2026-09-03,000917.SZ,7.130000114440918
2026-09-03,000923.SZ,16.299999237060547
2026-09-03,000927.SZ,2.490000009536743
2026-09-03,000928.SZ,5.460000038146973
2026-09-03,000930.SZ,4.949999809265137
2026-09-03,000935.SZ,22.280000686645508
2026-09-03,000938.SZ,38.130001068115234
2026-09-03,000950.SZ,5.320000171661377
2026-09-03,000963.SZ,27.459999084472656
2026-09-03,000966.SZ,4.010000228881836
2026-09-03,000968.SZ,7.230000019073486
2026-09-03,000969.SZ,17.3700008392334
2026-09-03,000970.SZ,11.899999618530272
2026-09-03,000975.SZ,26.63999938964844
2026-09-03,000977.SZ,86.3499984741211
2026-09-03,000983.SZ,6.909999847412109
2026-09-03,000990.SZ,6.619999885559082
2026-09-03,000999.SZ,24.81999969482422
2026-09-03,0012.HK,26.100000381469727
2026-09-03,001203.SZ,26.38999938964844
2026-09-03,001289.SZ,15.029999732971191
2026-09-03,001391.SZ,4.050000190734863
2026-09-03,0016.HK,115.3000030517578
2026-09-03,001965.SZ,9.859999656677246
2026-09-03,001979.SZ,6.829999923706055
2026-09-03,002001.SZ,26.71999931335449
2026-09-03,002027.SZ,4.769999980926514
2026-09-03,002028.SZ,143.97999572753906
2026-09-03,002049.SZ,62.7599983215332
2026-09-03,002050.SZ,36.29999923706055
2026-09-03,002074.SZ,26.13999938964844
2026-09-03,002129.SZ,9.270000457763672
2026-09-03,002142.SZ,34.400001525878906
2026-09-03,002179.SZ,34.63999938964844
2026-09-03,002180.SZ,16.8799991607666
2026-09-03,002230.SZ,39.20000076293945
2026-09-03,002236.SZ,16.290000915527344
2026-09-03,002241.SZ,23.780000686645508
2026-09-03,002252.SZ,4.920000076293945
2026-09-03,002304.SZ,38.75
2026-09-03,002311.SZ,44.09000015258789
2026-09-03,002352.SZ,32.04999923706055
2026-09-03,002371.SZ,655.8400268554688
2026-09-03,002415.SZ,34.97999954223633
2026-09-03,002422.SZ,41.81999969482422
2026-09-03,002459.SZ,6.710000038146973
2026-09-03,002460.SZ,50.52000045776367
2026-09-03,002463.SZ,116.41999816894533
2026-09-03,002466.SZ,46.91999816894531
2026-09-03,002475.SZ,56.16999816894531
2026-09-03,002493.SZ,14.640000343322754
2026-09-03,002594.SZ,87.30999755859375
2026-09-03,002600.SZ,12.899999618530272
2026-09-03,002601.SZ,15.8100004196167
2026-09-03,002648.SZ,27.64999961853028
2026-09-03,0027.HK,33.439998626708984
2026-09-03,002709.SZ,34.599998474121094
2026-09-03,002714.SZ,42.08000183105469
2026-09-03,002736.SZ,10.220000267028809
2026-09-03,002916.SZ,341.5400085449219
2026-09-03,002920.SZ,90.31999969482422
2026-09-03,002938.SZ,84.52999877929688
2026-09-03,003816.SZ,4.400000095367432
2026-09-03,0101.HK,7.085000038146973
2026-09-03,0175.HK,17.219999313354492
2026-09-03,0241.HK,3.039999961853028
2026-09-03,0267.HK,13.270000457763672
2026-09-03,0285.HK,25.0
2026-09-03,0288.HK,7.315000057220459
2026-09-03,0291.HK,18.68000030517578
2026-09-03,0300.HK,100.5
2026-09-03,0316.HK,153.39999389648438
2026-09-03,0322.HK,12.640000343322754
2026-09-03,1024.HK,32.7599983215332
2026-09-03,1038.HK,65.0
2026-09-03,1044.HK,20.771299362182617
2026-09-03,1088.HK,44.77999877929688
2026-09-03,1093.HK,9.609999656677246
2026-09-03,1099.HK,15.460000038146973
2026-09-03,1109.HK,30.459999084472656
2026-09-03,1113.HK,46.36000061035156
2026-09-03,1177.HK,5.590000152587891
2026-09-03,1209.HK,40.43999862670898
2026-09-03,1211.HK,85.69999694824219
2026-09-03,1299.HK,76.76100158691406
2026-09-03,1378.HK,23.26000022888184
2026-09-03,1398.HK,7.545000076293945
2026-09-03,1810.HK,27.440000534057617
2026-09-03,1876.HK,5.675000190734863
2026-09-03,1928.HK,14.100000381469728
2026-09-03,1929.HK,12.039999961853027
2026-09-03,1997.HK,30.68000030517578
2026-09-03,2015.HK,46.380001068115234
2026-09-03,2020.HK,75.8499984741211
2026-09-03,2057.HK,161.5
2026-09-03,2269.HK,50.70000076293945
2026-09-03,2313.HK,36.47999954223633
2026-09-03,2318.HK,56.95000076293945
2026-09-03,2319.HK,17.75
2026-09-03,2331.HK,13.239999771118164
2026-09-03,2359.HK,192.1999969482422
2026-09-03,2382.HK,70.5999984741211
2026-09-03,2388.HK,52.09999847412109
2026-09-03,2618.HK,11.0
2026-09-03,2628.HK,29.920000076293945
2026-09-03,2688.HK,49.34000015258789
2026-09-03,2899.HK,36.34000015258789
2026-09-03,300014.SZ,51.150001525878906
2026-09-03,300015.SZ,8.270000457763672
2026-09-03,300033.SZ,219.5
2026-09-03,300059.SZ,19.01000022888184
2026-09-03,300122.SZ,13.729999542236328
2026-09-03,300124.SZ,60.150001525878906
2026-09-03,300274.SZ,87.08000183105469
2026-09-03,300308.SZ,813.0
2026-09-03,300316.SZ,42.650001525878906
2026-09-03,300347.SZ,50.61000061035156
2026-09-03,300394.SZ,248.8099975585937
2026-09-03,300408.SZ,110.91000366210938
2026-09-03,300413.SZ,20.14999961853028
2026-09-03,300418.SZ,44.2599983215332
2026-09-03,300433.SZ,35.869998931884766
2026-09-03,300442.SZ,64.41000366210938
2026-09-03,300498.SZ,14.470000267028809
2026-09-03,300502.SZ,384.760009765625
2026-09-03,300628.SZ,41.81999969482422
2026-09-03,300661.SZ,109.76000213623048
2026-09-03,300750.SZ,349.5
2026-09-03,300759.SZ,43.0
2026-09-03,300760.SZ,167.6699981689453
2026-09-03,300782.SZ,72.88999938964844
2026-09-03,300832.SZ,50.31999969482422
2026-09-03,300896.SZ,91.25
2026-09-03,300979.SZ,32.5
2026-09-03,300999.SZ,26.01000022888184
2026-09-03,301236.SZ,37.59999847412109
2026-09-03,301269.SZ,92.47000122070312
2026-09-03,302132.SZ,72.18000030517578
2026-09-03,600000.SS,9.270000457763672
2026-09-03,600009.SS,23.64999961853028
2026-09-03,600010.SS,2.220000028610229
2026-09-03,600011.SS,6.869999885559082
2026-09-03,600015.SS,6.269999980926514
2026-09-03,600016.SS,3.5899999141693115
2026-09-03,600018.SS,5.519999980926514
2026-09-03,600019.SS,5.840000152587891
2026-09-03,600023.SS,4.929999828338623
2026-09-03,600025.SS,9.81999969482422
2026-09-03,600026.SS,20.32999992370605
2026-09-03,600027.SS,4.789999961853027
2026-09-03,600028.SS,5.449999809265137
2026-09-03,600029.SS,4.989999771118164
2026-09-03,600030.SS,27.86000061035156
2026-09-03,600031.SS,19.940000534057617
2026-09-03,600036.SS,41.06999969482422
2026-09-03,600039.SS,9.270000457763672
2026-09-03,600048.SS,5.090000152587891
2026-09-03,600050.SS,4.260000228881836
2026-09-03,600061.SS,6.46999979019165
2026-09-03,600066.SS,28.39999961853028
2026-09-03,600085.SS,23.86000061035156
2026-09-03,600089.SS,18.82999992370605
2026-09-03,600104.SS,10.34000015258789
2026-09-03,600111.SS,39.02000045776367
2026-09-03,600115.SS,3.430000066757202
2026-09-03,600150.SS,34.31999969482422
2026-09-03,600160.SS,38.54999923706055
2026-09-03,600161.SS,12.1899995803833
2026-09-03,600176.SS,42.630001068115234
2026-09-03,600183.SS,143.19000244140625
2026-09-03,600188.SS,21.75
2026-09-03,600196.SS,22.280000686645508
2026-09-03,600219.SS,4.929999828338623
2026-09-03,600233.SS,17.010000228881836
2026-09-03,600276.SS,45.959999084472656
2026-09-03,600309.SS,77.37999725341797
2026-09-03,600332.SS,20.190000534057617
2026-09-03,600346.SS,19.15999984741211
2026-09-03,600362.SS,46.880001068115234
2026-09-03,600372.SS,11.34000015258789
2026-09-03,600377.SS,12.529999732971191
2026-09-03,600406.SS,22.59000015258789
2026-09-03,600415.SS,12.850000381469728
2026-09-03,600426.SS,20.68000030517578
2026-09-03,600436.SS,122.45999908447266
2026-09-03,600438.SS,11.279999732971191
2026-09-03,600460.SS,31.229999542236328
2026-09-03,600482.SS,32.68000030517578
2026-09-03,600489.SS,25.690000534057617
2026-09-03,600515.SS,2.740000009536743
2026-09-03,A,149.97999572753906
2026-09-03,A2A.MI,2.2669999599456787
2026-09-03,AAF.L,349.0
2026-09-03,AAL.L,4175.0
2026-09-03,AAPL,328.2099914550781
2026-09-03,ABBV,260.2099914550781
2026-09-03,ABF.L,2040.0
2026-09-03,ABNB,185.25
2026-09-03,ABT,108.79000091552734
2026-09-03,ACGL,99.83000183105467
2026-09-03,ACN,193.1199951171875
2026-09-03,ADBE,285.75
2026-09-03,ADI,356.5
2026-09-03,ADM,84.37999725341797
2026-09-03,ADM.L,3836.0
2026-09-03,ADP,283.5299987792969
2026-09-03,ADS.DE,148.6999969482422
2026-09-03,ADSK,237.5200042724609
2026-09-03,AEE,106.41000366210938
2026-09-03,AEP,124.70999908447266
2026-09-03,AES,14.779999732971191
2026-09-03,AFL,118.36000061035156
2026-09-03,AIG,76.86000061035156
2026-09-03,AIR.DE,197.0200042724609
2026-09-03,AIZ,287.7099914550781
2026-09-03,AJG,266.6600036621094
2026-09-03,AKAM,106.5
2026-09-03,ALB,132.16000366210938
2026-09-03,ALGN,159.85499572753906
2026-09-03,ALL,263.1099853515625
2026-09-03,ALLE,155.55999755859375
2026-09-03,ALV.DE,453.2999877929688
2026-09-03,ALW.L,1368.0
2026-09-03,AMAT,435.9100036621094
2026-09-03,AMCR,45.88999938964844
2026-09-03,AMD,456.1600036621094
2026-09-03,AME,234.1999969482422
2026-09-03,AMGN,444.1199951171875
2026-09-03,AMP,565.0800170898438
2026-09-03,AMP.MI,11.9350004196167
2026-09-03,AMT,177.75
2026-09-03,AMZN,258.8999938964844
2026-09-03,ANET,191.44000244140625
2026-09-03,ANTO.L,3935.0
2026-09-03,AON,327.0
2026-09-03,AOS,60.52999877929688
2026-09-03,APA,44.18000030517578
2026-09-03,APD,304.2200012207031
2026-09-03,APH,82.06999969482422
2026-09-03,APO,134.49000549316406
2026-09-03,APP,313.5799865722656
2026-09-03,APTV,46.52999877929688
2026-09-03,ARE,52.68999862670898
2026-09-03,ARM,242.58999633789065
2026-09-03,ASML,1646.18994140625
2026-09-03,ATO,169.1199951171875
2026-09-03,AUTO.L,512.2000122070312
2026-09-03,AVGO,357.1600036621094
2026-09-03,AVY,173.02999877929688
2026-09-03,AWK,140.88999938964844
2026-09-03,AXON,538.1500244140625
2026-09-03,AXP,329.82000732421875
2026-09-03,AZM.MI,38.95000076293945
2026-09-03,AZN,164.77000427246094
2026-09-03,AZN.L,12146.0
2026-09-03,AZO,2968.0400390625
2026-09-03,BA,210.509994506836
2026-09-03,BAB.L,993.0
2026-09-03,BAC,63.040000915527344
2026-09-03,BALL,62.93000030517578
2026-09-03,BAMI.MI,16.295000076293945
2026-09-03,BARC.L,493.3999938964844
2026-09-03,BAS.DE,53.5099983215332
2026-09-03,BATS.L,4154.0
2026-09-03,BAX,25.56999969482422
2026-09-03,BAYN.DE,49.34000015258789
2026-09-03,BBY,87.48999786376953
2026-09-03,BDX,187.6199951171875
2026-09-03,BEI.DE,76.41999816894531
2026-09-03,BEN,33.54999923706055
2026-09-03,BEZ.L,1300.5
2026-09-03,BFF.MI,3.0460000038146973
2026-09-03,BG,120.12000274658205
2026-09-03,BIIB,224.509994506836
2026-09-03,BKG.L,3440.0
2026-09-03,BKNG,195.1300048828125
2026-09-03,BKR,63.63999938964844
2026-09-03,BLDR,64.18000030517578
2026-09-03,BLK,1126.1500244140625
2026-09-03,BMED.MI,23.809999465942383
2026-09-03,BMPS.MI,11.576000213623049
2026-09-03,BMW.DE,61.7599983215332
2026-09-03,BMY,68.08999633789062
2026-09-03,BNR.DE,61.18000030517578
2026-09-03,BNZL.L,2672.0
2026-09-03,BPE.MI,14.29599952697754
2026-09-03,BR,178.91000366210938
2026-09-03,BRBY.L,1097.0
2026-09-03,BRO,72.55999755859375
2026-09-03,BSX,46.95000076293945
2026-09-03,BTRW.L,306.20001220703125
2026-09-03,BX,137.67999267578125
2026-09-03,BXP,68.2300033569336
2026-09-03,BZU.MI,40.09000015258789
2026-09-03,C,138.13999938964844
2026-09-03,CAG,15.619999885559082
2026-09-03,CAH,248.6100006103516
2026-09-03,CARR,59.08000183105469
2026-09-03,CAT,800.1400146484375
2026-09-03,CB,348.25
2026-09-03,CBK.DE,41.59999847412109
2026-09-03,CBOE,298.5
2026-09-03,CBRE,148.74000549316406
2026-09-03,CCEP,109.1500015258789
2026-09-03,CCEP.L,8055.0
2026-09-03,CCH.L,4572.0
2026-09-03,CCI,77.26000213623047
2026-09-03,CCL,23.479999542236328
2026-09-03,CDNS,304.875
2026-09-03,CDW,153.9199981689453
2026-09-03,CEG,285.04998779296875
2026-09-03,CF,137.80999755859375
2026-09-03,CFG,70.83000183105469
2026-09-03,CHD,98.58999633789062
2026-09-03,CHRW,146.68499755859375
2026-09-03,CHTR,151.3800048828125
2026-09-03,CI,286.260009765625
2026-09-03,CINF,174.72000122070312
2026-09-03,CL,90.08999633789062
2026-09-03,CLX,94.29000091552734
2026-09-03,CMCSA,26.64999961853028
2026-09-03,CME,282.04998779296875
2026-09-03,CMG,37.56999969482422
2026-09-03,CMI,545.5
2026-09-03,CMS,68.58999633789062
2026-09-03,CNA.L,148.3000030517578
2026-09-03,CNC,68.0199966430664
2026-09-03,CNP,39.97999954223633
2026-09-03,COF,220.5
2026-09-03,COIN,192.6999969482422
2026-09-03,CON.DE,70.22000122070312
2026-09-03,COO,70.63999938964844
2026-09-03,COP,135.72000122070312
2026-09-03,COR,337.2200012207031
2026-09-03,COST,925.4099731445312
2026-09-03,CPAY,419.6799926757813
2026-09-03,CPB,22.125
2026-09-03,CPG.L,30.86000061035156
2026-09-03,CPR.MI,5.699999809265137
2026-09-03,CPRT,33.58000183105469
2026-09-03,CPT,105.5999984741211
2026-09-03,CRDA.L,3332.0
2026-09-03,CRL,293.3500061035156
2026-09-03,CRM,264.42999267578125
2026-09-03,CRWD,214.97000122070312
2026-09-03,CSCO,108.61000061035156
2026-09-03,CSGP,31.68000030517578
2026-09-03,CSX,48.9900016784668
2026-09-03,CTAS,201.0500030517578
2026-09-03,CTEC.L,227.3999938964844
2026-09-03,CTSH,64.63999938964844
2026-09-03,CTVA,88.62000274658203
2026-09-03,CVS,97.1999969482422
2026-09-03,CVX,211.32000732421875
2026-09-03,D,66.79000091552734
2026-09-03,DAL,78.75
2026-09-03,DASH,222.0
2026-09-03,DB1.DE,283.8999938964844
2026-09-03,DBK.DE,35.54999923706055
2026-09-03,DCC.L,6335.0
2026-09-03,DD,131.1300048828125
2026-09-03,DDOG,214.759994506836
2026-09-03,DE,694.4099731445312
2026-09-03,DECK,84.5
2026-09-03,DELL,516.3900146484375
2026-09-03,DG,131.25999450683594
2026-09-03,DGE.L,1666.5
2026-09-03,DGX,239.3999938964844
2026-09-03,DHI,144.41000366210938
2026-09-03,DHL.DE,55.20000076293945
2026-09-03,DHR,211.02999877929688
2026-09-03,DIA.MI,76.76000213623047
2026-09-03,DIS,107.16000366210938
2026-09-03,DLR,187.7899932861328
2026-09-03,DLTR,131.0399932861328
2026-09-03,DOC,21.030000686645508
2026-09-03,DOV,191.07000732421875
2026-09-03,DOW,30.36000061035156
2026-09-03,DPLM.L,7160.0
2026-09-03,DPZ,347.0299987792969
2026-09-03,DRI,218.0399932861328
2026-09-03,DTE,137.07000732421875
2026-09-03,DTE.DE,28.75
2026-09-03,DTG.DE,45.630001068115234
2026-09-03,DUK,121.4000015258789
2026-09-03,DVA,181.6600036621093
2026-09-03,DVN,48.790000915527344
2026-09-03,DXCM,89.70999908447266
2026-09-03,EBAY,105.86000061035156
2026-09-03,ECL,278.9700012207031
2026-09-03,ED,108.75
2026-09-03,EDV.L,4732.0
2026-09-03,EFX,189.08999633789065
2026-09-03,EG,386.25
2026-09-03,EIX,56.29999923706055
2026-09-03,EL,100.86000061035156
2026-09-03,ELV,414.7799987792969
2026-09-03,EME,741.3200073242188
2026-09-03,EMR,150.2100067138672
2026-09-03,ENEL.MI,9.020000457763672
2026-09-03,ENI.MI,23.86000061035156
2026-09-03,ENR.DE,145.39999389648438
2026-09-03,ENT.L,525.7999877929688
2026-09-03,EOAN.DE,17.454999923706055
2026-09-03,EOG,145.9600067138672
2026-09-03,EPAM,119.87999725341795
2026-09-03,EQIX,1040.8299560546875
2026-09-03,EQT,55.61000061035156
2026-09-03,ERG.MI,21.979999542236328
2026-09-03,ERIE,258.3699951171875
2026-09-03,ES,71.47000122070312
2026-09-03,ESS,278.6499938964844
2026-09-03,ETN,397.1199951171875
2026-09-03,ETR,107.77999877929688
2026-09-03,EVRG,81.93000030517578
2026-09-03,EW,89.77999877929688
2026-09-03,EXC,44.52999877929688
2026-09-03,EXE,99.0500030517578
2026-09-03,EXPD,187.1300048828125
2026-09-03,EXPE,303.1400146484375
2026-09-03,EXPN.L,2943.0
2026-09-03,EXR,140.97999572753906
2026-09-03,EZJ.L,672.4000244140625
2026-09-03,F,14.40999984741211
2026-09-03,FANG,202.94000244140625
2026-09-03,FAST,49.22999954223633
2026-09-03,FCIT.L,343.79998779296875
2026-09-03,FCX,72.55999755859375
2026-09-03,FDS,312.9599914550781
2026-09-03,FDX,324.3099975585937
2026-09-03,FE,47.040000915527344
2026-09-03,FFIV,392.1499938964844
2026-09-03,FICO,1118.9300537109375
2026-09-03,FIS,42.27999877929688
2026-09-03,FISV,52.72999954223633
2026-09-03,FITB,54.970001220703125
2026-09-03,FME.DE,38.59999847412109
2026-09-03,FOX,60.470001220703125
2026-09-03,FOXA,67.70999908447266
2026-09-03,FRE.DE,44.22499847412109
2026-09-03,FRES.L,3162.0
2026-09-03,FRT,117.16000366210938
2026-09-03,FSLR,207.4199981689453
2026-09-03,FTNT,156.36000061035156
2026-09-03,FTV,57.56999969482422
2026-09-03,G.MI,44.720001220703125
2026-09-03,G1A.DE,64.0999984741211
2026-09-03,G24.DE,77.75
2026-09-03,GAW.L,18260.0
2026-09-03,GD,365.8699951171875
2026-09-03,GDDY,103.62999725341795
2026-09-03,GE,333.4800109863281
2026-09-03,GEHC,69.72000122070312
2026-09-03,GEN,31.32999992370605
2026-09-03,GEV,941.8400268554688
2026-09-03,GFS,44.52999877929688
2026-09-03,GILD,151.22000122070312
2026-09-03,GIS,39.2599983215332
2026-09-03,GL,176.52000427246094
2026-09-03,GLEN.L,605.7999877929688
2026-09-03,GLW,146.0
2026-09-03,GM,87.22000122070312
2026-09-03,GNRC,183.0200042724609
2026-09-03,GOOG,339.0799865722656
2026-09-03,GOOGL,342.4800109863281
2026-09-03,GPC,137.6199951171875
2026-09-03,GPN,91.7699966430664
2026-09-03,GRMN,277.17999267578125
2026-09-03,GS,1037.9300537109375
2026-09-03,GSK.L,1866.5
2026-09-03,GWW,1312.8399658203125
2026-09-03,HAL,37.290000915527344
2026-09-03,HAS,93.0
2026-09-03,HBAN,17.059999465942383
2026-09-03,HCA,409.2000122070313
2026-09-03,HD,318.07000732421875
2026-09-03,HEI.DE,163.60000610351562
2026-09-03,HEN3.DE,75.4800033569336
2026-09-03,HER.MI,3.6679999828338623
2026-09-03,HIG,140.0
2026-09-03,HII,290.7300109863281
2026-09-03,HIK.L,1605.0
2026-09-03,HLMA.L,3592.0
2026-09-03,HLN.L,357.6000061035156
2026-09-03,HLT,314.3500061035156
2026-09-03,HNR1.DE,263.3999938964844
2026-09-03,HON,207.6300048828125
2026-09-03,HOOD,124.72000122070312
2026-09-03,HPE,54.43999862670898
2026-09-03,HPQ,31.93000030517578
2026-09-03,HRL,21.68000030517578
2026-09-03,HSBA.L,1563.5999755859375
2026-09-03,HSIC,90.86000061035156
2026-09-03,HST,21.989999771118164
2026-09-03,HSX.L,1883.0
2026-09-03,HSY,175.05999755859375
2026-09-03,HUBB,460.1499938964844
2026-09-03,HUM,406.5199890136719
2026-09-03,HWDN.L,773.0
2026-09-03,HWM,260.489990234375
2026-09-03,IAG.L,426.7000122070313
2026-09-03,IBKR,92.9499969482422
2026-09-03,IBM,234.7100067138672
2026-09-03,ICE,164.58999633789062
2026-09-03,ICG.L,1939.0
2026-09-03,IDXX,529.2899780273438
2026-09-03,IEX,223.1000061035156
2026-09-03,IFF,86.45999908447266
2026-09-03,IFX.DE,55.52999877929688
2026-09-03,IG.MI,8.381999969482422
2026-09-03,IHG.L,159.0
2026-09-03,III.L,2826.0
2026-09-03,IMB.L,2518.0
2026-09-03,IMI.L,3030.0
2026-09-03,INCY,128.0
2026-09-03,INF.L,912.7999877929688
2026-09-03,INTC,91.66999816894533
2026-09-03,INTU,344.29998779296875
2026-09-03,INVH,28.450000762939453
2026-09-03,INW.MI,6.215000152587891
2026-09-03,IP,36.43999862670898
2026-09-03,IP.MI,36.68000030517578
2026-09-03,IQV,271.6199951171875
2026-09-03,IR,75.4000015258789
2026-09-03,IRM,114.9800033569336
2026-09-03,ISP.MI,6.73799991607666
2026-09-03,ISRG,369.8299865722656
2026-09-03,IT,195.4600067138672
2026-09-03,ITRK.L,5845.0
2026-09-03,ITW,271.6499938964844
2026-09-03,IVZ,32.709999084472656
2026-09-03,J,147.5399932861328
2026-09-03,JBHT,266.2799987792969
2026-09-03,JBL,305.9200134277344
2026-09-03,JCI,142.22999572753906
2026-09-03,JKHY,168.3699951171875
2026-09-03,JNJ,278.42999267578125
2026-09-03,JPM,362.05999755859375
2026-09-03,KDP,32.880001068115234
2026-09-03,KEY,22.1200008392334
2026-09-03,KEYS,322.6199951171875
2026-09-03,KGF.L,297.6000061035156
2026-09-03,KHC,25.420000076293945
2026-09-03,KIM,23.920000076293945
2026-09-03,KKR,109.76000213623048
2026-09-03,KLAC,172.94000244140625
2026-09-03,KMB,107.9499969482422
2026-09-03,KMI,31.600000381469727
2026-09-03,KO,88.80999755859375
2026-09-03,KR,58.5099983215332
2026-09-03,KVUE,18.950000762939453
2026-09-03,L,110.04000091552734
2026-09-03,LAND.L,659.0
2026-09-03,LDO.MI,50.63999938964844
2026-09-03,LDOS,132.36000061035156
2026-09-03,LEN,84.44999694824219
2026-09-03,LGEN.L,292.3999938964844
2026-09-03,LH,331.5
2026-09-03,LHX,262.1400146484375
2026-09-03,LII,386.0799865722656
2026-09-03,LIN,482.1900024414063
2026-09-03,LKQ,25.25
2026-09-03,LLOY.L,112.4499969482422
2026-09-03,LLY,1159.5999755859375
2026-09-03,LMP.L,184.1999969482422
2026-09-03,LMT,532.9500122070312
2026-09-03,LNT,68.0
2026-09-03,LOW,201.8999938964844
2026-09-03,LRCX,292.6600036621094
2026-09-03,LSEG.L,8898.0
2026-09-03,LULU,121.7699966430664
2026-09-03,LUV,38.72999954223633
2026-09-03,LVS,44.5099983215332
2026-09-03,LW,50.43999862670898
2026-09-03,LYB,64.76000213623047
2026-09-03,LYV,177.49000549316406
2026-09-03,MA,585.7100219726562
2026-09-03,MAA,128.55999755859375
2026-09-03,MAR,336.07000732421875
2026-09-03,MAS,71.41999816894531
2026-09-03,MB.MI,28.100000381469727
2026-09-03,MBG.DE,47.1349983215332
2026-09-03,MCD,259.6300048828125
2026-09-03,MCHP,73.11000061035156
2026-09-03,MCK,921.3800048828124
2026-09-03,MCO,504.2999877929688
2026-09-03,MDLZ,61.45000076293945
2026-09-03,MDT,93.0999984741211
2026-09-03,MELI,1991.06005859375
2026-09-03,MET,99.2300033569336
2026-09-03,META,610.6799926757812
2026-09-03,MGM,41.130001068115234
2026-09-03,MHK,131.6999969482422
2026-09-03,MKC,52.58000183105469
2026-09-03,MKS.L,386.5
2026-09-03,MLM,508.9400024414063
2026-09-03,MMM,168.30999755859375
2026-09-03,MNDI.L,845.5999755859375
2026-09-03,MNG.L,351.20001220703125
2026-09-03,MNST,44.08000183105469
2026-09-03,MO,69.48999786376953
2026-09-03,MOH,202.9100036621093
2026-09-03,MONC.MI,46.16999816894531
2026-09-03,MOS,25.489999771118164
2026-09-03,MPC,387.7099914550781
2026-09-03,MPWR,1213.6500244140625
2026-09-03,MRK,152.33999633789062
2026-09-03,MRK.DE,137.85000610351562
2026-09-03,MRNA,148.8699951171875
2026-09-03,MRO.L,497.2999877929688
2026-09-03,MRVL,208.8300018310547
2026-09-03,MS,217.1499938964844
2026-09-03,MSCI,574.6500244140625
2026-09-03,MSFT,510.1199951171875
2026-09-03,MSI,472.2300109863281
2026-09-03,MSTR,144.82000732421875
2026-09-03,MTB,240.0599975585937
2026-09-03,MTCH,42.43000030517578
2026-09-03,MTD,1356.22998046875
2026-09-03,MTLN.L,48.43999862670898
2026-09-03,MTX.DE,344.5
2026-09-03,MU,958.1599731445312
2026-09-03,MUV2.DE,528.0
2026-09-03,NCLH,15.59000015258789
2026-09-03,NDAQ,98.70999908447266
2026-09-03,NDSN,317.489990234375
2026-09-03,NEE,84.05999755859375
2026-09-03,NEM,130.42999267578125
2026-09-03,NEXI.MI,4.248000144958496
2026-09-03,NFLX,82.66999816894531
2026-09-03,NI,41.65999984741211
2026-09-03,NKE,38.77000045776367
2026-09-03,NOC,528.239990234375
2026-09-03,NOW,145.58999633789062
2026-09-03,NRG,111.83999633789062
2026-09-03,NSC,327.8299865722656
2026-09-03,NTAP,185.3800048828125
2026-09-03,NTRS,187.44500732421875
2026-09-03,NUE,262.4700012207031
2026-09-03,NVDA,228.4499969482422
2026-09-03,NVR,6373.9501953125
2026-09-03,NWG.L,697.4000244140625
2026-09-03,NWS,34.720001220703125
2026-09-03,NWSA,30.94499969482422
2026-09-03,NXPI,224.9900054931641
2026-09-03,NXT.L,15205.0
2026-09-03,O,61.7400016784668
2026-09-03,ODFL,185.75
2026-09-03,OKE,95.75
2026-09-03,OMC,84.7300033569336
2026-09-03,ON,73.6500015258789
2026-09-03,ORCL,154.0399932861328
2026-09-03,ORLY,87.37999725341797
2026-09-03,OTIS,71.4800033569336
2026-09-03,OXY,60.61000061035156
2026-09-03,PAH3.DE,28.0
2026-09-03,PANW,331.94000244140625
2026-09-03,PAYC,240.5200042724609
2026-09-03,PAYX,125.08000183105467
2026-09-03,PCAR,124.51000213623048
2026-09-03,PCG,13.960000038146973
2026-09-03,PCT.L,638.5
2026-09-03,PDD,81.62999725341797
2026-09-03,PEG,73.80999755859375
2026-09-03,PEP,140.02000427246094
2026-09-03,PFE,28.809999465942383
2026-09-03,PFG,118.51000213623048
2026-09-03,PG,146.9199981689453
2026-09-03,PGR,223.8699951171875
2026-09-03,PH,964.52001953125
2026-09-03,PHM,124.30999755859376
2026-09-03,PKG,234.57000732421875
2026-09-03,PLD,138.35000610351562
2026-09-03,PLTR,182.52999877929688
2026-09-03,PM,186.1699981689453
2026-09-03,PNC,245.17999267578125
2026-09-03,PNR,60.02000045776367
2026-09-03,PNW,98.0
2026-09-03,PODD,150.5800018310547
2026-09-03,POOL,184.07000732421875
2026-09-03,PPG,110.75
2026-09-03,PPL,35.11000061035156
2026-09-03,PRU,123.1999969482422
2026-09-03,PRU.L,1038.5
2026-09-03,PRY.MI,119.8000030517578
2026-09-03,PSA,305.7300109863281
2026-09-03,PSH.L,3904.0
2026-09-03,PSKY,11.039999961853027
2026-09-03,PSN.L,1146.5
2026-09-03,PSON.L,1183.0
2026-09-03,PST.MI,26.979999542236328
2026-09-03,PSX,254.6600036621093
2026-09-03,PTC,150.0800018310547
2026-09-03,PWR,620.0599975585938
2026-09-03,PYPL,56.81999969482422
2026-09-03,Q,118.47000122070312
2026-09-03,QCOM,168.57000732421875
2026-09-03,QIA.DE,37.470001220703125
2026-09-03,RACE.MI,357.70001220703125
2026-09-03,RCL,265.54998779296875
2026-09-03,REC.MI,52.25
2026-09-03,REG,75.91999816894531
2026-09-03,REGN,843.469970703125
2026-09-03,REL.L,2675.0
2026-09-03,RF,30.440000534057617
2026-09-03,RHM.DE,1070.199951171875
2026-09-03,RIO.L,7611.0
2026-09-03,RJF,181.1000061035156
2026-09-03,RKT.L,5080.0
2026-09-03,RL,344.20001220703125
2026-09-03,RMD,229.19000244140625
2026-09-03,RMV.L,502.7999877929688
2026-09-03,ROK,428.2799987792969
2026-09-03,ROL,35.709999084472656
2026-09-03,ROP,422.3500061035156
2026-09-03,ROST,231.6699981689453
2026-09-03,RSG,225.1199951171875
2026-09-03,RTO.L,351.1000061035156
2026-09-03,RTX,202.1300048828125
2026-09-03,RVTY,130.6300048828125
2026-09-03,RWE.DE,57.97999954223633
2026-09-03,SAP.DE,185.5800018310547
2026-09-03,SBAC,191.5200042724609
2026-09-03,SBRY.L,336.5
2026-09-03,SBUX,105.81999969482422
2026-09-03,SCHW,110.37999725341795
2026-09-03,SDR.L,585.0
2026-09-03,SFER.MI,9.09000015258789
2026-09-03,SGE.L,1070.0
2026-09-03,SGRO.L,944.2000122070312
2026-09-03,SHEL.L,3431.5
2026-09-03,SHL.DE,38.810001373291016
2026-09-03,SHOP,145.8800048828125
2026-09-03,SHW,332.260009765625
2026-09-03,SIE.DE,270.6000061035156
2026-09-03,SJM,128.50999450683594
2026-09-03,SLB,57.40999984741211
2026-09-03,SMCI,37.869998931884766
2026-09-03,SMIN.L,2542.0
2026-09-03,SMT.L,1500.0
2026-09-03,SNA,384.1900024414063
2026-09-03,SNDK,1554.989990234375
2026-09-03,SNPS,416.30999755859375
2026-09-03,SO,88.7699966430664
2026-09-03,SOLS,61.369998931884766
2026-09-03,SOLV,92.44000244140624
2026-09-03,SPG,211.5200042724609
2026-09-03,SPGI,450.5799865722656
2026-09-03,SPM.MI,4.4070000648498535
2026-09-03,SPX.L,6860.0
2026-09-03,SRE,84.56999969482422
2026-09-03,SRG.MI,5.599999904632568
2026-09-03,SSE.L,2375.0
2026-09-03,STAN.L,2230.0
2026-09-03,STE,226.8300018310547
2026-09-03,STJ.L,1160.5
2026-09-03,STLD,246.02999877929688
2026-09-03,STT,193.94000244140625
2026-09-03,STX,798.6099853515625
2026-09-03,STZ,129.08999633789062
2026-09-03,SVT.L,2988.0
2026-09-03,SW,45.2599983215332
2026-09-03,SWK,96.5
2026-09-03,SWKS,71.5
2026-09-03,SY1.DE,91.4800033569336
2026-09-03,SYF,79.8499984741211
2026-09-03,SYK,307.989990234375
2026-09-03,SYY,81.08000183105469
2026-09-03,T,26.190000534057617
2026-09-03,TAP,40.56999969482422
2026-09-03,TDG,1157.8299560546875
2026-09-03,TDY,607.8699951171875
2026-09-03,TEAM,194.67999267578125
2026-09-03,TECH,72.44999694824219
2026-09-03,TEL,209.4100036621093
2026-09-03,TEN.MI,24.3700008392334
2026-09-03,TER,338.5899963378906
2026-09-03,TFC,51.61000061035156
2026-09-03,TGT,164.00999450683594
2026-09-03,TIT.MI,7.763000011444092
2026-09-03,TJX,132.19000244140625
2026-09-03,TKO,189.4199981689453
2026-09-03,TMO,618.4299926757812
2026-09-03,TMUS,188.0200042724609
2026-09-03,TPL,366.5
2026-09-03,TPR,122.5999984741211
2026-09-03,TRGP,293.5400085449219
2026-09-03,TRI,111.76000213623048
2026-09-03,TRMB,60.09999847412109
2026-09-03,TRN.MI,9.48799991607666
2026-09-03,TROW,110.87999725341795
2026-09-03,TRV,374.3399963378906
2026-09-03,TSCO,34.599998474121094
2026-09-03,TSCO.L,468.2999877929688
2026-09-03,TSLA,376.364990234375
2026-09-03,TSN,51.7599983215332
2026-09-03,TT,445.1900024414063
2026-09-03,TTD,15.09000015258789
2026-09-03,TTWO,214.1300048828125
2026-09-03,TXN,253.8300018310547
2026-09-03,TXT,79.37000274658203
2026-09-03,TYL,379.2699890136719
2026-09-03,UAL,108.66000366210938
2026-09-03,UBER,75.95999908447266
2026-09-03,UCG.MI,84.63999938964844
2026-09-03,UDR,36.369998931884766
2026-09-03,UHS,169.2100067138672
2026-09-03,ULTA,557.1099853515625
2026-09-03,ULVR.L,4733.0
2026-09-03,UNH,400.9400024414063
2026-09-03,UNI.MI,28.479999542236328
2026-09-03,UNP,289.1499938964844
2026-09-03,UPS,103.5
2026-09-03,URI,993.8699951171876
2026-09-03,USB,63.52999877929688
2026-09-03,V,378.75
2026-09-03,VICI,25.64999961853028
2026-09-03,VLO,370.6900024414063
2026-09-03,VLTO,97.87999725341795
2026-09-03,VMC,260.2300109863281
2026-09-03,VNA.DE,19.209999084472656
2026-09-03,VOD.L,122.3000030517578
2026-09-03,VOW3.DE,76.36000061035156
2026-09-03,VRSK,190.6000061035156
2026-09-03,VRSN,293.3500061035156
2026-09-03,VRTX,557.9600219726562
2026-09-03,VST,144.22000122070312
2026-09-03,VTR,92.11000061035156
2026-09-03,VTRS,16.940000534057617
2026-09-03,VZ,50.59000015258789
2026-09-03,WAB,280.8299865722656
2026-09-03,WAT,413.55999755859375
2026-09-03,WBD,28.3700008392334
2026-09-03,WDAY,206.9199981689453
2026-09-03,WDC,441.5700073242188
2026-09-03,WEC,106.6999969482422
2026-09-03,WEIR.L,2690.0
2026-09-03,WELL,241.1199951171875
2026-09-03,WFC,89.19000244140625
2026-09-03,WM,221.72000122070312
2026-09-03,WMB,74.05000305175781
2026-09-03,WMT,108.41999816894533
2026-09-03,WPP.L,381.5
2026-09-03,WRB,69.5
2026-09-03,WSM,222.759994506836
2026-09-03,WST,342.7300109863281
2026-09-03,WTB.L,2375.0
2026-09-03,WTW,342.0599975585937
2026-09-03,WY,23.040000915527344
2026-09-03,WYNN,91.55999755859376
2026-09-03,XEL,76.33999633789062
2026-09-03,XOM,162.2100067138672
2026-09-03,XYL,107.88999938964844
2026-09-03,XYZ,83.37000274658203
2026-09-03,YUM,152.5399932861328
2026-09-03,ZAL.DE,22.81999969482422
2026-09-03,ZBH,98.91999816894533
2026-09-03,ZBRA,357.5
2026-09-03,ZS,177.8000030517578
2026-09-03,ZTS,76.29000091552734
2026-09-04,000001.SZ,11.890000343322754
2026-09-04,000002.SZ,3.240000009536743
2026-09-04,000012.SZ,3.7200000286102295
2026-09-04,000019.SZ,7.130000114440918
2026-09-04,000025.SZ,15.399999618530272
2026-09-04,000028.SZ,20.190000534057617
2026-09-04,000029.SZ,22.15999984741211
2026-09-04,000030.SZ,4.050000190734863
2026-09-04,000035.SZ,4.829999923706055
2026-09-04,000048.SZ,22.309999465942383
2026-09-04,000049.SZ,23.1299991607666
2026-09-04,000058.SZ,7.230000019073486
2026-09-04,000059.SZ,5.75
2026-09-04,000061.SZ,6.329999923706055
2026-09-04,000063.SZ,33.06999969482422
2026-09-04,000065.SZ,9.789999961853027
2026-09-04,000088.SZ,4.53000020980835
2026-09-04,000089.SZ,6.639999866485596
2026-09-04,000090.SZ,3.4800000190734863
2026-09-04,000099.SZ,13.869999885559082
2026-09-04,0001.HK,69.8499984741211
2026-09-04,000100.SZ,4.800000190734863
2026-09-04,000156.SZ,7.059999942779541
2026-09-04,000157.SZ,6.619999885559082
2026-09-04,000166.SZ,4.590000152587891
2026-09-04,0002.HK,77.25
2026-09-04,000301.SZ,14.619999885559082
2026-09-04,000333.SZ,87.56999969482422
2026-09-04,000338.SZ,26.850000381469727
2026-09-04,000408.SZ,75.62000274658203
2026-09-04,000420.SZ,3.819999933242798
2026-09-04,000422.SZ,12.4399995803833
2026-09-04,000425.SZ,8.140000343322754
2026-09-04,000498.SZ,4.96999979019165
2026-09-04,000503.SZ,7.03000020980835
2026-09-04,000517.SZ,2.190000057220459
2026-09-04,000538.SZ,51.02000045776367
2026-09-04,000544.SZ,7.380000114440918
2026-09-04,000550.SZ,17.190000534057617
2026-09-04,000552.SZ,2.559999942779541
2026-09-04,000555.SZ,11.100000381469728
2026-09-04,000557.SZ,3.7300000190734863
2026-09-04,000567.SZ,6.71999979019165
2026-09-04,000568.SZ,79.91999816894531
2026-09-04,000581.SZ,18.09000015258789
2026-09-04,000589.SZ,4.349999904632568
2026-09-04,000596.SZ,101.16999816894533
2026-09-04,000597.SZ,4.78000020980835
2026-09-04,000600.SZ,7.460000038146973
2026-09-04,000603.SZ,36.15999984741211
2026-09-04,000612.SZ,11.029999732971191
2026-09-04,000617.SZ,7.340000152587891
2026-09-04,000620.SZ,2.970000028610229
2026-09-04,000625.SZ,7.119999885559082
2026-09-04,000628.SZ,53.400001525878906
2026-09-04,000630.SZ,6.389999866485596
2026-09-04,000650.SZ,5.380000114440918
2026-09-04,000651.SZ,38.97999954223633
2026-09-04,000657.SZ,57.63999938964844
2026-09-04,000661.SZ,73.73999786376953
2026-09-04,000672.SZ,14.890000343322754
2026-09-04,000676.SZ,7.099999904632568
2026-09-04,000680.SZ,10.600000381469728
2026-09-04,000681.SZ,17.194000244140625
2026-09-04,000682.SZ,11.170000076293944
2026-09-04,000685.SZ,11.43000030517578
2026-09-04,000686.SZ,8.109999656677246
2026-09-04,000688.SZ,27.950000762939453
2026-09-04,000690.SZ,4.949999809265137
2026-09-04,000708.SZ,13.59000015258789
2026-09-04,000712.SZ,12.350000381469728
2026-09-04,000718.SZ,1.9900000095367432
2026-09-04,000719.SZ,12.470000267028809
2026-09-04,000725.SZ,5.610000133514404
2026-09-04,000727.SZ,2.259999990463257
2026-09-04,000735.SZ,6.130000114440918
2026-09-04,000737.SZ,14.350000381469728
2026-09-04,000756.SZ,13.18000030517578
2026-09-04,000758.SZ,6.179999828338623
2026-09-04,000761.SZ,2.3299999237060547
2026-09-04,000762.SZ,22.18000030517578
2026-09-04,000766.SZ,16.469999313354492
2026-09-04,000767.SZ,3.380000114440918
2026-09-04,000768.SZ,23.700000762939453
2026-09-04,000776.SZ,22.200000762939453
2026-09-04,000786.SZ,16.280000686645508
2026-09-04,000791.SZ,7.21999979019165
2026-09-04,000792.SZ,26.64999961853028
2026-09-04,000795.SZ,8.470000267028809
2026-09-04,000800.SZ,6.079999923706055
2026-09-04,000801.SZ,12.68000030517578
2026-09-04,000807.SZ,26.950000762939453
2026-09-04,000810.SZ,9.75
2026-09-04,000811.SZ,36.20000076293945
2026-09-04,000813.SZ,3.430000066757202
2026-09-04,000821.SZ,7.440000057220459
2026-09-04,000828.SZ,10.06999969482422
2026-09-04,000829.SZ,9.0
2026-09-04,000837.SZ,9.859999656677246
2026-09-04,000848.SZ,8.420000076293945
2026-09-04,000858.SZ,71.9800033569336
2026-09-04,000860.SZ,11.029999732971191
2026-09-04,000875.SZ,4.860000133514404
2026-09-04,000876.SZ,7.699999809265137
2026-09-04,000881.SZ,6.639999866485596
2026-09-04,000885.SZ,12.15999984741211
2026-09-04,000895.SZ,24.170000076293945
2026-09-04,000899.SZ,9.390000343322754
2026-09-04,000901.SZ,14.25
2026-09-04,000902.SZ,14.329999923706056
2026-09-04,000913.SZ,11.199999809265137
2026-09-04,000915.SZ,25.38999938964844
2026-09-04,000917.SZ,7.239999771118164
2026-09-04,000923.SZ,16.309999465942383
2026-09-04,000927.SZ,2.5
2026-09-04,000928.SZ,5.429999828338623
2026-09-04,000930.SZ,5.150000095367432
2026-09-04,000935.SZ,21.65999984741211
2026-09-04,000938.SZ,35.27000045776367
2026-09-04,000950.SZ,5.320000171661377
2026-09-04,000963.SZ,27.3700008392334
2026-09-04,000966.SZ,4.019999980926514
2026-09-04,000968.SZ,7.289999961853027
2026-09-04,000969.SZ,17.010000228881836
2026-09-04,000970.SZ,11.739999771118164
2026-09-04,000975.SZ,26.25
2026-09-04,000977.SZ,77.72000122070312
2026-09-04,000983.SZ,6.869999885559082
2026-09-04,000990.SZ,6.46999979019165
2026-09-04,000999.SZ,24.89999961853028
2026-09-04,0012.HK,26.71999931335449
2026-09-04,001203.SZ,26.299999237060547
2026-09-04,001289.SZ,15.1899995803833
2026-09-04,001391.SZ,4.099999904632568
2026-09-04,0016.HK,119.5
2026-09-04,001965.SZ,9.800000190734863
2026-09-04,001979.SZ,6.96999979019165
2026-09-04,002001.SZ,26.86000061035156
2026-09-04,002027.SZ,4.880000114440918
2026-09-04,002028.SZ,147.1999969482422
2026-09-04,002049.SZ,62.08000183105469
2026-09-04,002050.SZ,35.459999084472656
2026-09-04,002074.SZ,25.950000762939453
2026-09-04,002129.SZ,9.140000343322754
2026-09-04,002142.SZ,34.5
2026-09-04,002179.SZ,34.220001220703125
2026-09-04,002180.SZ,16.770000457763672
2026-09-04,002230.SZ,39.5
2026-09-04,002236.SZ,16.309999465942383
2026-09-04,002241.SZ,23.40999984741211
2026-09-04,002252.SZ,4.920000076293945
2026-09-04,002304.SZ,39.59000015258789
2026-09-04,002311.SZ,44.619998931884766
2026-09-04,002352.SZ,32.220001220703125
2026-09-04,002371.SZ,638.1699829101562
2026-09-04,002415.SZ,34.869998931884766
2026-09-04,002422.SZ,41.91999816894531
2026-09-04,002459.SZ,6.730000019073486
2026-09-04,002460.SZ,49.09000015258789
2026-09-04,002463.SZ,111.5
2026-09-04,002466.SZ,45.34999847412109
2026-09-04,002475.SZ,54.29999923706055
2026-09-04,002493.SZ,14.380000114440918
2026-09-04,002594.SZ,87.4000015258789
2026-09-04,002600.SZ,12.630000114440918
2026-09-04,002601.SZ,15.850000381469728
2026-09-04,002648.SZ,27.540000915527344
2026-09-04,0027.HK,33.900001525878906
2026-09-04,002709.SZ,33.83000183105469
2026-09-04,002714.SZ,43.970001220703125
2026-09-04,002736.SZ,10.260000228881836
2026-09-04,002916.SZ,331.79998779296875
2026-09-04,002920.SZ,88.0
2026-09-04,002938.SZ,83.29000091552734
2026-09-04,003816.SZ,4.369999885559082
2026-09-04,0101.HK,7.125
2026-09-04,0175.HK,17.280000686645508
2026-09-04,0241.HK,3.140000104904175
2026-09-04,0267.HK,13.90999984741211
2026-09-04,0285.HK,25.15999984741211
2026-09-04,0288.HK,7.264999866485596
2026-09-04,0291.HK,18.8799991607666
2026-09-04,0300.HK,100.8000030517578
2026-09-04,0316.HK,149.60000610351562
2026-09-04,0322.HK,12.550000190734863
2026-09-04,1024.HK,33.65999984741211
2026-09-04,1038.HK,65.05000305175781
2026-09-04,1044.HK,21.239999771118164
2026-09-04,1088.HK,45.7400016784668
2026-09-04,1093.HK,9.6850004196167
2026-09-04,1099.HK,15.6899995803833
2026-09-04,1109.HK,30.5
2026-09-04,1113.HK,47.34000015258789
2026-09-04,1177.HK,5.534999847412109
2026-09-04,1209.HK,41.2599983215332
2026-09-04,1211.HK,86.1500015258789
2026-09-04,1299.HK,77.5
2026-09-04,1378.HK,23.39999961853028
2026-09-04,1398.HK,7.695000171661377
2026-09-04,1810.HK,28.440000534057617
2026-09-04,1876.HK,5.925000190734863
2026-09-04,1928.HK,14.130000114440918
2026-09-04,1929.HK,12.079999923706056
2026-09-04,1997.HK,31.520000457763672
2026-09-04,2015.HK,47.81999969482422
2026-09-04,2020.HK,76.0999984741211
2026-09-04,2057.HK,164.89999389648438
2026-09-04,2269.HK,49.18000030517578
2026-09-04,2313.HK,37.15999984741211
2026-09-04,2318.HK,57.150001525878906
2026-09-04,2319.HK,18.239999771118164
2026-09-04,2331.HK,13.529999732971191
2026-09-04,2359.HK,191.1000061035156
2026-09-04,2382.HK,70.5
2026-09-04,2388.HK,52.84999847412109
2026-09-04,2618.HK,11.170000076293944
2026-09-04,2628.HK,30.89999961853028
2026-09-04,2688.HK,49.59999847412109
2026-09-04,2899.HK,36.59999847412109
2026-09-04,300014.SZ,51.040000915527344
2026-09-04,300015.SZ,8.390000343322754
2026-09-04,300033.SZ,222.0
2026-09-04,300059.SZ,19.14999961853028
2026-09-04,300122.SZ,13.25
2026-09-04,300124.SZ,59.310001373291016
2026-09-04,300274.SZ,88.43000030517578
2026-09-04,300308.SZ,814.0
2026-09-04,300316.SZ,41.790000915527344
2026-09-04,300347.SZ,50.0
2026-09-04,300394.SZ,248.6999969482422
2026-09-04,300408.SZ,108.4000015258789
2026-09-04,300413.SZ,21.25
2026-09-04,300418.SZ,45.43000030517578
2026-09-04,300433.SZ,35.13999938964844
2026-09-04,300442.SZ,62.93000030517578
2026-09-04,300498.SZ,15.359999656677246
2026-09-04,300502.SZ,386.0
2026-09-04,300628.SZ,42.08000183105469
2026-09-04,300661.SZ,106.91999816894533
2026-09-04,300750.SZ,351.0
2026-09-04,300759.SZ,41.18999862670898
2026-09-04,300760.SZ,169.91000366210938
2026-09-04,300782.SZ,71.4800033569336
2026-09-04,300832.SZ,51.5
2026-09-04,300896.SZ,93.5
2026-09-04,300979.SZ,32.86000061035156
2026-09-04,300999.SZ,26.709999084472656
2026-09-04,301236.SZ,37.619998931884766
2026-09-04,301269.SZ,89.69999694824219
2026-09-04,302132.SZ,63.29999923706055
2026-09-04,600000.SS,9.43000030517578
2026-09-04,600009.SS,23.8700008392334
2026-09-04,600010.SS,2.2100000381469727
2026-09-04,600011.SS,6.860000133514404
2026-09-04,600015.SS,6.320000171661377
2026-09-04,600016.SS,3.609999895095825
2026-09-04,600018.SS,5.429999828338623
2026-09-04,600019.SS,5.860000133514404
2026-09-04,600023.SS,4.880000114440918
2026-09-04,600025.SS,9.760000228881836
2026-09-04,600026.SS,20.34000015258789
2026-09-04,600027.SS,4.840000152587891
2026-09-04,600028.SS,5.480000019073486
2026-09-04,600029.SS,5.03000020980835
2026-09-04,600030.SS,27.989999771118164
2026-09-04,600031.SS,20.0
2026-09-04,600036.SS,41.68999862670898
2026-09-04,600039.SS,9.15999984741211
2026-09-04,600048.SS,5.25
2026-09-04,600050.SS,4.25
2026-09-04,600061.SS,6.53000020980835
2026-09-04,600066.SS,28.68000030517578
2026-09-04,600085.SS,24.13999938964844
2026-09-04,600089.SS,18.8799991607666
2026-09-04,600104.SS,10.470000267028809
2026-09-04,600111.SS,38.66999816894531
2026-09-04,600115.SS,3.490000009536743
2026-09-04,600150.SS,37.470001220703125
2026-09-04,600160.SS,37.91999816894531
2026-09-04,600161.SS,12.279999732971191
2026-09-04,600176.SS,40.18000030517578
2026-09-04,600183.SS,137.5
2026-09-04,600188.SS,21.559999465942383
2026-09-04,600196.SS,22.34000015258789
2026-09-04,600219.SS,4.920000076293945
2026-09-04,600233.SS,16.979999542236328
2026-09-04,600276.SS,46.02000045776367
2026-09-04,600309.SS,77.66000366210938
2026-09-04,600332.SS,20.239999771118164
2026-09-04,600346.SS,19.020000457763672
2026-09-04,600362.SS,45.86000061035156
2026-09-04,600372.SS,11.449999809265137
2026-09-04,600377.SS,12.420000076293944
2026-09-04,600406.SS,22.709999084472656
2026-09-04,600415.SS,13.119999885559082
2026-09-04,600426.SS,20.82999992370605
2026-09-04,600436.SS,123.75
2026-09-04,600438.SS,11.390000343322754
2026-09-04,600460.SS,30.34000015258789
2026-09-04,600482.SS,32.97999954223633
2026-09-04,600489.SS,25.600000381469727
2026-09-04,600515.SS,2.809999942779541
2026-09-04,A,150.86000061035156
2026-09-04,A2A.MI,2.305999994277954
2026-09-04,AAF.L,349.3999938964844
2026-09-04,AAL.L,4166.0
2026-09-04,AAPL,319.9700012207031
2026-09-04,ABBV,256.4599914550781
2026-09-04,ABF.L,2072.0
2026-09-04,ABNB,181.94000244140625
2026-09-04,ABT,108.33000183105467
2026-09-04,ACGL,98.0999984741211
2026-09-04,ACN,186.72000122070312
2026-09-04,ADBE,266.510009765625
2026-09-04,ADI,362.25
2026-09-04,ADM,84.61000061035156
2026-09-04,ADM.L,3816.0
2026-09-04,ADP,277.6199951171875
2026-09-04,ADS.DE,149.14999389648438
2026-09-04,ADSK,217.8999938964844
2026-09-04,AEE,106.47000122070312
2026-09-04,AEP,124.5
2026-09-04,AES,14.789999961853027
2026-09-04,AFL,117.20999908447266
2026-09-04,AIG,76.20999908447266
2026-09-04,AIR.DE,198.8999938964844
2026-09-04,AIZ,285.739990234375
2026-09-04,AJG,262.69000244140625
2026-09-04,AKAM,105.22000122070312
2026-09-04,ALB,126.27999877929688
2026-09-04,ALGN,158.63499450683594
2026-09-04,ALL,259.57000732421875
2026-09-04,ALLE,157.1199951171875
2026-09-04,ALV.DE,450.6000061035156
2026-09-04,ALW.L,1368.0
2026-09-04,AMAT,454.7099914550781
2026-09-04,AMCR,45.150001525878906
2026-09-04,AMD,477.5700073242188
2026-09-04,AME,237.72000122070312
2026-09-04,AMGN,437.2300109863281
2026-09-04,AMP,560.5599975585938
2026-09-04,AMP.MI,11.829999923706056
2026-09-04,AMT,175.85000610351562
2026-09-04,AMZN,258.510009765625
2026-09-04,ANET,193.77999877929688
2026-09-04,ANTO.L,3915.0
2026-09-04,AON,323.0899963378906
2026-09-04,AOS,60.47999954223633
2026-09-04,APA,42.77000045776367
2026-09-04,APD,301.2699890136719
2026-09-04,APH,82.77999877929688
2026-09-04,APO,133.6699981689453
2026-09-04,APP,320.5599975585937
2026-09-04,APTV,47.95000076293945
2026-09-04,ARE,52.650001525878906
2026-09-04,ARM,252.08999633789065
2026-09-04,ASML,1714.8800048828125
2026-09-04,ATO,167.55999755859375
2026-09-04,AUTO.L,505.0
2026-09-04,AVGO,357.8949890136719
2026-09-04,AVY,175.05999755859375
2026-09-04,AWK,140.6999969482422
2026-09-04,AXON,515.6699829101562
2026-09-04,AXP,326.1600036621094
2026-09-04,AZM.MI,39.22999954223633
2026-09-04,AZN,162.6999969482422
2026-09-04,AZN.L,12006.0
2026-09-04,AZO,2983.2900390625
2026-09-04,BA,212.25
2026-09-04,BAB.L,990.7999877929688
2026-09-04,BAC,62.68000030517578
2026-09-04,BALL,62.66999816894531
2026-09-04,BAMI.MI,16.100000381469727
2026-09-04,BARC.L,496.6499938964844
2026-09-04,BAS.DE,53.36000061035156
2026-09-04,BATS.L,4125.0
2026-09-04,BAX,25.82999992370605
2026-09-04,BAYN.DE,48.84999847412109
2026-09-04,BBY,90.2699966430664
2026-09-04,BDX,184.7400054931641
2026-09-04,BEI.DE,76.44000244140625
2026-09-04,BEN,34.72999954223633
2026-09-04,BEZ.L,1301.5
2026-09-04,BFF.MI,3.026000022888184
2026-09-04,BG,118.70999908447266
2026-09-04,BIIB,220.8300018310547
2026-09-04,BKG.L,3456.0
2026-09-04,BKNG,193.2899932861328
2026-09-04,BKR,63.5
2026-09-04,BLDR,65.79000091552734
2026-09-04,BLK,1122.2900390625
2026-09-04,BMED.MI,23.6200008392334
2026-09-04,BMPS.MI,11.61400032043457
2026-09-04,BMW.DE,62.79999923706055
2026-09-04,BMY,66.81999969482422
2026-09-04,BNR.DE,61.15999984741211
2026-09-04,BNZL.L,2658.0
2026-09-04,BPE.MI,14.270000457763672
2026-09-04,BR,172.8800048828125
2026-09-04,BRBY.L,1103.5
2026-09-04,BRO,71.41999816894531
2026-09-04,BSX,47.79999923706055
2026-09-04,BTRW.L,304.29998779296875
2026-09-04,BX,136.14999389648438
2026-09-04,BXP,67.69000244140625
2026-09-04,BZU.MI,40.7400016784668
2026-09-04,C,137.72000122070312
2026-09-04,CAG,15.479999542236328
2026-09-04,CAH,247.17999267578125
2026-09-04,CARR,59.709999084472656
2026-09-04,CAT,813.9400024414062
2026-09-04,CB,341.5899963378906
2026-09-04,CBK.DE,42.060001373291016
2026-09-04,CBOE,298.3800048828125
2026-09-04,CBRE,147.85000610351562
2026-09-04,CCEP,105.76000213623048
2026-09-04,CCEP.L,7870.0
2026-09-04,CCH.L,4534.0
2026-09-04,CCI,75.83000183105469
2026-09-04,CCL,23.51000022888184
2026-09-04,CDNS,292.70001220703125
2026-09-04,CDW,152.3800048828125
2026-09-04,CEG,298.9599914550781
2026-09-04,CF,133.35000610351562
2026-09-04,CFG,70.77999877929688
2026-09-04,CHD,98.5500030517578
2026-09-04,CHRW,147.63999938964844
2026-09-04,CHTR,151.99000549316406
2026-09-04,CI,282.5199890136719
2026-09-04,CINF,171.10000610351562
2026-09-04,CL,88.7699966430664
2026-09-04,CLX,93.05999755859376
2026-09-04,CMCSA,26.489999771118164
2026-09-04,CME,281.2900085449219
2026-09-04,CMG,36.959999084472656
2026-09-04,CMI,560.75
2026-09-04,CMS,68.45999908447266
2026-09-04,CNA.L,149.8000030517578
2026-09-04,CNC,67.04000091552734
2026-09-04,CNP,39.66999816894531
2026-09-04,COF,219.6000061035156
2026-09-04,COIN,184.63999938964844
2026-09-04,CON.DE,71.55999755859375
2026-09-04,COO,69.58999633789062
2026-09-04,COP,134.25999450683594
2026-09-04,COR,330.95001220703125
2026-09-04,COST,915.739990234375
2026-09-04,CPAY,416.3699951171875
2026-09-04,CPB,21.3799991607666
2026-09-04,CPG.L,30.76000022888184
2026-09-04,CPR.MI,5.771999835968018
2026-09-04,CPRT,33.720001220703125
2026-09-04,CPT,105.69000244140624
2026-09-04,CRDA.L,3296.0
2026-09-04,CRL,288.5
2026-09-04,CRM,259.2300109863281
2026-09-04,CRWD,213.1000061035156
2026-09-04,CSCO,109.1999969482422
2026-09-04,CSGP,30.90999984741211
2026-09-04,CSX,49.40999984741211
2026-09-04,CTAS,200.47000122070312
2026-09-04,CTEC.L,228.1999969482422
2026-09-04,CTSH,62.310001373291016
2026-09-04,CTVA,87.86000061035156
2026-09-04,CVS,96.73999786376952
2026-09-04,CVX,208.6000061035156
2026-09-04,D,65.83999633789062
2026-09-04,DAL,80.16999816894531
2026-09-04,DASH,211.72999572753903
2026-09-04,DB1.DE,281.29998779296875
2026-09-04,DBK.DE,35.56999969482422
2026-09-04,DCC.L,6335.0
2026-09-04,DD,131.58999633789062
2026-09-04,DDOG,212.92999267578125
2026-09-04,DE,693.530029296875
2026-09-04,DECK,85.80999755859375
2026-09-04,DELL,524.1400146484375
2026-09-04,DG,133.2100067138672
2026-09-04,DGE.L,1657.0
2026-09-04,DGX,237.13999938964844
2026-09-04,DHI,142.75
2026-09-04,DHL.DE,54.959999084472656
2026-09-04,DHR,207.6600036621093
2026-09-04,DIA.MI,75.36000061035156
2026-09-04,DIS,105.30999755859376
2026-09-04,DLR,188.38999938964844
2026-09-04,DLTR,131.4199981689453
2026-09-04,DOC,20.64999961853028
2026-09-04,DOV,192.8800048828125
2026-09-04,DOW,29.440000534057617
2026-09-04,DPLM.L,7120.0
2026-09-04,DPZ,341.0799865722656
2026-09-04,DRI,216.8800048828125
2026-09-04,DTE,136.0800018310547
2026-09-04,DTE.DE,28.39999961853028
2026-09-04,DTG.DE,45.72999954223633
2026-09-04,DUK,120.22000122070312
2026-09-04,DVA,183.9900054931641
2026-09-04,DVN,48.060001373291016
2026-09-04,DXCM,87.9000015258789
2026-09-04,EBAY,103.41000366210938
2026-09-04,ECL,279.2799987792969
2026-09-04,ED,107.29000091552734
2026-09-04,EDV.L,4723.0
2026-09-04,EFX,177.0500030517578
2026-09-04,EG,380.8699951171875
2026-09-04,EIX,56.77000045776367
2026-09-04,EL,103.86000061035156
2026-09-04,ELV,407.5
2026-09-04,EME,754.1599731445312
2026-09-04,EMR,152.82000732421875
2026-09-04,ENEL.MI,9.065999984741213
2026-09-04,ENI.MI,23.075000762939453
2026-09-04,ENR.DE,146.52000427246094
2026-09-04,ENT.L,527.7999877929688
2026-09-04,EOAN.DE,17.5
2026-09-04,EOG,145.19000244140625
2026-09-04,EPAM,117.04000091552734
2026-09-04,EQIX,1035.97998046875
2026-09-04,EQT,55.16999816894531
2026-09-04,ERG.MI,22.280000686645508
2026-09-04,ERIE,252.8000030517578
2026-09-04,ES,71.05000305175781
2026-09-04,ESS,278.6099853515625
2026-09-04,ETN,410.8500061035156
2026-09-04,ETR,107.2699966430664
2026-09-04,EVRG,81.54000091552734
2026-09-04,EW,89.9000015258789
2026-09-04,EXC,43.63999938964844
2026-09-04,EXE,97.91000366210938
2026-09-04,EXPD,188.8000030517578
2026-09-04,EXPE,298.0400085449219
2026-09-04,EXPN.L,2814.0
2026-09-04,EXR,139.25
2026-09-04,EZJ.L,670.2000122070312
2026-09-04,F,14.619999885559082
2026-09-04,FANG,199.22000122070312
2026-09-04,FAST,49.59999847412109
2026-09-04,FCIT.L,344.79998779296875
2026-09-04,FCX,72.7300033569336
2026-09-04,FDS,301.9599914550781
2026-09-04,FDX,322.5199890136719
2026-09-04,FE,46.77000045776367
2026-09-04,FFIV,390.4700012207031
2026-09-04,FICO,932.260009765625
2026-09-04,FIS,41.88999938964844
2026-09-04,FISV,53.0
2026-09-04,FITB,54.869998931884766
2026-09-04,FME.DE,39.220001220703125
2026-09-04,FOX,58.41999816894531
2026-09-04,FOXA,65.41999816894531
2026-09-04,FRE.DE,43.630001068115234
2026-09-04,FRES.L,3146.0
2026-09-04,FRT,117.08999633789062
2026-09-04,FSLR,204.4499969482422
2026-09-04,FTNT,156.2899932861328
2026-09-04,FTV,56.93999862670898
2026-09-04,G.MI,44.869998931884766
2026-09-04,G1A.DE,64.94999694824219
2026-09-04,G24.DE,76.0999984741211
2026-09-04,GAW.L,18450.0
2026-09-04,GD,359.3900146484375
2026-09-04,GDDY,101.30999755859376
2026-09-04,GE,337.1199951171875
2026-09-04,GEHC,68.86000061035156
2026-09-04,GEN,30.64999961853028
2026-09-04,GEV,941.9500122070312
2026-09-04,GFS,45.209999084472656
2026-09-04,GILD,150.9949951171875
2026-09-04,GIS,38.290000915527344
2026-09-04,GL,174.27000427246094
2026-09-04,GLEN.L,601.7000122070312
2026-09-04,GLW,154.3000030517578
2026-09-04,GM,87.76000213623047
2026-09-04,GNRC,187.3500061035156
2026-09-04,GOOG,335.3099975585937
2026-09-04,GOOGL,338.4599914550781
2026-09-04,GPC,138.0800018310547
2026-09-04,GPN,92.54000091552734
2026-09-04,GRMN,277.0299987792969
2026-09-04,GS,1038.6099853515625
2026-09-04,GSK.L,1846.5
2026-09-04,GWW,1324.489990234375
2026-09-04,HAL,37.06999969482422
2026-09-04,HAS,92.52999877929688
2026-09-04,HBAN,17.030000686645508
2026-09-04,HCA,405.0
2026-09-04,HD,321.04998779296875
2026-09-04,HEI.DE,166.60000610351562
2026-09-04,HEN3.DE,76.41999816894531
2026-09-04,HER.MI,3.7260000705718994
2026-09-04,HIG,138.3699951171875
2026-09-04,HII,285.92999267578125
2026-09-04,HIK.L,1593.0
2026-09-04,HLMA.L,3604.0
2026-09-04,HLN.L,352.79998779296875
2026-09-04,HLT,311.17999267578125
2026-09-04,HNR1.DE,260.6000061035156
2026-09-04,HON,209.6100006103516
2026-09-04,HOOD,122.11000061035156
2026-09-04,HPE,52.0
2026-09-04,HPQ,32.63999938964844
2026-09-04,HRL,21.540000915527344
2026-09-04,HSBA.L,1580.199951171875
2026-09-04,HSIC,89.80999755859375
2026-09-04,HST,22.049999237060547
2026-09-04,HSX.L,1878.0
2026-09-04,HSY,173.14999389648438
2026-09-04,HUBB,460.7200012207031
2026-09-04,HUM,401.5400085449219
2026-09-04,HWDN.L,775.0
2026-09-04,HWM,259.2699890136719
2026-09-04,IAG.L,431.2000122070313
2026-09-04,IBKR,92.62000274658205
2026-09-04,IBM,234.88999938964844
2026-09-04,ICE,161.25999450683594
2026-09-04,ICG.L,1946.0
2026-09-04,IDXX,535.3800048828125
2026-09-04,IEX,223.7400054931641
2026-09-04,IFF,86.3499984741211
2026-09-04,IFX.DE,56.86000061035156
2026-09-04,IG.MI,8.390000343322754
2026-09-04,IHG.L,159.8000030517578
2026-09-04,III.L,2771.0
2026-09-04,IMB.L,2489.0
2026-09-04,IMI.L,3044.0
2026-09-04,INCY,126.75
2026-09-04,INF.L,911.2000122070312
2026-09-04,INTC,95.8000030517578
2026-09-04,INTU,332.70001220703125
2026-09-04,INVH,28.38999938964844
2026-09-04,INW.MI,6.179999828338623
2026-09-04,IP,37.2400016784668
2026-09-04,IP.MI,36.27999877929688
2026-09-04,IQV,267.7699890136719
2026-09-04,IR,76.36000061035156
2026-09-04,IRM,116.86000061035156
2026-09-04,ISP.MI,6.736000061035156
2026-09-04,ISRG,366.7000122070313
2026-09-04,IT,186.4199981689453
2026-09-04,ITRK.L,5860.0
2026-09-04,ITW,270.1199951171875
2026-09-04,IVZ,33.06999969482422
2026-09-04,J,146.22999572753906
2026-09-04,JBHT,273.7699890136719
2026-09-04,JBL,310.57000732421875
2026-09-04,JCI,144.94000244140625
2026-09-04,JKHY,165.63999938964844
2026-09-04,JNJ,275.2300109863281
2026-09-04,JPM,358.6400146484375
2026-09-04,KDP,32.59000015258789
2026-09-04,KEY,22.18000030517578
2026-09-04,KEYS,327.2099914550781
2026-09-04,KGF.L,307.3999938964844
2026-09-04,KHC,24.850000381469727
2026-09-04,KIM,23.600000381469727
2026-09-04,KKR,107.7300033569336
2026-09-04,KLAC,185.6000061035156
2026-09-04,KMB,104.95999908447266
2026-09-04,KMI,31.39999961853028
2026-09-04,KO,88.06999969482422
2026-09-04,KR,58.59000015258789
2026-09-04,KVUE,18.739999771118164
2026-09-04,L,109.3000030517578
2026-09-04,LAND.L,663.0
2026-09-04,LDO.MI,50.459999084472656
2026-09-04,LDOS,133.0500030517578
2026-09-04,LEN,83.58000183105469
2026-09-04,LGEN.L,295.70001220703125
2026-09-04,LH,326.8900146484375
2026-09-04,LHX,256.45001220703125
2026-09-04,LII,390.5299987792969
2026-09-04,LIN,477.5700073242188
2026-09-04,LKQ,25.540000915527344
2026-09-04,LLOY.L,112.5999984741211
2026-09-04,LLY,1149.3599853515625
2026-09-04,LMP.L,184.5
2026-09-04,LMT,525.280029296875
2026-09-04,LNT,67.97000122070312
2026-09-04,LOW,204.4499969482422
2026-09-04,LRCX,307.6499938964844
2026-09-04,LSEG.L,8830.0
2026-09-04,LULU,100.61000061035156
2026-09-04,LUV,39.619998931884766
2026-09-04,LVS,44.369998931884766
2026-09-04,LW,49.869998931884766
2026-09-04,LYB,63.52000045776367
2026-09-04,LYV,173.5
2026-09-04,MA,579.2100219726562
2026-09-04,MAA,128.32000732421875
2026-09-04,MAR,336.510009765625
2026-09-04,MAS,72.69999694824219
2026-09-04,MB.MI,28.100000381469727
2026-09-04,MBG.DE,47.685001373291016
2026-09-04,MCD,255.69000244140625
2026-09-04,MCHP,74.16999816894531
2026-09-04,MCK,907.989990234375
2026-09-04,MCO,493.5499877929688
2026-09-04,MDLZ,61.27999877929688
2026-09-04,MDT,94.16999816894533
2026-09-04,MELI,1978.3599853515625
2026-09-04,MET,97.62000274658205
2026-09-04,META,616.77001953125
2026-09-04,MGM,41.220001220703125
2026-09-04,MHK,133.6300048828125
2026-09-04,MKC,52.08000183105469
2026-09-04,MKS.L,387.8999938964844
2026-09-04,MLM,514.77001953125
2026-09-04,MMM,168.55999755859375
2026-09-04,MNDI.L,853.0
2026-09-04,MNG.L,357.3999938964844
2026-09-04,MNST,43.81999969482422
2026-09-04,MO,68.87999725341797
2026-09-04,MOH,200.8000030517578
2026-09-04,MONC.MI,45.84000015258789
2026-09-04,MOS,25.850000381469727
2026-09-04,MPC,388.8999938964844
2026-09-04,MPWR,1223.8599853515625
2026-09-04,MRK,150.3300018310547
2026-09-04,MRK.DE,135.85000610351562
2026-09-04,MRNA,145.5500030517578
2026-09-04,MRO.L,503.7999877929688
2026-09-04,MRVL,223.5500030517578
2026-09-04,MS,217.72000122070312
2026-09-04,MSCI,573.010009765625
2026-09-04,MSFT,499.7000122070313
2026-09-04,MSI,468.0499877929688
2026-09-04,MSTR,142.8000030517578
2026-09-04,MTB,239.83999633789065
2026-09-04,MTCH,41.86000061035156
2026-09-04,MTD,1345.260009765625
2026-09-04,MTLN.L,48.2599983215332
2026-09-04,MTX.DE,347.6000061035156
2026-09-04,MU,1016.5900268554688
2026-09-04,MUV2.DE,527.5999755859375
2026-09-04,NCLH,15.56999969482422
2026-09-04,NDAQ,96.87999725341795
2026-09-04,NDSN,318.3599853515625
2026-09-04,NEE,83.43000030517578
2026-09-04,NEM,128.08999633789062
2026-09-04,NEXI.MI,4.276999950408936
2026-09-04,NFLX,78.25
2026-09-04,NI,41.38999938964844
2026-09-04,NKE,38.400001525878906
2026-09-04,NOC,514.97998046875
2026-09-04,NOW,141.25999450683594
2026-09-04,NRG,119.0199966430664
2026-09-04,NSC,329.4599914550781
2026-09-04,NTAP,185.58999633789065
2026-09-04,NTRS,186.6300048828125
2026-09-04,NUE,261.07000732421875
2026-09-04,NVDA,230.3600006103516
2026-09-04,NVR,6298.85009765625
2026-09-04,NWG.L,699.7999877929688
2026-09-04,NWS,33.900001525878906
2026-09-04,NWSA,30.38999938964844
2026-09-04,NXPI,227.8350067138672
2026-09-04,NXT.L,15335.0
2026-09-04,O,61.25
2026-09-04,ODFL,185.8699951171875
2026-09-04,OKE,95.43000030517578
2026-09-04,OMC,82.62000274658203
2026-09-04,ON,74.37999725341797
2026-09-04,ORCL,158.77999877929688
2026-09-04,ORLY,87.88999938964844
2026-09-04,OTIS,71.20999908447266
2026-09-04,OXY,60.040000915527344
2026-09-04,PAH3.DE,29.01000022888184
2026-09-04,PANW,333.260009765625
2026-09-04,PAYC,231.6699981689453
2026-09-04,PAYX,121.70999908447266
2026-09-04,PCAR,124.6999969482422
2026-09-04,PCG,14.300000190734863
2026-09-04,PCT.L,652.0
2026-09-04,PDD,82.20999908447266
2026-09-04,PEG,73.69999694824219
2026-09-04,PEP,137.6300048828125
2026-09-04,PFE,28.450000762939453
2026-09-04,PFG,116.68000030517578
2026-09-04,PG,146.44000244140625
2026-09-04,PGR,218.9499969482422
2026-09-04,PH,962.5900268554688
2026-09-04,PHM,124.4499969482422
2026-09-04,PKG,237.25
2026-09-04,PLD,137.33999633789062
2026-09-04,PLTR,174.3300018310547
2026-09-04,PM,182.52999877929688
2026-09-04,PNC,245.6000061035156
2026-09-04,PNR,60.209999084472656
2026-09-04,PNW,97.5199966430664
2026-09-04,PODD,147.47999572753906
2026-09-04,POOL,185.22000122070312
2026-09-04,PPG,112.52999877929688
2026-09-04,PPL,35.11000061035156
2026-09-04,PRU,122.0199966430664
2026-09-04,PRU.L,1022.5
2026-09-04,PRY.MI,122.25
2026-09-04,PSA,302.010009765625
2026-09-04,PSH.L,3888.0
2026-09-04,PSKY,10.859999656677246
2026-09-04,PSN.L,1145.0
2026-09-04,PSON.L,1178.5
2026-09-04,PST.MI,26.89999961853028
2026-09-04,PSX,255.08999633789065
2026-09-04,PTC,141.02000427246094
2026-09-04,PWR,624.4099731445312
2026-09-04,PYPL,54.959999084472656
2026-09-04,Q,120.47000122070312
2026-09-04,QCOM,168.74000549316406
2026-09-04,QIA.DE,37.435001373291016
2026-09-04,RACE.MI,353.20001220703125
2026-09-04,RCL,265.19000244140625
2026-09-04,REC.MI,51.900001525878906
2026-09-04,REG,75.26000213623047
2026-09-04,REGN,827.719970703125
2026-09-04,REL.L,2620.0
2026-09-04,RF,30.420000076293945
2026-09-04,RHM.DE,1034.0
2026-09-04,RIO.L,7641.0
2026-09-04,RJF,178.2899932861328
2026-09-04,RKT.L,5114.0
2026-09-04,RL,351.20001220703125
2026-09-04,RMD,228.3500061035156
2026-09-04,RMV.L,491.0
2026-09-04,ROK,433.80999755859375
2026-09-04,ROL,35.86000061035156
2026-09-04,ROP,407.2799987792969
2026-09-04,ROST,230.69000244140625
2026-09-04,RSG,222.7100067138672
2026-09-04,RTO.L,348.3999938964844
2026-09-04,RTX,200.7899932861328
2026-09-04,RVTY,130.22000122070312
2026-09-04,RWE.DE,58.400001525878906
2026-09-04,SAP.DE,185.67999267578125
2026-09-04,SBAC,189.44000244140625
2026-09-04,SBRY.L,340.8999938964844
2026-09-04,SBUX,104.47000122070312
2026-09-04,SCHW,109.29000091552734
2026-09-04,SDR.L,585.0
2026-09-04,SFER.MI,9.109999656677246
2026-09-04,SGE.L,1051.5
2026-09-04,SGRO.L,950.2000122070312
2026-09-04,SHEL.L,3437.0
2026-09-04,SHL.DE,39.0
2026-09-04,SHOP,145.08999633789062
2026-09-04,SHW,333.7099914550781
2026-09-04,SIE.DE,272.6499938964844
2026-09-04,SJM,126.08000183105467
2026-09-04,SLB,57.5099983215332
2026-09-04,SMCI,39.59000015258789
2026-09-04,SMIN.L,2567.0
2026-09-04,SMT.L,1500.0
2026-09-04,SNA,383.0
2026-09-04,SNDK,1740.0
2026-09-04,SNPS,393.8399963378906
2026-09-04,SO,88.11000061035156
2026-09-04,SOLS,63.72999954223633
2026-09-04,SOLV,91.69000244140624
2026-09-04,SPG,209.44000244140625
2026-09-04,SPGI,443.510009765625
2026-09-04,SPM.MI,4.352000236511231
2026-09-04,SPX.L,6960.0
2026-09-04,SRE,84.04000091552734
2026-09-04,SRG.MI,5.659999847412109
2026-09-04,SSE.L,2401.0
2026-09-04,STAN.L,2244.0
2026-09-04,STE,224.58999633789065
2026-09-04,STJ.L,1160.0
2026-09-04,STLD,242.0599975585937
2026-09-04,STT,194.259994506836
2026-09-04,STX,849.280029296875
2026-09-04,STZ,128.17999267578125
2026-09-04,SVT.L,2982.0
2026-09-04,SW,45.83000183105469
2026-09-04,SWK,97.36000061035156
2026-09-04,SWKS,74.0199966430664
2026-09-04,SY1.DE,90.4000015258789
2026-09-04,SYF,79.91999816894531
2026-09-04,SYK,303.1300048828125
2026-09-04,SYY,80.05000305175781
2026-09-04,T,25.68000030517578
2026-09-04,TAP,40.5
2026-09-04,TDG,1162.050048828125
2026-09-04,TDY,610.6500244140625
2026-09-04,TEAM,189.5800018310547
2026-09-04,TECH,72.43000030517578
2026-09-04,TEL,208.6499938964844
2026-09-04,TEN.MI,24.15999984741211
2026-09-04,TER,357.0299987792969
2026-09-04,TFC,51.650001525878906
2026-09-04,TGT,164.44000244140625
2026-09-04,TIT.MI,7.75
2026-09-04,TJX,132.0800018310547
2026-09-04,TKO,186.009994506836
2026-09-04,TMO,613.780029296875
2026-09-04,TMUS,181.5200042724609
2026-09-04,TPL,362.4200134277344
2026-09-04,TPR,122.13999938964844
2026-09-04,TRGP,290.04998779296875
2026-09-04,TRI,105.68000030517578
2026-09-04,TRMB,59.470001220703125
2026-09-04,TRN.MI,9.4399995803833
2026-09-04,TROW,109.77999877929688
2026-09-04,TRV,369.3500061035156
2026-09-04,TSCO,34.9900016784668
2026-09-04,TSCO.L,475.3999938964844
2026-09-04,TSLA,354.0799865722656
2026-09-04,TSN,51.41999816894531
2026-09-04,TT,447.8999938964844
2026-09-04,TTD,14.43000030517578
2026-09-04,TTWO,214.69000244140625
2026-09-04,TXN,258.44000244140625
2026-09-04,TXT,79.06999969482422
2026-09-04,TYL,364.0299987792969
2026-09-04,UAL,111.37999725341795
2026-09-04,UBER,75.76000213623047
2026-09-04,UCG.MI,83.66999816894531
2026-09-04,UDR,36.380001068115234
2026-09-04,UHS,169.64999389648438
2026-09-04,ULTA,564.1199951171875
2026-09-04,ULVR.L,4763.0
2026-09-04,UNH,397.1400146484375
2026-09-04,UNI.MI,28.420000076293945
2026-09-04,UNP,289.6199951171875
2026-09-04,UPS,102.29000091552734
2026-09-04,URI,1009.8599853515624
2026-09-04,USB,63.369998931884766
2026-09-04,V,375.0700073242188
2026-09-04,VICI,25.420000076293945
2026-09-04,VLO,370.7200012207031
2026-09-04,VLTO,96.30999755859376
2026-09-04,VMC,262.6300048828125
2026-09-04,VNA.DE,19.14999961853028
2026-09-04,VOD.L,125.5999984741211
2026-09-04,VOW3.DE,81.30000305175781
2026-09-04,VRSK,185.7899932861328
2026-09-04,VRSN,292.0799865722656
2026-09-04,VRTX,546.1199951171875
2026-09-04,VST,149.3000030517578
2026-09-04,VTR,90.2699966430664
2026-09-04,VTRS,16.8799991607666
2026-09-04,VZ,50.13999938964844
2026-09-04,WAB,282.8599853515625
2026-09-04,WAT,409.3800048828125
2026-09-04,WBD,28.25
2026-09-04,WDAY,195.7899932861328
2026-09-04,WDC,467.4599914550781
2026-09-04,WEC,105.94000244140624
2026-09-04,WEIR.L,2724.0
2026-09-04,WELL,236.1699981689453
2026-09-04,WFC,89.97000122070312
2026-09-04,WM,218.9900054931641
2026-09-04,WMB,74.1500015258789
2026-09-04,WMT,107.13999938964844
2026-09-04,WPP.L,374.8999938964844
2026-09-04,WRB,69.13999938964844
2026-09-04,WSM,227.4199981689453
2026-09-04,WST,339.9700012207031
2026-09-04,WTB.L,2380.0
2026-09-04,WTW,334.739990234375
2026-09-04,WY,23.020000457763672
2026-09-04,WYNN,91.54000091552734
2026-09-04,XEL,75.72380065917969
2026-09-04,XOM,159.47000122070312
2026-09-04,XYL,105.69000244140624
2026-09-04,XYZ,82.76000213623047
2026-09-04,YUM,150.7100067138672
2026-09-04,ZAL.DE,23.51000022888184
2026-09-04,ZBH,98.06999969482422
2026-09-04,ZBRA,362.739990234375
2026-09-04,ZS,169.8000030517578
2026-09-04,ZTS,75.80999755859375
2026-09-07,000001.SZ,11.699999809265137
2026-09-07,000002.SZ,3.190000057220459
2026-09-07,000012.SZ,3.740000009536743
2026-09-07,000019.SZ,7.380000114440918
2026-09-07,000025.SZ,15.039999961853027
2026-09-07,000028.SZ,20.34000015258789
2026-09-07,000029.SZ,22.86000061035156
2026-09-07,000030.SZ,4.059999942779541
2026-09-07,000035.SZ,4.940000057220459
2026-09-07,000048.SZ,22.13999938964844
2026-09-07,000049.SZ,22.989999771118164
2026-09-07,000058.SZ,7.230000019073486
2026-09-07,000059.SZ,5.590000152587891
2026-09-07,000061.SZ,6.489999771118164
2026-09-07,000063.SZ,33.279998779296875
2026-09-07,000065.SZ,9.829999923706056
2026-09-07,000088.SZ,4.550000190734863
2026-09-07,000089.SZ,6.630000114440918
2026-09-07,000090.SZ,3.549999952316284
2026-09-07,000099.SZ,13.729999542236328
2026-09-07,0001.HK,69.25
2026-09-07,000100.SZ,4.809999942779541
2026-09-07,000156.SZ,7.090000152587891
2026-09-07,000157.SZ,6.639999866485596
2026-09-07,000166.SZ,4.519999980926514
2026-09-07,0002.HK,77.1500015258789
2026-09-07,000301.SZ,13.9399995803833
2026-09-07,000333.SZ,86.2699966430664
2026-09-07,000338.SZ,27.540000915527344
2026-09-07,000408.SZ,74.02999877929688
2026-09-07,000420.SZ,3.7300000190734863
2026-09-07,000422.SZ,12.460000038146973
2026-09-07,000425.SZ,8.3100004196167
2026-09-07,000498.SZ,4.940000057220459
2026-09-07,000503.SZ,6.960000038146973
2026-09-07,000517.SZ,2.1600000858306885
2026-09-07,000538.SZ,50.56999969482422
2026-09-07,000544.SZ,7.360000133514404
2026-09-07,000550.SZ,17.420000076293945
2026-09-07,000552.SZ,2.5299999713897705
2026-09-07,000555.SZ,10.899999618530272
2026-09-07,000557.SZ,3.7300000190734863
2026-09-07,000567.SZ,6.690000057220459
2026-09-07,000568.SZ,79.30000305175781
2026-09-07,000581.SZ,18.049999237060547
2026-09-07,000589.SZ,4.309999942779541
2026-09-07,000596.SZ,101.0
2026-09-07,000597.SZ,4.809999942779541
2026-09-07,000600.SZ,7.380000114440918
2026-09-07,000603.SZ,35.36000061035156
2026-09-07,000612.SZ,10.800000190734863
2026-09-07,000617.SZ,7.119999885559082
2026-09-07,000620.SZ,3.0199999809265137
2026-09-07,000625.SZ,7.110000133514404
2026-09-07,000628.SZ,53.380001068115234
2026-09-07,000630.SZ,6.380000114440918
2026-09-07,000650.SZ,5.360000133514404
2026-09-07,000651.SZ,38.900001525878906
2026-09-07,000657.SZ,60.0
2026-09-07,000661.SZ,73.08000183105469
2026-09-07,000672.SZ,14.873000144958496
2026-09-07,000676.SZ,7.079999923706055
2026-09-07,000680.SZ,10.600000381469728
2026-09-07,000681.SZ,17.68000030517578
2026-09-07,000682.SZ,11.18000030517578
2026-09-07,000685.SZ,11.34000015258789
2026-09-07,000686.SZ,7.980000019073486
2026-09-07,000688.SZ,27.57999992370605
2026-09-07,000690.SZ,4.980000019073486
2026-09-07,000708.SZ,13.43000030517578
2026-09-07,000712.SZ,12.350000381469728
2026-09-07,000718.SZ,2.0
2026-09-07,000719.SZ,12.31999969482422
2026-09-07,000725.SZ,5.679999828338623
2026-09-07,000727.SZ,2.259999990463257
2026-09-07,000735.SZ,6.739999771118164
2026-09-07,000737.SZ,14.329999923706056
2026-09-07,000756.SZ,13.15999984741211
2026-09-07,000758.SZ,6.070000171661377
2026-09-07,000761.SZ,2.299999952316284
2026-09-07,000762.SZ,22.1299991607666
2026-09-07,000766.SZ,16.770000457763672
2026-09-07,000767.SZ,3.369999885559082
2026-09-07,000768.SZ,23.280000686645508
2026-09-07,000776.SZ,21.809999465942383
2026-09-07,000786.SZ,16.299999237060547
2026-09-07,000791.SZ,7.21999979019165
2026-09-07,000792.SZ,26.280000686645508
2026-09-07,000795.SZ,8.460000038146973
2026-09-07,000800.SZ,6.019999980926514
2026-09-07,000801.SZ,12.600000381469728
2026-09-07,000807.SZ,26.790000915527344
2026-09-07,000810.SZ,9.729999542236328
2026-09-07,000811.SZ,37.880001068115234
2026-09-07,000813.SZ,3.75
2026-09-07,000821.SZ,7.369999885559082
2026-09-07,000828.SZ,10.09000015258789
2026-09-07,000829.SZ,9.050000190734863
2026-09-07,000837.SZ,10.039999961853027
2026-09-07,000848.SZ,8.380000114440918
2026-09-07,000858.SZ,71.45999908447266
2026-09-07,000860.SZ,11.149999618530272
2026-09-07,000875.SZ,4.849999904632568
2026-09-07,000876.SZ,7.820000171661377
2026-09-07,000881.SZ,6.710000038146973
2026-09-07,000885.SZ,12.15999984741211
2026-09-07,000895.SZ,24.0
2026-09-07,000899.SZ,9.350000381469728
2026-09-07,000901.SZ,14.100000381469728
2026-09-07,000902.SZ,14.359999656677246
2026-09-07,000913.SZ,11.15999984741211
2026-09-07,000915.SZ,25.989999771118164
2026-09-07,000917.SZ,7.269999980926514
2026-09-07,000923.SZ,16.520000457763672
2026-09-07,000927.SZ,2.490000009536743
2026-09-07,000928.SZ,5.420000076293945
2026-09-07,000930.SZ,5.300000190734863
2026-09-07,000935.SZ,21.65999984741211
2026-09-07,000938.SZ,35.369998931884766
2026-09-07,000950.SZ,5.360000133514404
2026-09-07,000963.SZ,27.200000762939453
2026-09-07,000966.SZ,4.010000228881836
2026-09-07,000968.SZ,7.230000019073486
2026-09-07,000969.SZ,17.43000030517578
2026-09-07,000970.SZ,11.75
2026-09-07,000975.SZ,25.799999237060547
2026-09-07,000977.SZ,74.73999786376953
2026-09-07,000983.SZ,6.619999885559082
2026-09-07,000990.SZ,6.53000020980835
2026-09-07,000999.SZ,24.670000076293945
2026-09-07,0012.HK,26.559999465942383
2026-09-07,001203.SZ,25.809999465942383
2026-09-07,001289.SZ,15.119999885559082
2026-09-07,001391.SZ,4.119999885559082
2026-09-07,0016.HK,119.1999969482422
2026-09-07,001965.SZ,9.779999732971191
2026-09-07,001979.SZ,6.889999866485596
2026-09-07,002001.SZ,26.51000022888184
2026-09-07,002027.SZ,4.880000114440918
2026-09-07,002028.SZ,145.0
2026-09-07,002049.SZ,62.040000915527344
2026-09-07,002050.SZ,36.5
2026-09-07,002074.SZ,25.989999771118164
2026-09-07,002129.SZ,9.199999809265137
2026-09-07,002142.SZ,34.130001068115234
2026-09-07,002179.SZ,34.150001525878906
2026-09-07,002180.SZ,16.700000762939453
2026-09-07,002230.SZ,39.43999862670898
2026-09-07,002236.SZ,16.280000686645508
2026-09-07,002241.SZ,23.600000381469727
2026-09-07,002252.SZ,4.940000057220459
2026-09-07,002304.SZ,39.5
2026-09-07,002311.SZ,44.29999923706055
2026-09-07,002352.SZ,31.75
2026-09-07,002371.SZ,660.6500244140625
2026-09-07,002415.SZ,34.869998931884766
2026-09-07,002422.SZ,41.540000915527344
2026-09-07,002459.SZ,6.860000133514404
2026-09-07,002460.SZ,48.86000061035156
2026-09-07,002463.SZ,122.6500015258789
2026-09-07,002466.SZ,45.2599983215332
2026-09-07,002475.SZ,55.93000030517578
2026-09-07,002493.SZ,13.989999771118164
2026-09-07,002594.SZ,86.51000213623047
2026-09-07,002600.SZ,12.630000114440918
2026-09-07,002601.SZ,15.56999969482422
2026-09-07,002648.SZ,27.01000022888184
2026-09-07,0027.HK,33.70000076293945
2026-09-07,002709.SZ,34.0
2026-09-07,002714.SZ,43.90999984741211
2026-09-07,002736.SZ,10.140000343322754
2026-09-07,002916.SZ,364.9800109863281
2026-09-07,002920.SZ,88.55999755859375
2026-09-07,002938.SZ,89.98999786376953
2026-09-07,003816.SZ,4.289999961853027
2026-09-07,0101.HK,7.070000171661377
2026-09-07,0175.HK,16.790000915527344
2026-09-07,0241.HK,3.164999961853028
2026-09-07,0267.HK,13.600000381469728
2026-09-07,0285.HK,26.8799991607666
2026-09-07,0288.HK,7.425000190734863
2026-09-07,0291.HK,18.89999961853028
2026-09-07,0300.HK,99.6500015258789
2026-09-07,0316.HK,150.0
2026-09-07,0322.HK,12.619999885559082
2026-09-07,1024.HK,33.97999954223633
2026-09-07,1038.HK,65.8499984741211
2026-09-07,1044.HK,21.57999992370605
2026-09-07,1088.HK,44.65999984741211
2026-09-07,1093.HK,9.68000030517578
2026-09-07,1099.HK,15.829999923706056
2026-09-07,1109.HK,29.8799991607666
2026-09-07,1113.HK,46.91999816894531
2026-09-07,1177.HK,5.46999979019165
2026-09-07,1209.HK,39.900001525878906
2026-09-07,1211.HK,84.5
2026-09-07,1299.HK,77.0999984741211
2026-09-07,1378.HK,23.15999984741211
2026-09-07,1398.HK,7.505000114440918
2026-09-07,1810.HK,27.5
2026-09-07,1876.HK,6.039999961853027
2026-09-07,1928.HK,14.18000030517578
2026-09-07,1929.HK,11.970000267028809
2026-09-07,1997.HK,31.280000686645508
2026-09-07,2015.HK,50.400001525878906
2026-09-07,2020.HK,74.33999633789062
2026-09-07,2057.HK,164.1999969482422
2026-09-07,2269.HK,48.47999954223633
2026-09-07,2313.HK,35.97999954223633
2026-09-07,2318.HK,56.25
2026-09-07,2319.HK,18.229999542236328
2026-09-07,2331.HK,13.75
2026-09-07,2359.HK,191.6999969482422
2026-09-07,2382.HK,69.55000305175781
2026-09-07,2388.HK,52.79999923706055
2026-09-07,2618.HK,11.140000343322754
2026-09-07,2628.HK,30.559999465942383
2026-09-07,2688.HK,49.52000045776367
2026-09-07,2899.HK,35.91999816894531
2026-09-07,300014.SZ,50.970001220703125
2026-09-07,300015.SZ,8.279999732971191
2026-09-07,300033.SZ,216.9100036621093
2026-09-07,300059.SZ,18.989999771118164
2026-09-07,300122.SZ,13.279999732971191
2026-09-07,300124.SZ,58.900001525878906
2026-09-07,300274.SZ,88.75
2026-09-07,300308.SZ,898.4600219726562
2026-09-07,300316.SZ,41.25
2026-09-07,300347.SZ,49.2599983215332
2026-09-07,300394.SZ,267.0
2026-09-07,300408.SZ,114.91999816894533
2026-09-07,300413.SZ,22.100000381469727
2026-09-07,300418.SZ,46.59999847412109
2026-09-07,300433.SZ,35.779998779296875
2026-09-07,300442.SZ,63.9900016784668
2026-09-07,300498.SZ,15.279999732971191
2026-09-07,300502.SZ,417.2000122070313
2026-09-07,300628.SZ,40.869998931884766
2026-09-07,300661.SZ,110.5999984741211
2026-09-07,300750.SZ,348.20001220703125
2026-09-07,300759.SZ,41.2599983215332
2026-09-07,300760.SZ,167.8699951171875
2026-09-07,300782.SZ,73.69999694824219
2026-09-07,300832.SZ,50.93000030517578
2026-09-07,300896.SZ,92.95999908447266
2026-09-07,300979.SZ,32.66999816894531
2026-09-07,300999.SZ,27.39999961853028
2026-09-07,301236.SZ,37.709999084472656
2026-09-07,301269.SZ,93.27999877929688
2026-09-07,302132.SZ,72.18000030517578
2026-09-07,600000.SS,9.229999542236328
2026-09-07,600009.SS,23.850000381469727
2026-09-07,600010.SS,2.190000057220459
2026-09-07,600011.SS,6.840000152587891
2026-09-07,600015.SS,6.25
2026-09-07,600016.SS,3.5999999046325684
2026-09-07,600018.SS,5.400000095367432
2026-09-07,600019.SS,5.75
2026-09-07,600023.SS,4.849999904632568
2026-09-07,600025.SS,9.579999923706056
2026-09-07,600026.SS,19.75
2026-09-07,600027.SS,4.820000171661377
2026-09-07,600028.SS,5.369999885559082
2026-09-07,600029.SS,5.03000020980835
2026-09-07,600030.SS,27.670000076293945
2026-09-07,600031.SS,19.88999938964844
2026-09-07,600036.SS,41.06999969482422
2026-09-07,600039.SS,9.229999542236328
2026-09-07,600048.SS,5.210000038146973
2026-09-07,600050.SS,4.21999979019165
2026-09-07,600061.SS,6.460000038146973
2026-09-07,600066.SS,28.43000030517578
2026-09-07,600085.SS,24.170000076293945
2026-09-07,600089.SS,18.940000534057617
2026-09-07,600104.SS,10.579999923706056
2026-09-07,600111.SS,38.79999923706055
2026-09-07,600115.SS,3.5
2026-09-07,600150.SS,38.380001068115234
2026-09-07,600160.SS,37.95000076293945
2026-09-07,600161.SS,12.25
2026-09-07,600176.SS,41.70000076293945
2026-09-07,600183.SS,148.14999389648438
2026-09-07,600188.SS,20.780000686645508
2026-09-07,600196.SS,22.64999961853028
2026-09-07,600219.SS,4.869999885559082
2026-09-07,600233.SS,16.889999389648438
2026-09-07,600276.SS,46.2599983215332
2026-09-07,600309.SS,76.73999786376953
2026-09-07,600332.SS,20.14999961853028
2026-09-07,600346.SS,18.229999542236328
2026-09-07,600362.SS,46.02000045776367
2026-09-07,600372.SS,11.300000190734863
2026-09-07,600377.SS,12.489999771118164
2026-09-07,600406.SS,22.690000534057617
2026-09-07,600415.SS,13.0600004196167
2026-09-07,600426.SS,20.31999969482422
2026-09-07,600436.SS,122.68000030517578
2026-09-07,600438.SS,11.670000076293944
2026-09-07,600460.SS,30.959999084472656
2026-09-07,600482.SS,35.040000915527344
2026-09-07,600489.SS,25.06999969482422
2026-09-07,600515.SS,2.8299999237060547
2026-09-07,A2A.MI,2.313999891281128
2026-09-07,AAF.L,348.0
2026-09-07,AAL.L,4190.0
2026-09-07,ABF.L,2039.0
2026-09-07,ADM.L,3866.0
2026-09-07,ADS.DE,147.60000610351562
2026-09-07,AIR.DE,198.63999938964844
2026-09-07,ALV.DE,447.3999938964844
2026-09-07,ALW.L,1365.0
2026-09-07,AMP.MI,11.670000076293944
2026-09-07,ANTO.L,3898.0
2026-09-07,AUTO.L,505.3999938964844
2026-09-07,AZM.MI,38.790000915527344
2026-09-07,AZN.L,12042.0
2026-09-07,BAB.L,980.0
2026-09-07,BAMI.MI,16.149999618530273
2026-09-07,BARC.L,499.6499938964844
2026-09-07,BAS.DE,53.02999877929688
2026-09-07,BATS.L,4099.0
2026-09-07,BAYN.DE,48.709999084472656
2026-09-07,BEI.DE,75.5999984741211
2026-09-07,BEZ.L,1299.0
2026-09-07,BFF.MI,2.9739999771118164
2026-09-07,BKG.L,3444.0
2026-09-07,BMED.MI,23.229999542236328
2026-09-07,BMPS.MI,11.607999801635742
2026-09-07,BMW.DE,62.84000015258789
2026-09-07,BNR.DE,60.91999816894531
2026-09-07,BNZL.L,2644.0
2026-09-07,BPE.MI,14.317999839782717
2026-09-07,BRBY.L,1102.0
2026-09-07,BTRW.L,301.0
2026-09-07,BZU.MI,40.79999923706055
2026-09-07,CBK.DE,42.75
2026-09-07,CCEP.L,7825.0
2026-09-07,CCH.L,4480.0
2026-09-07,CNA.L,153.10000610351562
2026-09-07,CON.DE,72.4000015258789
2026-09-07,CPG.L,30.950000762939453
2026-09-07,CPR.MI,5.716000080108643
2026-09-07,CRDA.L,3263.0
2026-09-07,CTEC.L,226.8000030517578
2026-09-07,DB1.DE,278.5
2026-09-07,DBK.DE,35.525001525878906
2026-09-07,DCC.L,6325.0
2026-09-07,DGE.L,1630.0
2026-09-07,DHL.DE,55.5
2026-09-07,DIA.MI,74.04000091552734
2026-09-07,DPLM.L,7195.0
2026-09-07,DTE.DE,28.239999771118164
2026-09-07,DTG.DE,45.43999862670898
2026-09-07,EDV.L,4691.0
2026-09-07,ENEL.MI,8.996999740600586
2026-09-07,ENI.MI,23.209999084472656
2026-09-07,ENR.DE,148.47999572753906
2026-09-07,ENT.L,512.0
2026-09-07,EOAN.DE,17.700000762939453
2026-09-07,ERG.MI,22.280000686645508
2026-09-07,EXPN.L,2807.0
2026-09-07,EZJ.L,671.5999755859375
2026-09-07,FCIT.L,344.3999938964844
2026-09-07,FME.DE,39.27999877929688
2026-09-07,FRE.DE,43.29499816894531
2026-09-07,FRES.L,3079.0
2026-09-07,G.MI,44.77999877929688
2026-09-07,G1A.DE,64.80000305175781
2026-09-07,G24.DE,75.4000015258789
2026-09-07,GAW.L,18400.0
2026-09-07,GLEN.L,603.7999877929688
2026-09-07,GSK.L,1837.5
2026-09-07,HEI.DE,165.0500030517578
2026-09-07,HEN3.DE,76.23999786376953
2026-09-07,HER.MI,3.7160000801086426
2026-09-07,HIK.L,1600.0
2026-09-07,HLMA.L,3648.0
2026-09-07,HLN.L,343.29998779296875
2026-09-07,HNR1.DE,253.6000061035156
2026-09-07,HSBA.L,1579.0
2026-09-07,HSX.L,1858.0
2026-09-07,HWDN.L,769.5
2026-09-07,IAG.L,428.3999938964844
2026-09-07,ICG.L,1931.0
2026-09-07,IFX.DE,60.790000915527344
2026-09-07,IG.MI,8.333999633789062
2026-09-07,IHG.L,156.14999389648438
2026-09-07,III.L,2790.0
2026-09-07,IMB.L,2472.0
2026-09-07,IMI.L,3068.0
2026-09-07,INF.L,902.2000122070312
2026-09-07,INW.MI,6.079999923706055
2026-09-07,IP.MI,36.81999969482422
2026-09-07,ISP.MI,6.734000205993652
2026-09-07,ITRK.L,5850.0
2026-09-07,KGF.L,302.3999938964844
2026-09-07,LAND.L,662.5
2026-09-07,LDO.MI,50.20000076293945
2026-09-07,LGEN.L,293.6000061035156
2026-09-07,LLOY.L,113.3499984741211
2026-09-07,LMP.L,183.0
2026-09-07,LSEG.L,8732.0
2026-09-07,MB.MI,28.07999992370605
2026-09-07,MBG.DE,48.09999847412109
2026-09-07,MKS.L,391.0
2026-09-07,MNDI.L,837.0
2026-09-07,MNG.L,360.0
2026-09-07,MONC.MI,46.18000030517578
2026-09-07,MRK.DE,135.10000610351562
2026-09-07,MRO.L,496.5
2026-09-07,MTLN.L,47.97999954223633
2026-09-07,MTX.DE,351.6000061035156
2026-09-07,MUV2.DE,513.0
2026-09-07,NEXI.MI,4.214000225067139
2026-09-07,NWG.L,700.0
2026-09-07,NXT.L,15500.0
2026-09-07,PAH3.DE,28.90999984741211
2026-09-07,PCT.L,655.5
2026-09-07,PRU.L,1022.0
2026-09-07,PRY.MI,125.5
2026-09-07,PSH.L,3838.0
2026-09-07,PSN.L,1130.5
2026-09-07,PSON.L,1161.5
2026-09-07,PST.MI,26.25
2026-09-07,QIA.DE,36.34000015258789
2026-09-07,RACE.MI,356.1499938964844
2026-09-07,REC.MI,51.79999923706055
2026-09-07,REL.L,2572.0
2026-09-07,RHM.DE,1020.7999877929688
2026-09-07,RIO.L,7642.0
2026-09-07,RKT.L,5090.0
2026-09-07,RMV.L,486.2999877929688
2026-09-07,RTO.L,341.70001220703125
2026-09-07,RWE.DE,59.560001373291016
2026-09-07,SAP.DE,182.8000030517578
2026-09-07,SBRY.L,341.5
2026-09-07,SDR.L,585.0
2026-09-07,SFER.MI,9.085000038146973
2026-09-07,SGE.L,1033.0
2026-09-07,SGRO.L,941.4000244140624
2026-09-07,SHEL.L,3482.5
2026-09-07,SHL.DE,38.619998931884766
2026-09-07,SIE.DE,270.3999938964844
2026-09-07,SMIN.L,2601.0
2026-09-07,SMT.L,1486.0
2026-09-07,SPM.MI,4.331999778747559
2026-09-07,SPX.L,6975.0
2026-09-07,SRG.MI,5.538000106811523
2026-09-07,SSE.L,2402.0
2026-09-07,STAN.L,2269.0
2026-09-07,STJ.L,1134.0
2026-09-07,SVT.L,2944.0
2026-09-07,SY1.DE,89.83999633789062
2026-09-07,TEN.MI,24.43000030517578
2026-09-07,TIT.MI,7.473999977111816
2026-09-07,TRN.MI,9.366000175476074
2026-09-07,TSCO.L,474.5
2026-09-07,UCG.MI,84.1500015258789
2026-09-07,ULVR.L,4693.5
2026-09-07,UNI.MI,28.100000381469727
2026-09-07,VNA.DE,18.729999542236328
2026-09-07,VOD.L,125.4499969482422
2026-09-07,VOW3.DE,81.0199966430664
2026-09-07,WEIR.L,2724.0
2026-09-07,WPP.L,376.6000061035156
2026-09-07,WTB.L,2348.0
2026-09-07,ZAL.DE,23.57999992370605
2026-09-08,000001.SZ,11.779999732971191
2026-09-08,000002.SZ,3.2699999809265137
2026-09-08,000012.SZ,3.799999952316284
2026-09-08,000019.SZ,7.690000057220459
2026-09-08,000025.SZ,15.59000015258789
2026-09-08,000028.SZ,20.36000061035156
2026-09-08,000029.SZ,23.0
2026-09-08,000030.SZ,4.079999923706055
2026-09-08,000035.SZ,5.03000020980835
2026-09-08,000048.SZ,21.700000762939453
2026-09-08,000049.SZ,22.920000076293945
2026-09-08,000058.SZ,7.300000190734863
2026-09-08,000059.SZ,6.150000095367432
2026-09-08,000061.SZ,6.699999809265137
2026-09-08,000063.SZ,33.209999084472656
2026-09-08,000065.SZ,9.890000343322754
2026-09-08,000088.SZ,4.599999904632568
2026-09-08,000089.SZ,6.650000095367432
2026-09-08,000090.SZ,3.670000076293945
2026-09-08,000099.SZ,13.829999923706056
2026-09-08,0001.HK,69.3499984741211
2026-09-08,000100.SZ,4.760000228881836
2026-09-08,000156.SZ,7.159999847412109
2026-09-08,000157.SZ,6.679999828338623
2026-09-08,000166.SZ,4.539999961853027
2026-09-08,0002.HK,77.25
2026-09-08,000301.SZ,14.199999809265137
2026-09-08,000333.SZ,85.1500015258789
2026-09-08,000338.SZ,26.61000061035156
2026-09-08,000408.SZ,76.29000091552734
2026-09-08,000420.SZ,3.75
2026-09-08,000422.SZ,12.979999542236328
2026-09-08,000425.SZ,8.329999923706055
2026-09-08,000498.SZ,4.989999771118164
2026-09-08,000503.SZ,7.110000133514404
2026-09-08,000517.SZ,2.2100000381469727
2026-09-08,000538.SZ,50.869998931884766
2026-09-08,000544.SZ,7.460000038146973
2026-09-08,000550.SZ,17.459999084472656
2026-09-08,000552.SZ,2.650000095367432
2026-09-08,000555.SZ,10.979999542236328
2026-09-08,000557.SZ,3.849999904632568
2026-09-08,000567.SZ,6.699999809265137
2026-09-08,000568.SZ,77.77999877929688
2026-09-08,000581.SZ,18.200000762939453
2026-09-08,000589.SZ,4.380000114440918
2026-09-08,000596.SZ,101.0
2026-09-08,000597.SZ,4.929999828338623
2026-09-08,000600.SZ,7.440000057220459
2026-09-08,000603.SZ,34.5
2026-09-08,000612.SZ,10.989999771118164
2026-09-08,000617.SZ,7.25
2026-09-08,000620.SZ,3.319999933242798
2026-09-08,000625.SZ,7.239999771118164
2026-09-08,000628.SZ,53.20000076293945
2026-09-08,000630.SZ,6.539999961853027
2026-09-08,000650.SZ,5.460000038146973
2026-09-08,000651.SZ,38.290000915527344
2026-09-08,000657.SZ,59.86000061035156
2026-09-08,000661.SZ,75.93000030517578
2026-09-08,000672.SZ,15.18000030517578
2026-09-08,000676.SZ,7.150000095367432
2026-09-08,000680.SZ,10.729999542236328
2026-09-08,000681.SZ,17.989999771118164
2026-09-08,000682.SZ,11.199999809265137
2026-09-08,000685.SZ,11.399999618530272
2026-09-08,000686.SZ,8.0
2026-09-08,000688.SZ,27.71999931335449
2026-09-08,000690.SZ,5.119999885559082
2026-09-08,000708.SZ,13.65999984741211
2026-09-08,000712.SZ,11.850000381469728
2026-09-08,000718.SZ,2.049999952316284
2026-09-08,000719.SZ,12.470000267028809
2026-09-08,000725.SZ,5.559999942779541
2026-09-08,000727.SZ,2.289999961853028
2026-09-08,000735.SZ,6.809999942779541
2026-09-08,000737.SZ,15.710000038146973
2026-09-08,000756.SZ,13.520000457763672
2026-09-08,000758.SZ,6.269999980926514
2026-09-08,000761.SZ,2.430000066757202
2026-09-08,000762.SZ,22.690000534057617
2026-09-08,000766.SZ,17.170000076293945
2026-09-08,000767.SZ,3.430000066757202
2026-09-08,000768.SZ,23.549999237060547
2026-09-08,000776.SZ,21.6299991607666
2026-09-08,000786.SZ,16.479999542236328
2026-09-08,000791.SZ,7.260000228881836
2026-09-08,000792.SZ,26.82999992370605
2026-09-08,000795.SZ,8.430000305175781
2026-09-08,000800.SZ,6.050000190734863
2026-09-08,000801.SZ,12.649999618530272
2026-09-08,000807.SZ,27.489999771118164
2026-09-08,000810.SZ,9.710000038146973
2026-09-08,000811.SZ,36.810001373291016
2026-09-08,000813.SZ,3.569999933242798
2026-09-08,000821.SZ,7.699999809265137
2026-09-08,000828.SZ,10.130000114440918
2026-09-08,000829.SZ,9.229999542236328
2026-09-08,000837.SZ,9.90999984741211
2026-09-08,000848.SZ,8.369999885559082
2026-09-08,000858.SZ,71.6500015258789
2026-09-08,000860.SZ,11.239999771118164
2026-09-08,000875.SZ,4.920000076293945
2026-09-08,000876.SZ,7.820000171661377
2026-09-08,000881.SZ,6.829999923706055
2026-09-08,000885.SZ,12.229999542236328
2026-09-08,000895.SZ,23.940000534057617
2026-09-08,000899.SZ,9.460000038146973
2026-09-08,000901.SZ,14.34000015258789
2026-09-08,000902.SZ,14.880000114440918
2026-09-08,000913.SZ,11.199999809265137
2026-09-08,000915.SZ,26.350000381469727
2026-09-08,000917.SZ,7.369999885559082
2026-09-08,000923.SZ,17.34000015258789
2026-09-08,000927.SZ,2.539999961853028
2026-09-08,000928.SZ,5.960000038146973
2026-09-08,000930.SZ,5.829999923706055
2026-09-08,000935.SZ,21.700000762939453
2026-09-08,000938.SZ,33.88999938964844
2026-09-08,000950.SZ,5.429999828338623
2026-09-08,000963.SZ,27.299999237060547
2026-09-08,000966.SZ,4.050000190734863
2026-09-08,000968.SZ,7.579999923706055
2026-09-08,000969.SZ,17.309999465942383
2026-09-08,000970.SZ,11.829999923706056
2026-09-08,000975.SZ,25.799999237060547
2026-09-08,000977.SZ,72.31999969482422
2026-09-08,000983.SZ,6.889999866485596
2026-09-08,000990.SZ,6.760000228881836
2026-09-08,000999.SZ,24.84000015258789
2026-09-08,0012.HK,26.65999984741211
2026-09-08,001203.SZ,25.5
2026-09-08,001289.SZ,15.170000076293944
2026-09-08,001391.SZ,4.170000076293945
2026-09-08,0016.HK,119.8000030517578
2026-09-08,001965.SZ,9.619999885559082
2026-09-08,001979.SZ,6.949999809265137
2026-09-08,002001.SZ,26.64999961853028
2026-09-08,002027.SZ,4.929999828338623
2026-09-08,002028.SZ,139.4499969482422
2026-09-08,002049.SZ,61.43000030517578
2026-09-08,002050.SZ,36.220001220703125
2026-09-08,002074.SZ,25.850000381469727
2026-09-08,002129.SZ,9.279999732971191
2026-09-08,002142.SZ,34.65999984741211
2026-09-08,002179.SZ,34.0099983215332
2026-09-08,002180.SZ,16.719999313354492
2026-09-08,002230.SZ,39.27000045776367
2026-09-08,002236.SZ,16.200000762939453
2026-09-08,002241.SZ,23.68000030517578
2026-09-08,002252.SZ,5.059999942779541
2026-09-08,002304.SZ,39.68000030517578
2026-09-08,002311.SZ,44.43000030517578
2026-09-08,002352.SZ,31.84000015258789
2026-09-08,002371.SZ,647.8699951171875
2026-09-08,002415.SZ,33.650001525878906
2026-09-08,002422.SZ,40.7599983215332
2026-09-08,002459.SZ,6.920000076293945
2026-09-08,002460.SZ,49.09000015258789
2026-09-08,002463.SZ,124.9000015258789
2026-09-08,002466.SZ,45.59000015258789
2026-09-08,002475.SZ,55.060001373291016
2026-09-08,002493.SZ,14.489999771118164
2026-09-08,002594.SZ,86.56999969482422
2026-09-08,002600.SZ,12.43000030517578
2026-09-08,002601.SZ,15.739999771118164
2026-09-08,002648.SZ,27.690000534057617
2026-09-08,0027.HK,33.720001220703125
2026-09-08,002709.SZ,33.66999816894531
2026-09-08,002714.SZ,43.22999954223633
2026-09-08,002736.SZ,10.119999885559082
2026-09-08,002916.SZ,382.5
2026-09-08,002920.SZ,86.80999755859375
2026-09-08,002938.SZ,89.45999908447266
2026-09-08,003816.SZ,4.309999942779541
2026-09-08,0101.HK,7.065000057220459
2026-09-08,0175.HK,16.920000076293945
2026-09-08,0241.HK,3.140000104904175
2026-09-08,0267.HK,13.520000457763672
2026-09-08,0285.HK,25.520000457763672
2026-09-08,0288.HK,7.425000190734863
2026-09-08,0291.HK,19.309999465942383
2026-09-08,0300.HK,98.3499984741211
2026-09-08,0316.HK,153.10000610351562
2026-09-08,0322.HK,12.420000076293944
2026-09-08,1024.HK,33.040000915527344
2026-09-08,1038.HK,65.1500015258789
2026-09-08,1044.HK,21.57999992370605
2026-09-08,1088.HK,45.619998931884766
2026-09-08,1093.HK,9.420000076293944
2026-09-08,1099.HK,16.030000686645508
2026-09-08,1109.HK,30.440000534057617
2026-09-08,1113.HK,47.02000045776367
2026-09-08,1177.HK,5.84499979019165
2026-09-08,1209.HK,40.79999923706055
2026-09-08,1211.HK,83.8499984741211
2026-09-08,1299.HK,76.9000015258789
2026-09-08,1378.HK,23.520000457763672
2026-09-08,1398.HK,7.510000228881836
2026-09-08,1810.HK,26.920000076293945
2026-09-08,1876.HK,6.114999771118164
2026-09-08,1928.HK,14.029999732971191
2026-09-08,1929.HK,12.279999732971191
2026-09-08,1997.HK,31.3799991607666
2026-09-08,2015.HK,49.31999969482422
2026-09-08,2020.HK,75.94999694824219
2026-09-08,2057.HK,162.1999969482422
2026-09-08,2269.HK,49.29999923706055
2026-09-08,2313.HK,36.34000015258789
2026-09-08,2318.HK,55.25
2026-09-08,2319.HK,18.5
2026-09-08,2331.HK,14.229999542236328
2026-09-08,2359.HK,195.3999938964844
2026-09-08,2382.HK,67.30000305175781
2026-09-08,2388.HK,51.650001525878906
2026-09-08,2618.HK,11.020000457763672
2026-09-08,2628.HK,29.6200008392334
2026-09-08,2688.HK,51.400001525878906
2026-09-08,2899.HK,36.959999084472656
2026-09-08,300014.SZ,50.70000076293945
2026-09-08,300015.SZ,8.350000381469727
2026-09-08,300033.SZ,214.97000122070312
2026-09-08,300059.SZ,18.84000015258789
2026-09-08,300122.SZ,13.510000228881836
2026-09-08,300124.SZ,57.150001525878906
2026-09-08,300274.SZ,87.8499984741211
2026-09-08,300308.SZ,902.3699951171876
2026-09-08,300316.SZ,40.2400016784668
2026-09-08,300347.SZ,53.29999923706055
2026-09-08,300394.SZ,258.5
2026-09-08,300408.SZ,115.16999816894533
2026-09-08,300413.SZ,20.6200008392334
2026-09-08,300418.SZ,46.09000015258789
2026-09-08,300433.SZ,34.599998474121094
2026-09-08,300442.SZ,63.02999877929688
2026-09-08,300498.SZ,15.229999542236328
2026-09-08,300502.SZ,416.3999938964844
2026-09-08,300628.SZ,39.75
2026-09-08,300661.SZ,107.12999725341795
2026-09-08,300750.SZ,335.489990234375
2026-09-08,300759.SZ,42.7599983215332
2026-09-08,300760.SZ,169.9499969482422
2026-09-08,300782.SZ,71.61000061035156
2026-09-08,300832.SZ,49.84999847412109
2026-09-08,300896.SZ,93.0999984741211
2026-09-08,300979.SZ,33.31999969482422
2026-09-08,300999.SZ,27.790000915527344
2026-09-08,301236.SZ,37.0
2026-09-08,301269.SZ,90.36000061035156
2026-09-08,302132.SZ,72.18000030517578
2026-09-08,600000.SS,9.279999732971191
2026-09-08,600009.SS,23.850000381469727
2026-09-08,600010.SS,2.2100000381469727
2026-09-08,600011.SS,6.900000095367432
2026-09-08,600015.SS,6.309999942779541
2026-09-08,600016.SS,3.630000114440918
2026-09-08,600018.SS,5.440000057220459
2026-09-08,600019.SS,5.829999923706055
2026-09-08,600023.SS,4.929999828338623
2026-09-08,600025.SS,9.609999656677246
2026-09-08,600026.SS,20.229999542236328
2026-09-08,600027.SS,4.840000152587891
2026-09-08,600028.SS,5.590000152587891
2026-09-08,600029.SS,5.019999980926514
2026-09-08,600030.SS,27.34000015258789
2026-09-08,600031.SS,19.96999931335449
2026-09-08,600036.SS,40.900001525878906
2026-09-08,600039.SS,9.210000038146973
2026-09-08,600048.SS,5.28000020980835
2026-09-08,600050.SS,4.239999771118164
2026-09-08,600061.SS,6.46999979019165
2026-09-08,600066.SS,27.90999984741211
2026-09-08,600085.SS,24.350000381469727
2026-09-08,600089.SS,19.07999992370605
2026-09-08,600104.SS,10.710000038146973
2026-09-08,600111.SS,39.040000915527344
2026-09-08,600115.SS,3.490000009536743
2026-09-08,600150.SS,39.08000183105469
2026-09-08,600160.SS,38.22999954223633
2026-09-08,600161.SS,12.729999542236328
2026-09-08,600176.SS,41.38999938964844
2026-09-08,600183.SS,146.27999877929688
2026-09-08,600188.SS,21.5
2026-09-08,600196.SS,22.75
2026-09-08,600219.SS,4.980000019073486
2026-09-08,600233.SS,16.670000076293945
2026-09-08,600276.SS,45.709999084472656
2026-09-08,600309.SS,78.08999633789062
2026-09-08,600332.SS,20.280000686645508
2026-09-08,600346.SS,18.790000915527344
2026-09-08,600362.SS,48.52999877929688
2026-09-08,600372.SS,11.779999732971191
2026-09-08,600377.SS,12.399999618530272
2026-09-08,600406.SS,22.40999984741211
2026-09-08,600415.SS,12.760000228881836
2026-09-08,600426.SS,21.13999938964844
2026-09-08,600436.SS,123.33999633789062
2026-09-08,600438.SS,11.859999656677246
2026-09-08,600460.SS,30.36000061035156
2026-09-08,600482.SS,34.40999984741211
2026-09-08,600489.SS,25.200000762939453
2026-09-08,600515.SS,2.869999885559082
2026-09-08,A,146.85000610351562
2026-09-08,A2A.MI,2.338000059127808
2026-09-08,AAF.L,351.20001220703125
2026-09-08,AAL.L,4306.0
2026-09-08,AAPL,316.2200012207031
2026-09-08,ABBV,248.77999877929688
2026-09-08,ABF.L,2039.0
2026-09-08,ABNB,174.5399932861328
2026-09-08,ABT,105.5199966430664
2026-09-08,ACGL,95.70999908447266
2026-09-08,ACN,179.02999877929688
2026-09-08,ADBE,257.260009765625
2026-09-08,ADI,363.2000122070313
2026-09-08,ADM,84.5
2026-09-08,ADM.L,3856.0
2026-09-08,ADP,267.9599914550781
2026-09-08,ADS.DE,147.85000610351562
2026-09-08,ADSK,212.2100067138672
2026-09-08,AEE,106.7300033569336
2026-09-08,AEP,125.41999816894533
2026-09-08,AES,14.829999923706056
2026-09-08,AFL,115.16000366210938
2026-09-08,AIG,74.68000030517578
2026-09-08,AIR.DE,200.75
2026-09-08,AIZ,281.010009765625
2026-09-08,AJG,251.4499969482422
2026-09-08,AKAM,105.61000061035156
2026-09-08,ALB,129.57000732421875
2026-09-08,ALGN,153.49000549316406
2026-09-08,ALL,253.4600067138672
2026-09-08,ALLE,156.0500030517578
2026-09-08,ALV.DE,445.3999938964844
2026-09-08,ALW.L,1361.0
2026-09-08,AMAT,472.7900085449219
2026-09-08,AMCR,44.34000015258789
2026-09-08,AMD,505.739990234375
2026-09-08,AME,237.759994506836
2026-09-08,AMGN,393.1700134277344
2026-09-08,AMP,556.6699829101562
2026-09-08,AMP.MI,11.550000190734863
2026-09-08,AMT,175.72999572753906
2026-09-08,AMZN,256.9700012207031
2026-09-08,ANET,194.9600067138672
2026-09-08,ANTO.L,4081.0
2026-09-08,AON,315.7900085449219
2026-09-08,AOS,58.81999969482422
2026-09-08,APA,43.54999923706055
2026-09-08,APD,297.7099914550781
2026-09-08,APH,81.76000213623047
2026-09-08,APO,131.80999755859375
2026-09-08,APP,312.010009765625
2026-09-08,APTV,45.72999954223633
2026-09-08,ARE,50.77000045776367
2026-09-08,ARM,261.5299987792969
2026-09-08,ASML,1764.8499755859375
2026-09-08,ATO,168.07000732421875
2026-09-08,AUTO.L,513.0
2026-09-08,AVGO,368.55999755859375
2026-09-08,AVY,170.6999969482422
2026-09-08,AWK,140.3800048828125
2026-09-08,AXON,505.4299926757813
2026-09-08,AXP,326.1000061035156
2026-09-08,AZM.MI,39.09999847412109
2026-09-08,AZN,160.0399932861328
2026-09-08,AZN.L,11876.0
2026-09-08,AZO,2951.610107421875
2026-09-08,BA,210.72999572753903
2026-09-08,BAB.L,975.5999755859376
2026-09-08,BAC,62.38999938964844
2026-09-08,BALL,61.02000045776367
2026-09-08,BAMI.MI,16.110000610351562
2026-09-08,BARC.L,498.0499877929688
2026-09-08,BAS.DE,53.66999816894531
2026-09-08,BATS.L,4079.0
2026-09-08,BAX,24.86000061035156
2026-09-08,BAYN.DE,49.40999984741211
2026-09-08,BBY,89.33000183105469
2026-09-08,BDX,179.10000610351562
2026-09-08,BEI.DE,76.44000244140625
2026-09-08,BEN,34.650001525878906
2026-09-08,BEZ.L,1299.0
2026-09-08,BFF.MI,2.934000015258789
2026-09-08,BG,123.88999938964844
2026-09-08,BIIB,212.5
2026-09-08,BKG.L,3418.0
2026-09-08,BKNG,180.3000030517578
2026-09-08,BKR,63.91999816894531
2026-09-08,BLDR,62.58000183105469
2026-09-08,BLK,1095.3699951171875
2026-09-08,BMED.MI,23.68000030517578
2026-09-08,BMPS.MI,11.645999908447266
2026-09-08,BMW.DE,63.70000076293945
2026-09-08,BMY,64.69000244140625
2026-09-08,BNR.DE,61.79999923706055
2026-09-08,BNZL.L,2658.0
2026-09-08,BPE.MI,14.40999984741211
2026-09-08,BR,168.6199951171875
2026-09-08,BRBY.L,1078.0
2026-09-08,BRO,68.18000030517578
2026-09-08,BSX,44.97999954223633
2026-09-08,BTRW.L,298.20001220703125
2026-09-08,BX,133.97000122070312
2026-09-08,BXP,65.73999786376953
2026-09-08,BZU.MI,40.29999923706055
2026-09-08,C,136.74000549316406
2026-09-08,CAG,15.260000228881836
2026-09-08,CAH,240.4900054931641
2026-09-08,CARR,59.11000061035156
2026-09-08,CAT,822.47998046875
2026-09-08,CB,336.6400146484375
2026-09-08,CBK.DE,42.650001525878906
2026-09-08,CBOE,293.3299865722656
2026-09-08,CBRE,142.25999450683594
2026-09-08,CCEP,106.5500030517578
2026-09-08,CCEP.L,7870.0
2026-09-08,CCH.L,4590.0
2026-09-08,CCI,75.97000122070312
2026-09-08,CCL,23.200000762939453
2026-09-08,CDNS,284.1099853515625
2026-09-08,CDW,144.47999572753906
2026-09-08,CEG,299.04998779296875
2026-09-08,CF,134.3300018310547
2026-09-08,CFG,69.98999786376953
2026-09-08,CHD,96.54000091552734
2026-09-08,CHRW,150.10000610351562
2026-09-08,CHTR,145.74000549316406
2026-09-08,CI,275.8299865722656
2026-09-08,CINF,169.13999938964844
2026-09-08,CL,88.41000366210938
2026-09-08,CLX,91.5999984741211
2026-09-08,CMCSA,26.32999992370605
2026-09-08,CME,278.2300109863281
2026-09-08,CMG,36.959999084472656
2026-09-08,CMI,561.5499877929688
2026-09-08,CMS,68.79000091552734
2026-09-08,CNA.L,152.35000610351562
2026-09-08,CNC,64.58000183105469
2026-09-08,CNP,40.119998931884766
2026-09-08,COF,213.9600067138672
2026-09-08,COIN,178.94000244140625
2026-09-08,CON.DE,71.18000030517578
2026-09-08,COO,67.69000244140625
2026-09-08,COP,135.0399932861328
2026-09-08,COR,324.69000244140625
2026-09-08,COST,910.1799926757812
2026-09-08,CPAY,407.0499877929688
2026-09-08,CPB,21.76000022888184
2026-09-08,CPG.L,30.530000686645508
2026-09-08,CPR.MI,5.76800012588501
2026-09-08,CPRT,32.599998474121094
2026-09-08,CPT,104.70999908447266
2026-09-08,CRDA.L,3327.0
2026-09-08,CRL,280.760009765625
2026-09-08,CRM,249.1199951171875
2026-09-08,CRWD,210.0200042724609
2026-09-08,CSCO,109.16999816894533
2026-09-08,CSGP,30.34000015258789
2026-09-08,CSX,49.0
2026-09-08,CTAS,200.5
2026-09-08,CTEC.L,221.3999938964844
2026-09-08,CTSH,59.91999816894531
2026-09-08,CTVA,85.9000015258789
2026-09-08,CVS,96.06999969482422
2026-09-08,CVX,209.8000030517578
2026-09-08,D,66.22000122070312
2026-09-08,DAL,78.95999908447266
2026-09-08,DASH,200.44000244140625
2026-09-08,DB1.DE,280.1000061035156
2026-09-08,DBK.DE,35.75
2026-09-08,DCC.L,6350.0
2026-09-08,DD,131.32000732421875
2026-09-08,DDOG,210.22999572753903
2026-09-08,DE,680.72998046875
2026-09-08,DECK,82.5999984741211
2026-09-08,DELL,533.8800048828125
2026-09-08,DG,127.87000274658205
2026-09-08,DGE.L,1618.5
2026-09-08,DGX,235.5
2026-09-08,DHI,138.49000549316406
2026-09-08,DHL.DE,55.119998931884766
2026-09-08,DHR,205.22999572753903
2026-09-08,DIA.MI,73.62000274658203
2026-09-08,DIS,105.05999755859376
2026-09-08,DLR,189.5
2026-09-08,DLTR,124.04000091552734
2026-09-08,DOC,20.51000022888184
2026-09-08,DOV,194.7400054931641
2026-09-08,DOW,29.56999969482422
2026-09-08,DPLM.L,7170.0
2026-09-08,DPZ,335.4100036621094
2026-09-08,DRI,212.9199981689453
2026-09-08,DTE,137.25999450683594
2026-09-08,DTE.DE,28.25
2026-09-08,DTG.DE,45.0
2026-09-08,DUK,121.23999786376952
2026-09-08,DVA,180.05999755859375
2026-09-08,DVN,48.400001525878906
2026-09-08,DXCM,84.52999877929688
2026-09-08,EBAY,104.58999633789062
2026-09-08,ECL,278.1099853515625
2026-09-08,ED,108.2699966430664
2026-09-08,EDV.L,4674.0
2026-09-08,EFX,171.6199951171875
2026-09-08,EG,369.8299865722656
2026-09-08,EIX,59.33000183105469
2026-09-08,EL,101.69000244140624
2026-09-08,ELV,401.9400024414063
2026-09-08,EME,773.1599731445312
2026-09-08,EMR,152.14999389648438
2026-09-08,ENEL.MI,8.949999809265137
2026-09-08,ENI.MI,23.5
2026-09-08,ENR.DE,148.86000061035156
2026-09-08,ENT.L,502.0
2026-09-08,EOAN.DE,17.649999618530273
2026-09-08,EOG,145.36000061035156
2026-09-08,EPAM,115.30999755859376
2026-09-08,EQIX,1041.2099609375
2026-09-08,EQT,55.119998931884766
2026-09-08,ERG.MI,22.540000915527344
2026-09-08,ERIE,243.3500061035156
2026-09-08,ES,71.48999786376953
2026-09-08,ESS,277.4100036621094
2026-09-08,ETN,422.1300048828125
2026-09-08,ETR,108.52999877929688
2026-09-08,EVRG,82.23999786376953
2026-09-08,EW,86.72000122070312
2026-09-08,EXC,43.95000076293945
2026-09-08,EXE,98.19000244140624
2026-09-08,EXPD,185.9600067138672
2026-09-08,EXPE,274.54998779296875
2026-09-08,EXPN.L,2806.0
2026-09-08,EXR,139.16000366210938
2026-09-08,EZJ.L,670.5999755859375
2026-09-08,F,14.0
2026-09-08,FANG,199.6499938964844
2026-09-08,FAST,49.380001068115234
2026-09-08,FCIT.L,344.3999938964844
2026-09-08,FCX,76.62000274658203
2026-09-08,FDS,289.0
2026-09-08,FDX,314.1300048828125
2026-09-08,FE,46.45000076293945
2026-09-08,FFIV,389.6199951171875
2026-09-08,FICO,933.2999877929688
2026-09-08,FIS,39.41999816894531
2026-09-08,FISV,50.86000061035156
2026-09-08,FITB,54.5099983215332
2026-09-08,FME.DE,38.790000915527344
2026-09-08,FOX,58.2400016784668
2026-09-08,FOXA,65.2300033569336
2026-09-08,FRE.DE,44.685001373291016
2026-09-08,FRES.L,3079.0
2026-09-08,FRT,117.25
2026-09-08,FSLR,213.25
2026-09-08,FTNT,157.47000122070312
2026-09-08,FTV,56.5099983215332
2026-09-08,G.MI,44.470001220703125
2026-09-08,G1A.DE,65.0
2026-09-08,G24.DE,74.55000305175781
2026-09-08,GAW.L,18000.0
2026-09-08,GD,356.5799865722656
2026-09-08,GDDY,92.87999725341795
2026-09-08,GE,334.9100036621094
2026-09-08,GEHC,66.7750015258789
2026-09-08,GEN,29.809999465942383
2026-09-08,GEV,971.3099975585938
2026-09-08,GFS,45.09000015258789
2026-09-08,GILD,146.63999938964844
2026-09-08,GIS,37.68999862670898
2026-09-08,GL,170.67999267578125
2026-09-08,GLEN.L,629.0
2026-09-08,GLW,165.9600067138672
2026-09-08,GM,85.79000091552734
2026-09-08,GNRC,190.2100067138672
2026-09-08,GOOG,335.3800048828125
2026-09-08,GOOGL,338.3599853515625
2026-09-08,GPC,134.05999755859375
2026-09-08,GPN,89.41999816894531
2026-09-08,GRMN,275.67999267578125
2026-09-08,GS,1036.530029296875
2026-09-08,GSK.L,1796.5
2026-09-08,GWW,1289.1700439453125
2026-09-08,HAL,36.79999923706055
2026-09-08,HAS,90.30999755859376
2026-09-08,HBAN,16.760000228881836
2026-09-08,HCA,402.0199890136719
2026-09-08,HD,313.70001220703125
2026-09-08,HEI.DE,161.9499969482422
2026-09-08,HEN3.DE,75.94000244140625
2026-09-08,HER.MI,3.7100000381469727
2026-09-08,HIG,135.66000366210938
2026-09-08,HII,287.6700134277344
2026-09-08,HIK.L,1596.0
2026-09-08,HLMA.L,3750.0
2026-09-08,HLN.L,337.29998779296875
2026-09-08,HLT,304.4700012207031
2026-09-08,HNR1.DE,247.3999938964844
2026-09-08,HON,208.2400054931641
2026-09-08,HOOD,117.33999633789062
2026-09-08,HPE,56.02999877929688
2026-09-08,HPQ,31.170000076293945
2026-09-08,HRL,21.209999084472656
2026-09-08,HSBA.L,1574.800048828125
2026-09-08,HSIC,88.86000061035156
2026-09-08,HST,22.06999969482422
2026-09-08,HSX.L,1875.0
2026-09-08,HSY,173.27000427246094
2026-09-08,HUBB,464.75
2026-09-08,HUM,403.0899963378906
2026-09-08,HWDN.L,758.0
2026-09-08,HWM,231.52999877929688
2026-09-08,IAG.L,425.2999877929688
2026-09-08,IBKR,90.97000122070312
2026-09-08,IBM,232.08999633789065
2026-09-08,ICE,157.75999450683594
2026-09-08,ICG.L,1970.0
2026-09-08,IDXX,520.2100219726562
2026-09-08,IEX,225.6600036621093
2026-09-08,IFF,85.62000274658203
2026-09-08,IFX.DE,58.45000076293945
2026-09-08,IG.MI,8.402000427246094
2026-09-08,IHG.L,155.10000610351562
2026-09-08,III.L,2789.0
2026-09-08,IMB.L,2478.0
2026-09-08,IMI.L,3094.0
2026-09-08,INCY,124.4000015258789
2026-09-08,INF.L,895.2000122070312
2026-09-08,INTC,104.47000122070312
2026-09-08,INTU,318.92999267578125
2026-09-08,INVH,28.21999931335449
2026-09-08,INW.MI,6.269999980926514
2026-09-08,IP,36.4900016784668
2026-09-08,IP.MI,37.060001373291016
2026-09-08,IQV,259.2099914550781
2026-09-08,IR,75.11000061035156
2026-09-08,IRM,116.08000183105467
2026-09-08,ISP.MI,6.686999797821045
2026-09-08,ISRG,350.1600036621094
2026-09-08,IT,172.58999633789062
2026-09-08,ITRK.L,5850.0
2026-09-08,ITW,268.69000244140625
2026-09-08,IVZ,32.34000015258789
2026-09-08,J,144.27000427246094
2026-09-08,JBHT,274.7799987792969
2026-09-08,JBL,312.3299865722656
2026-09-08,JCI,146.3699951171875
2026-09-08,JKHY,159.8300018310547
2026-09-08,JNJ,269.1199951171875
2026-09-08,JPM,353.510009765625
2026-09-08,KDP,32.54999923706055
2026-09-08,KEY,21.790000915527344
2026-09-08,KEYS,333.4200134277344
2026-09-08,KGF.L,297.1000061035156
2026-09-08,KHC,24.89999961853028
2026-09-08,KIM,23.76000022888184
2026-09-08,KKR,105.7300033569336
2026-09-08,KLAC,188.97999572753903
2026-09-08,KMB,102.93000030517578
2026-09-08,KMI,31.979999542236328
2026-09-08,KO,88.36000061035156
2026-09-08,KR,57.20000076293945
2026-09-08,KVUE,18.38999938964844
2026-09-08,L,108.25
2026-09-08,LAND.L,658.0
2026-09-08,LDO.MI,50.66999816894531
2026-09-08,LDOS,129.24000549316406
2026-09-08,LEN,80.37000274658203
2026-09-08,LGEN.L,293.3999938964844
2026-09-08,LH,324.8599853515625
2026-09-08,LHX,255.7400054931641
2026-09-08,LII,385.1799926757813
2026-09-08,LIN,468.3800048828125
2026-09-08,LKQ,24.89999961853028
2026-09-08,LLOY.L,112.0999984741211
2026-09-08,LLY,1123.9100341796875
2026-09-08,LMP.L,182.5
2026-09-08,LMT,536.1500244140625
2026-09-08,LNT,68.61000061035156
2026-09-08,LOW,200.8000030517578
2026-09-08,LRCX,320.4200134277344
2026-09-08,LSEG.L,8716.0
2026-09-08,LULU,103.19000244140624
2026-09-08,LUV,38.66999816894531
2026-09-08,LVS,43.97999954223633
2026-09-08,LW,49.400001525878906
2026-09-08,LYB,64.58999633789062
2026-09-08,LYV,170.4499969482422
2026-09-08,MA,570.8900146484375
2026-09-08,MAA,127.88999938964844
2026-09-08,MAR,328.7900085449219
2026-09-08,MAS,70.93000030517578
2026-09-08,MB.MI,28.11000061035156
2026-09-08,MBG.DE,47.77000045776367
2026-09-08,MCD,255.8099975585937
2026-09-08,MCHP,73.37999725341797
2026-09-08,MCK,889.1199951171875
2026-09-08,MCO,481.25
2026-09-08,MDLZ,61.630001068115234
2026-09-08,MDT,92.38999938964844
2026-09-08,MELI,1926.25
2026-09-08,MET,95.5
2026-09-08,META,613.47998046875
2026-09-08,MGM,40.7400016784668
2026-09-08,MHK,129.72000122070312
2026-09-08,MKC,51.900001525878906
2026-09-08,MKS.L,388.7000122070313
2026-09-08,MLM,511.9800109863281
2026-09-08,MMM,167.52000427246094
2026-09-08,MNDI.L,843.7999877929688
2026-09-08,MNG.L,355.8999938964844
2026-09-08,MNST,43.150001525878906
2026-09-08,MO,68.16999816894531
2026-09-08,MOH,196.3000030517578
2026-09-08,MONC.MI,45.959999084472656
2026-09-08,MOS,26.530000686645508
2026-09-08,MPC,397.7699890136719
2026-09-08,MPWR,1218.5
2026-09-08,MRK,148.4600067138672
2026-09-08,MRK.DE,134.60000610351562
2026-09-08,MRNA,140.3300018310547
2026-09-08,MRO.L,498.5
2026-09-08,MRVL,225.4100036621093
2026-09-08,MS,216.2400054931641
2026-09-08,MSCI,551.3900146484375
2026-09-08,MSFT,493.9500122070313
2026-09-08,MSI,462.9800109863281
2026-09-08,MSTR,136.52000427246094
2026-09-08,MTB,238.44000244140625
2026-09-08,MTCH,41.150001525878906
2026-09-08,MTD,1325.52001953125
2026-09-08,MTLN.L,47.5
2026-09-08,MTX.DE,355.0
2026-09-08,MU,1000.260009765625
2026-09-08,MUV2.DE,502.3999938964844
2026-09-08,NCLH,15.390000343322754
2026-09-08,NDAQ,95.04000091552734
2026-09-08,NDSN,316.79998779296875
2026-09-08,NEE,83.83000183105469
2026-09-08,NEM,127.08999633789062
2026-09-08,NEXI.MI,4.15500020980835
2026-09-08,NFLX,76.7699966430664
2026-09-08,NI,41.900001525878906
2026-09-08,NKE,38.09999847412109
2026-09-08,NOC,518.5800170898438
2026-09-08,NOW,134.2100067138672
2026-09-08,NRG,119.63999938964844
2026-09-08,NSC,327.9200134277344
2026-09-08,NTAP,189.1300048828125
2026-09-08,NTRS,184.8800048828125
2026-09-08,NUE,256.3999938964844
2026-09-08,NVDA,225.72999572753903
2026-09-08,NVR,6116.85986328125
2026-09-08,NWG.L,696.4000244140625
2026-09-08,NWS,33.34000015258789
2026-09-08,NWSA,29.81999969482422
2026-09-08,NXPI,223.8699951171875
2026-09-08,NXT.L,15245.0
2026-09-08,O,61.02000045776367
2026-09-08,ODFL,187.009994506836
2026-09-08,OKE,97.51000213623048
2026-09-08,OMC,81.12999725341797
2026-09-08,ON,71.08000183105469
2026-09-08,ORCL,162.52000427246094
2026-09-08,ORLY,85.88999938964844
2026-09-08,OTIS,70.05999755859375
2026-09-08,OXY,60.650001525878906
2026-09-08,PAH3.DE,29.350000381469727
2026-09-08,PANW,336.9800109863281
2026-09-08,PAYC,219.1600036621093
2026-09-08,PAYX,116.93000030517578
2026-09-08,PCAR,122.5
2026-09-08,PCG,14.81999969482422
2026-09-08,PCT.L,660.5
2026-09-08,PDD,79.75
2026-09-08,PEG,74.23999786376953
2026-09-08,PEP,138.4499969482422
2026-09-08,PFE,27.790000915527344
2026-09-08,PFG,115.04000091552734
2026-09-08,PG,145.5800018310547
2026-09-08,PGR,214.8999938964844
2026-09-08,PH,955.8699951171876
2026-09-08,PHM,120.06999969482422
2026-09-08,PKG,231.9900054931641
2026-09-08,PLD,138.47999572753906
2026-09-08,PLTR,170.3000030517578
2026-09-08,PM,184.72999572753903
2026-09-08,PNC,242.9100036621093
2026-09-08,PNR,58.619998931884766
2026-09-08,PNW,98.04000091552734
2026-09-08,PODD,142.27999877929688
2026-09-08,POOL,177.33999633789062
2026-09-08,PPG,109.72000122070312
2026-09-08,PPL,35.08000183105469
2026-09-08,PRU,119.37999725341795
2026-09-08,PRU.L,1015.5
2026-09-08,PRY.MI,128.5
2026-09-08,PSA,301.6000061035156
2026-09-08,PSH.L,3838.0
2026-09-08,PSKY,10.800000190734863
2026-09-08,PSN.L,1128.0
2026-09-08,PSON.L,1161.0
2026-09-08,PST.MI,26.38999938964844
2026-09-08,PSX,259.1400146484375
2026-09-08,PTC,133.2550048828125
2026-09-08,PWR,639.0499877929688
2026-09-08,PYPL,53.18000030517578
2026-09-08,Q,123.27999877929688
2026-09-08,QCOM,174.08999633789062
2026-09-08,QIA.DE,36.470001220703125
2026-09-08,RACE.MI,348.29998779296875
2026-09-08,RCL,264.5
2026-09-08,REC.MI,51.95000076293945
2026-09-08,REG,75.93000030517578
2026-09-08,REGN,810.3099975585938
2026-09-08,REL.L,2551.0
2026-09-08,RF,30.06999969482422
2026-09-08,RHM.DE,1051.800048828125
2026-09-08,RIO.L,7738.0
2026-09-08,RJF,176.5500030517578
2026-09-08,RKT.L,5046.0
2026-09-08,RL,347.2300109863281
2026-09-08,RMD,221.0500030517578
2026-09-08,RMV.L,491.8999938964844
2026-09-08,ROK,429.1300048828125
2026-09-08,ROL,34.95000076293945
2026-09-08,ROP,395.6499938964844
2026-09-08,ROST,229.3099975585937
2026-09-08,RSG,221.6300048828125
2026-09-08,RTO.L,341.70001220703125
2026-09-08,RTX,198.8099975585937
2026-09-08,RVTY,127.08000183105467
2026-09-08,RWE.DE,59.2599983215332
2026-09-08,SAP.DE,181.6999969482422
2026-09-08,SBAC,188.69000244140625
2026-09-08,SBRY.L,339.20001220703125
2026-09-08,SBUX,102.01000213623048
2026-09-08,SCHW,106.87000274658205
2026-09-08,SDR.L,585.5
2026-09-08,SFER.MI,9.045000076293944
2026-09-08,SGE.L,1018.5
2026-09-08,SGRO.L,946.7999877929688
2026-09-08,SHEL.L,3500.5
2026-09-08,SHL.DE,39.0
2026-09-08,SHOP,134.10000610351562
2026-09-08,SHW,326.0899963378906
2026-09-08,SIE.DE,272.5
2026-09-08,SJM,124.66000366210938
2026-09-08,SLB,57.09999847412109
2026-09-08,SMCI,40.2599983215332
2026-09-08,SMIN.L,2597.0
2026-09-08,SMT.L,1500.0
2026-09-08,SNA,379.8800048828125
2026-09-08,SNDK,1737.989990234375
2026-09-08,SNPS,392.0299987792969
2026-09-08,SO,88.98999786376953
2026-09-08,SOLS,64.52999877929688
2026-09-08,SOLV,90.11000061035156
2026-09-08,SPG,211.8800048828125
2026-09-08,SPGI,429.30999755859375
2026-09-08,SPM.MI,4.36299991607666
2026-09-08,SPX.L,7100.0
2026-09-08,SRE,85.47000122070312
2026-09-08,SRG.MI,5.538000106811523
2026-09-08,SSE.L,2394.0
2026-09-08,STAN.L,2292.0
2026-09-08,STE,218.44000244140625
2026-09-08,STJ.L,1127.5
2026-09-08,STLD,240.3099975585937
2026-09-08,STT,191.8800048828125
2026-09-08,STX,904.3800048828124
2026-09-08,STZ,120.9800033569336
2026-09-08,SVT.L,2932.0
2026-09-08,SW,44.2599983215332
2026-09-08,SWK,93.80999755859376
2026-09-08,SWKS,75.37999725341797
2026-09-08,SY1.DE,90.5
2026-09-08,SYF,78.62000274658203
2026-09-08,SYK,276.42999267578125
2026-09-08,SYY,79.83999633789062
2026-09-08,T,25.600000381469727
2026-09-08,TAP,38.84000015258789
2026-09-08,TDG,1145.1400146484375
2026-09-08,TDY,605.0800170898438
2026-09-08,TEAM,176.4199981689453
2026-09-08,TECH,72.30999755859375
2026-09-08,TEL,204.9900054931641
2026-09-08,TEN.MI,24.76000022888184
2026-09-08,TER,372.05999755859375
2026-09-08,TFC,50.54999923706055
2026-09-08,TGT,162.7100067138672
2026-09-08,TIT.MI,7.690000057220459
2026-09-08,TJX,128.9199981689453
2026-09-08,TKO,195.32000732421875
2026-09-08,TMO,603.02001953125
2026-09-08,TMUS,181.69000244140625
2026-09-08,TPL,381.8999938964844
2026-09-08,TPR,117.58000183105467
2026-09-08,TRGP,294.2900085449219
2026-09-08,TRI,98.80999755859376
2026-09-08,TRMB,58.77999877929688
2026-09-08,TRN.MI,9.342000007629396
2026-09-08,TROW,109.41999816894533
2026-09-08,TRV,365.6600036621094
2026-09-08,TSCO,35.290000915527344
2026-09-08,TSCO.L,475.0
2026-09-08,TSLA,368.1600036621094
2026-09-08,TSN,52.27999877929688
2026-09-08,TT,446.0
2026-09-08,TTD,14.020000457763672
2026-09-08,TTWO,213.2899932861328
2026-09-08,TXN,258.9200134277344
2026-09-08,TXT,79.54000091552734
2026-09-08,TYL,347.82000732421875
2026-09-08,UAL,108.23500061035156
2026-09-08,UBER,73.12999725341797
2026-09-08,UCG.MI,84.43000030517578
2026-09-08,UDR,36.11000061035156
2026-09-08,UHS,171.88999938964844
2026-09-08,ULTA,549.22998046875
2026-09-08,ULVR.L,4695.5
2026-09-08,UNH,400.8399963378906
2026-09-08,UNI.MI,28.100000381469727
2026-09-08,UNP,288.45001220703125
2026-09-08,UPS,100.4800033569336
2026-09-08,URI,1015.1699829101562
2026-09-08,USB,62.4900016784668
2026-09-08,V,368.6400146484375
2026-09-08,VICI,25.270000457763672
2026-09-08,VLO,382.8500061035156
2026-09-08,VLTO,95.52999877929688
2026-09-08,VMC,258.29998779296875
2026-09-08,VNA.DE,18.7549991607666
2026-09-08,VOD.L,128.25
2026-09-08,VOW3.DE,83.0999984741211
2026-09-08,VRSK,175.49000549316406
2026-09-08,VRSN,282.20001220703125
2026-09-08,VRTX,528.9000244140625
2026-09-08,VST,151.72000122070312
2026-09-08,VTR,89.87000274658203
2026-09-08,VTRS,16.610000610351562
2026-09-08,VZ,50.40999984741211
2026-09-08,WAB,284.45001220703125
2026-09-08,WAT,402.9100036621094
2026-09-08,WBD,28.1200008392334
2026-09-08,WDAY,186.27999877929688
2026-09-08,WDC,477.2999877929688
2026-09-08,WEC,107.05999755859376
2026-09-08,WEIR.L,2828.0
2026-09-08,WELL,237.25
2026-09-08,WFC,87.95999908447266
2026-09-08,WM,217.77999877929688
2026-09-08,WMB,75.83000183105469
2026-09-08,WMT,106.0500030517578
2026-09-08,WPP.L,372.5
2026-09-08,WRB,69.7699966430664
2026-09-08,WSM,227.8300018310547
2026-09-08,WST,337.75
2026-09-08,WTB.L,2317.0
2026-09-08,WTW,325.3399963378906
2026-09-08,WY,22.690000534057617
2026-09-08,WYNN,92.22000122070312
2026-09-08,XEL,76.87999725341797
2026-09-08,XOM,160.66000366210938
2026-09-08,XYL,108.80999755859376
2026-09-08,XYZ,80.0999984741211
2026-09-08,YUM,149.50999450683594
2026-09-08,ZAL.DE,23.3700008392334
2026-09-08,ZBH,94.22000122070312
2026-09-08,ZBRA,352.5400085449219
2026-09-08,ZS,161.94000244140625
2026-09-08,ZTS,73.55999755859375
2026-09-09,000001.SZ,11.699999809265137
2026-09-09,000002.SZ,3.190000057220459
2026-09-09,000012.SZ,3.7699999809265137
2026-09-09,000019.SZ,8.460000038146973
2026-09-09,000025.SZ,15.630000114440918
2026-09-09,000028.SZ,20.299999237060547
2026-09-09,000029.SZ,22.799999237060547
2026-09-09,000030.SZ,4.070000171661377
2026-09-09,000035.SZ,5.050000190734863
2026-09-09,000048.SZ,21.09000015258789
2026-09-09,000049.SZ,22.790000915527344
2026-09-09,000058.SZ,7.269999980926514
2026-09-09,000059.SZ,5.960000038146973
2026-09-09,000061.SZ,6.800000190734863
2026-09-09,000063.SZ,33.09000015258789
2026-09-09,000065.SZ,9.8100004196167
2026-09-09,000088.SZ,4.639999866485596
2026-09-09,000089.SZ,6.650000095367432
2026-09-09,000090.SZ,3.569999933242798
2026-09-09,000099.SZ,13.8100004196167
2026-09-09,0001.HK,70.3499984741211
2026-09-09,000100.SZ,4.739999771118164
2026-09-09,000156.SZ,7.019999980926514
2026-09-09,000157.SZ,6.659999847412109
2026-09-09,000166.SZ,4.550000190734863
2026-09-09,0002.HK,79.05000305175781
2026-09-09,000301.SZ,14.15999984741211
2026-09-09,000333.SZ,86.0199966430664
2026-09-09,000338.SZ,27.850000381469727
2026-09-09,000408.SZ,78.55999755859375
2026-09-09,000420.SZ,3.740000009536743
2026-09-09,000422.SZ,13.079999923706056
2026-09-09,000425.SZ,8.380000114440918
2026-09-09,000498.SZ,4.980000019073486
2026-09-09,000503.SZ,6.96999979019165
2026-09-09,000517.SZ,2.140000104904175
2026-09-09,000538.SZ,50.470001220703125
2026-09-09,000544.SZ,7.449999809265137
2026-09-09,000550.SZ,17.479999542236328
2026-09-09,000552.SZ,2.7100000381469727
2026-09-09,000555.SZ,10.789999961853027
2026-09-09,000557.SZ,3.859999895095825
2026-09-09,000567.SZ,6.769999980926514
2026-09-09,000568.SZ,76.9000015258789
2026-09-09,000581.SZ,18.3799991607666
2026-09-09,000589.SZ,4.400000095367432
2026-09-09,000596.SZ,98.20999908447266
2026-09-09,000597.SZ,4.840000152587891
2026-09-09,000600.SZ,7.519999980926514
2026-09-09,000603.SZ,35.29999923706055
2026-09-09,000612.SZ,11.390000343322754
2026-09-09,000617.SZ,7.28000020980835
2026-09-09,000620.SZ,3.240000009536743
2026-09-09,000625.SZ,7.179999828338623
2026-09-09,000628.SZ,57.459999084472656
2026-09-09,000630.SZ,6.570000171661377
2026-09-09,000650.SZ,5.409999847412109
2026-09-09,000651.SZ,38.869998931884766
2026-09-09,000657.SZ,60.5
2026-09-09,000661.SZ,74.76000213623047
2026-09-09,000672.SZ,15.279999732971191
2026-09-09,000676.SZ,6.920000076293945
2026-09-09,000680.SZ,10.699999809265137
2026-09-09,000681.SZ,17.219999313354492
2026-09-09,000682.SZ,11.260000228881836
2026-09-09,000685.SZ,11.390000343322754
2026-09-09,000686.SZ,7.980000019073486
2026-09-09,000688.SZ,27.559999465942383
2026-09-09,000690.SZ,5.409999847412109
2026-09-09,000708.SZ,13.710000038146973
2026-09-09,000712.SZ,11.140000343322754
2026-09-09,000718.SZ,2.0299999713897705
2026-09-09,000719.SZ,12.199999809265137
2026-09-09,000725.SZ,5.550000190734863
2026-09-09,000727.SZ,2.2699999809265137
2026-09-09,000735.SZ,7.019999980926514
2026-09-09,000737.SZ,16.469999313354492
2026-09-09,000756.SZ,13.380000114440918
2026-09-09,000758.SZ,6.380000114440918
2026-09-09,000761.SZ,2.450000047683716
2026-09-09,000762.SZ,22.850000381469727
2026-09-09,000766.SZ,16.40999984741211
2026-09-09,000767.SZ,3.5199999809265137
2026-09-09,000768.SZ,23.950000762939453
2026-09-09,000776.SZ,21.63999938964844
2026-09-09,000786.SZ,16.3700008392334
2026-09-09,000791.SZ,7.360000133514404
2026-09-09,000792.SZ,26.71999931335449
2026-09-09,000795.SZ,8.359999656677246
2026-09-09,000800.SZ,6.079999923706055
2026-09-09,000801.SZ,12.529999732971191
2026-09-09,000807.SZ,29.030000686645508
2026-09-09,000810.SZ,9.479999542236328
2026-09-09,000811.SZ,37.93999862670898
2026-09-09,000813.SZ,3.4800000190734863
2026-09-09,000821.SZ,8.039999961853027
2026-09-09,000828.SZ,10.119999885559082
2026-09-09,000829.SZ,9.25
2026-09-09,000837.SZ,9.789999961853027
2026-09-09,000848.SZ,8.25
2026-09-09,000858.SZ,71.16000366210938
2026-09-09,000860.SZ,11.119999885559082
2026-09-09,000875.SZ,5.010000228881836
2026-09-09,000876.SZ,7.909999847412109
2026-09-09,000881.SZ,6.789999961853027
2026-09-09,000885.SZ,12.220000267028809
2026-09-09,000895.SZ,23.88999938964844
2026-09-09,000899.SZ,9.619999885559082
2026-09-09,000901.SZ,14.40999984741211
2026-09-09,000902.SZ,14.81999969482422
2026-09-09,000913.SZ,11.119999885559082
2026-09-09,000915.SZ,26.440000534057617
2026-09-09,000917.SZ,7.150000095367432
2026-09-09,000923.SZ,18.549999237060547
2026-09-09,000927.SZ,2.549999952316284
2026-09-09,000928.SZ,5.739999771118164
2026-09-09,000930.SZ,6.409999847412109
2026-09-09,000935.SZ,22.190000534057617
2026-09-09,000938.SZ,33.56999969482422
2026-09-09,000950.SZ,5.360000133514404
2026-09-09,000963.SZ,26.979999542236328
2026-09-09,000966.SZ,4.139999866485596
2026-09-09,000968.SZ,7.599999904632568
2026-09-09,000969.SZ,17.459999084472656
2026-09-09,000970.SZ,11.789999961853027
2026-09-09,000975.SZ,25.979999542236328
2026-09-09,000977.SZ,71.37999725341797
2026-09-09,000983.SZ,7.079999923706055
2026-09-09,000990.SZ,6.760000228881836
2026-09-09,000999.SZ,24.700000762939453
2026-09-09,0012.HK,26.479999542236328
2026-09-09,001203.SZ,25.6299991607666
2026-09-09,001289.SZ,15.289999961853027
2026-09-09,001391.SZ,4.150000095367432
2026-09-09,0016.HK,118.3000030517578
2026-09-09,001965.SZ,9.5600004196167
2026-09-09,001979.SZ,6.820000171661377
2026-09-09,002001.SZ,26.979999542236328
2026-09-09,002027.SZ,4.880000114440918
2026-09-09,002028.SZ,138.5800018310547
2026-09-09,002049.SZ,61.209999084472656
2026-09-09,002050.SZ,36.18999862670898
2026-09-09,002074.SZ,25.84000015258789
2026-09-09,002129.SZ,9.109999656677246
2026-09-09,002142.SZ,34.65999984741211
2026-09-09,002179.SZ,34.599998474121094
2026-09-09,002180.SZ,16.649999618530273
2026-09-09,002230.SZ,39.040000915527344
2026-09-09,002236.SZ,16.149999618530273
2026-09-09,002241.SZ,23.01000022888184
2026-09-09,002252.SZ,4.989999771118164
2026-09-09,002304.SZ,39.119998931884766
2026-09-09,002311.SZ,44.09000015258789
2026-09-09,002352.SZ,31.6200008392334
2026-09-09,002371.SZ,646.4000244140625
2026-09-09,002415.SZ,33.75
2026-09-09,002422.SZ,40.369998931884766
2026-09-09,002459.SZ,6.889999866485596
2026-09-09,002460.SZ,49.11000061035156
2026-09-09,002463.SZ,127.5500030517578
2026-09-09,002466.SZ,45.560001373291016
2026-09-09,002475.SZ,55.86000061035156
2026-09-09,002493.SZ,15.140000343322754
2026-09-09,002594.SZ,85.87999725341797
2026-09-09,002600.SZ,12.4399995803833
2026-09-09,002601.SZ,15.739999771118164
2026-09-09,002648.SZ,28.18000030517578
2026-09-09,0027.HK,33.220001220703125
2026-09-09,002709.SZ,33.65999984741211
2026-09-09,002714.SZ,43.25
2026-09-09,002736.SZ,10.100000381469728
2026-09-09,002916.SZ,383.2999877929688
2026-09-09,002920.SZ,85.41999816894531
2026-09-09,002938.SZ,92.4499969482422
2026-09-09,003816.SZ,4.300000190734863
2026-09-09,0101.HK,7.005000114440918
2026-09-09,0175.HK,16.600000381469727
2026-09-09,0241.HK,3.049999952316284
2026-09-09,0267.HK,13.779999732971191
2026-09-09,0285.HK,24.89999961853028
2026-09-09,0288.HK,7.099999904632568
2026-09-09,0291.HK,19.020000457763672
2026-09-09,0300.HK,98.6500015258789
2026-09-09,0316.HK,148.6099853515625
2026-09-09,0322.HK,12.0600004196167
2026-09-09,1024.HK,32.31999969482422
2026-09-09,1038.HK,66.30000305175781
2026-09-09,1044.HK,21.36000061035156
2026-09-09,1088.HK,46.86000061035156
2026-09-09,1093.HK,9.100000381469728
2026-09-09,1099.HK,15.699999809265137
2026-09-09,1109.HK,29.828998565673828
2026-09-09,1113.HK,48.09999847412109
2026-09-09,1177.HK,5.610000133514404
2026-09-09,1209.HK,39.430999755859375
2026-09-09,1211.HK,81.80000305175781
2026-09-09,1299.HK,76.94999694824219
2026-09-09,1378.HK,24.459999084472656
2026-09-09,1398.HK,7.545000076293945
2026-09-09,1810.HK,26.3799991607666
2026-09-09,1876.HK,6.045000076293945
2026-09-09,1928.HK,13.789999961853027
2026-09-09,1929.HK,12.140000343322754
2026-09-09,1997.HK,31.739999771118164
2026-09-09,2015.HK,47.619998931884766
2026-09-09,2020.HK,73.5
2026-09-09,2057.HK,163.0
2026-09-09,2269.HK,48.84000015258789
2026-09-09,2313.HK,35.97999954223633
2026-09-09,2318.HK,55.45000076293945
2026-09-09,2319.HK,18.200000762939453
2026-09-09,2331.HK,13.369999885559082
2026-09-09,2359.HK,193.1999969482422
2026-09-09,2382.HK,69.5999984741211
2026-09-09,2388.HK,51.421199798583984
2026-09-09,2618.HK,10.880000114440918
2026-09-09,2628.HK,29.479999542236328
2026-09-09,2688.HK,51.45000076293945
2026-09-09,2899.HK,37.59999847412109
2026-09-09,300014.SZ,50.2400016784668
2026-09-09,300015.SZ,8.239999771118164
2026-09-09,300033.SZ,216.4600067138672
2026-09-09,300059.SZ,18.90999984741211
2026-09-09,300122.SZ,13.199999809265137
2026-09-09,300124.SZ,55.91999816894531
2026-09-09,300274.SZ,87.0
2026-09-09,300308.SZ,908.9000244140624
2026-09-09,300316.SZ,40.33000183105469
2026-09-09,300347.SZ,54.68000030517578
2026-09-09,300394.SZ,258.0299987792969
2026-09-09,300408.SZ,117.7699966430664
2026-09-09,300413.SZ,18.56999969482422
2026-09-09,300418.SZ,45.68999862670898
2026-09-09,300433.SZ,35.119998931884766
2026-09-09,300442.SZ,62.400001525878906
2026-09-09,300498.SZ,15.210000038146973
2026-09-09,300502.SZ,414.7999877929688
2026-09-09,300628.SZ,39.93999862670898
2026-09-09,300661.SZ,107.75
2026-09-09,300750.SZ,336.8399963378906
2026-09-09,300759.SZ,41.68999862670898
2026-09-09,300760.SZ,165.1999969482422
2026-09-09,300782.SZ,73.88999938964844
2026-09-09,300832.SZ,49.13999938964844
2026-09-09,300896.SZ,90.83000183105467
2026-09-09,300979.SZ,33.09000015258789
2026-09-09,300999.SZ,27.559999465942383
2026-09-09,301236.SZ,36.2599983215332
2026-09-09,301269.SZ,89.5
2026-09-09,302132.SZ,72.18000030517578
2026-09-09,600000.SS,9.229999542236328
2026-09-09,600009.SS,23.780000686645508
2026-09-09,600010.SS,2.220000028610229
2026-09-09,600011.SS,7.039999961853027
2026-09-09,600015.SS,6.349999904632568
2026-09-09,600016.SS,3.640000104904175
2026-09-09,600018.SS,5.5
2026-09-09,600019.SS,5.900000095367432
2026-09-09,600023.SS,5.019999980926514
2026-09-09,600025.SS,9.75
2026-09-09,600026.SS,21.43000030517578
2026-09-09,600027.SS,4.900000095367432
2026-09-09,600028.SS,5.610000133514404
2026-09-09,600029.SS,5.03000020980835
2026-09-09,600030.SS,27.32999992370605
2026-09-09,600031.SS,20.21999931335449
2026-09-09,600036.SS,41.0
2026-09-09,600039.SS,9.239999771118164
2026-09-09,600048.SS,5.21999979019165
2026-09-09,600050.SS,4.210000038146973
2026-09-09,600061.SS,6.480000019073486
2026-09-09,600066.SS,27.8700008392334
2026-09-09,600085.SS,23.989999771118164
2026-09-09,600089.SS,19.280000686645508
2026-09-09,600104.SS,10.93000030517578
2026-09-09,600111.SS,38.900001525878906
2026-09-09,600115.SS,3.509999990463257
2026-09-09,600150.SS,39.52999877929688
2026-09-09,600160.SS,38.400001525878906
2026-09-09,600161.SS,12.5600004196167
2026-09-09,600176.SS,42.66999816894531
2026-09-09,600183.SS,148.16000366210938
2026-09-09,600188.SS,22.14999961853028
2026-09-09,600196.SS,22.440000534057617
2026-09-09,600219.SS,5.070000171661377
2026-09-09,600233.SS,16.799999237060547
2026-09-09,600276.SS,44.709999084472656
2026-09-09,600309.SS,78.87000274658203
2026-09-09,600332.SS,19.89000129699707
2026-09-09,600346.SS,19.100000381469727
2026-09-09,600362.SS,49.56999969482422
2026-09-09,600372.SS,11.9399995803833
2026-09-09,600377.SS,12.489999771118164
2026-09-09,600406.SS,22.450000762939453
2026-09-09,600415.SS,12.520000457763672
2026-09-09,600426.SS,21.170000076293945
2026-09-09,600436.SS,121.87999725341795
2026-09-09,600438.SS,11.710000038146973
2026-09-09,600460.SS,30.270000457763672
2026-09-09,600482.SS,35.220001220703125
2026-09-09,600489.SS,25.88999938964844
2026-09-09,600515.SS,2.8399999141693115
2026-09-09,A,144.75
2026-09-09,A2A.MI,2.338000059127808
2026-09-09,AAF.L,341.0
2026-09-09,AAL.L,4175.0
2026-09-09,AAPL,315.3399963378906
2026-09-09,ABBV,250.9100036621093
2026-09-09,ABF.L,2020.0
2026-09-09,ABNB,169.6300048828125
2026-09-09,ABT,105.2300033569336
2026-09-09,ACGL,96.11499786376952
2026-09-09,ACN,175.8000030517578
2026-09-09,ADBE,254.8600006103516
2026-09-09,ADI,365.0700073242188
2026-09-09,ADM,86.55000305175781
2026-09-09,ADM.L,3778.0
2026-09-09,ADP,265.2200012207031
2026-09-09,ADS.DE,146.4499969482422
2026-09-09,ADSK,206.6199951171875
2026-09-09,AEE,106.25
2026-09-09,AEP,124.66999816894533
2026-09-09,AES,14.81999969482422
2026-09-09,AFL,114.73999786376952
2026-09-09,AIG,75.02999877929688
2026-09-09,AIR.DE,196.259994506836
2026-09-09,AIZ,280.44000244140625
2026-09-09,AJG,244.27999877929688
2026-09-09,AKAM,110.75
2026-09-09,ALB,125.91000366210938
2026-09-09,ALGN,152.9199981689453
2026-09-09,ALL,253.5800018310547
2026-09-09,ALLE,151.72999572753906
2026-09-09,ALV.DE,437.1000061035156
2026-09-09,ALW.L,1344.0
2026-09-09,AMAT,468.8500061035156
2026-09-09,AMCR,43.130001068115234
2026-09-09,AMD,521.094970703125
2026-09-09,AME,236.2700042724609
2026-09-09,AMGN,391.2699890136719
2026-09-09,AMP,551.8800048828125
2026-09-09,AMP.MI,11.295000076293944
2026-09-09,AMT,175.42999267578125
2026-09-09,AMZN,252.3999938964844
2026-09-09,ANET,192.92999267578125
2026-09-09,ANTO.L,3998.0
2026-09-09,AON,304.69000244140625
2026-09-09,AOS,57.83000183105469
2026-09-09,APA,44.84000015258789
2026-09-09,APD,295.239990234375
2026-09-09,APH,81.33999633789062
2026-09-09,APO,130.97999572753906
2026-09-09,APP,305.0599975585937
2026-09-09,APTV,44.5099983215332
2026-09-09,ARE,50.34000015258789
2026-09-09,ARM,264.2300109863281
2026-09-09,ASML,1729.52001953125
2026-09-09,ATO,166.58999633789062
2026-09-09,AUTO.L,489.0
2026-09-09,AVGO,364.3800048828125
2026-09-09,AVY,169.7899932861328
2026-09-09,AWK,140.3300018310547
2026-09-09,AXON,490.0
2026-09-09,AXP,321.79998779296875
2026-09-09,AZM.MI,38.36000061035156
2026-09-09,AZN,156.94000244140625
2026-09-09,AZN.L,11650.0
2026-09-09,AZO,2910.969970703125
2026-09-09,BA,206.4199981689453
2026-09-09,BAB.L,960.5999755859376
2026-09-09,BAC,62.66999816894531
2026-09-09,BALL,60.290000915527344
2026-09-09,BAMI.MI,16.110000610351562
2026-09-09,BARC.L,487.8500061035156
2026-09-09,BAS.DE,52.70000076293945
2026-09-09,BATS.L,4030.0
2026-09-09,BAX,24.38999938964844
2026-09-09,BAYN.DE,49.2599983215332
2026-09-09,BBY,88.02999877929688
2026-09-09,BDX,179.8000030517578
2026-09-09,BEI.DE,74.69999694824219
2026-09-09,BEN,34.119998931884766
2026-09-09,BEZ.L,1300.0
2026-09-09,BFF.MI,3.0160000324249268
2026-09-09,BG,123.5
2026-09-09,BIIB,210.72999572753903
2026-09-09,BKG.L,3356.0
2026-09-09,BKNG,173.42999267578125
2026-09-09,BKR,63.63999938964844
2026-09-09,BLDR,61.38999938964844
2026-09-09,BLK,1072.030029296875
2026-09-09,BMED.MI,23.21999931335449
2026-09-09,BMPS.MI,11.62600040435791
2026-09-09,BMW.DE,62.65999984741211
2026-09-09,BMY,64.41000366210938
2026-09-09,BNR.DE,61.0
2026-09-09,BNZL.L,2630.0
2026-09-09,BPE.MI,14.355999946594238
2026-09-09,BR,168.10000610351562
2026-09-09,BRBY.L,1035.0
2026-09-09,BRO,66.52999877929688
2026-09-09,BSX,44.959999084472656
2026-09-09,BTRW.L,293.79998779296875
2026-09-09,BX,129.07000732421875
2026-09-09,BXP,64.29000091552734
2026-09-09,BZU.MI,39.77999877929688
2026-09-09,C,137.8000030517578
2026-09-09,CAG,15.109999656677246
2026-09-09,CAH,240.0
2026-09-09,CARR,57.95000076293945
2026-09-09,CAT,815.5599975585938
2026-09-09,CB,337.6199951171875
2026-09-09,CBK.DE,42.09999847412109
2026-09-09,CBOE,291.8699951171875
2026-09-09,CBRE,139.67999267578125
2026-09-09,CCEP,103.81999969482422
2026-09-09,CCEP.L,7695.0
2026-09-09,CCH.L,4456.0
2026-09-09,CCI,75.18000030517578
2026-09-09,CCL,22.700000762939453
2026-09-09,CDNS,284.6000061035156
2026-09-09,CDW,142.3699951171875
2026-09-09,CEG,293.9049987792969
2026-09-09,CF,138.11000061035156
2026-09-09,CFG,69.37000274658203
2026-09-09,CHD,95.19000244140624
2026-09-09,CHRW,150.4499969482422
2026-09-09,CHTR,133.88999938964844
2026-09-09,CI,278.1700134277344
2026-09-09,CINF,169.2100067138672
2026-09-09,CL,88.02999877929688
2026-09-09,CLX,89.62000274658203
2026-09-09,CMCSA,24.59000015258789
2026-09-09,CME,274.70001220703125
2026-09-09,CMG,36.02999877929688
2026-09-09,CMI,554.760009765625
2026-09-09,CMS,68.16999816894531
2026-09-09,CNA.L,151.25
2026-09-09,CNC,64.05999755859375
2026-09-09,CNP,39.77000045776367
2026-09-09,COF,210.8600006103516
2026-09-09,COIN,174.72000122070312
2026-09-09,CON.DE,69.68000030517578
2026-09-09,COO,63.47999954223633
2026-09-09,COP,136.52999877929688
2026-09-09,COR,323.32000732421875
2026-09-09,COST,902.5999755859376
2026-09-09,CPAY,406.0899963378906
2026-09-09,CPB,21.8799991607666
2026-09-09,CPG.L,30.530000686645508
2026-09-09,CPR.MI,5.72599983215332
2026-09-09,CPRT,32.029998779296875
2026-09-09,CPT,104.11000061035156
2026-09-09,CRDA.L,3266.0
2026-09-09,CRL,278.3500061035156
2026-09-09,CRM,244.1600036621093
2026-09-09,CRWD,207.8000030517578
2026-09-09,CSCO,109.43000030517578
2026-09-09,CSGP,29.57999992370605
2026-09-09,CSX,48.369998931884766
2026-09-09,CTAS,200.0399932861328
2026-09-09,CTEC.L,221.0
2026-09-09,CTSH,58.20000076293945
2026-09-09,CTVA,84.75
2026-09-09,CVS,95.37999725341795
2026-09-09,CVX,213.8099975585937
2026-09-09,D,65.0999984741211
2026-09-09,DAL,78.75
2026-09-09,DASH,197.2449951171875
2026-09-09,DB1.DE,273.70001220703125
2026-09-09,DBK.DE,35.040000915527344
2026-09-09,DCC.L,6320.0
2026-09-09,DD,127.91999816894533
2026-09-09,DDOG,225.2700042724609
2026-09-09,DE,677.2100219726562
2026-09-09,DECK,80.2300033569336
2026-09-09,DELL,535.25
2026-09-09,DG,124.56999969482422
2026-09-09,DGE.L,1598.0
2026-09-09,DGX,235.4600067138672
2026-09-09,DHI,138.92999267578125
2026-09-09,DHL.DE,54.43999862670898
2026-09-09,DHR,204.8500061035156
2026-09-09,DIA.MI,74.0
2026-09-09,DIS,104.18000030517578
2026-09-09,DLR,189.0800018310547
2026-09-09,DLTR,118.38999938964844
2026-09-09,DOC,20.38999938964844
2026-09-09,DOV,191.4199981689453
2026-09-09,DOW,29.39999961853028
2026-09-09,DPLM.L,7085.0
2026-09-09,DPZ,321.4599914550781
2026-09-09,DRI,209.4199981689453
2026-09-09,DTE,136.05999755859375
2026-09-09,DTE.DE,27.770000457763672
2026-09-09,DTG.DE,43.93000030517578
2026-09-09,DUK,120.43000030517578
2026-09-09,DVA,183.009994506836
2026-09-09,DVN,48.97999954223633
2026-09-09,DXCM,83.87999725341797
2026-09-09,EBAY,103.51000213623048
2026-09-09,ECL,272.2099914550781
2026-09-09,ED,107.48999786376952
2026-09-09,EDV.L,4670.0
2026-09-09,EFX,168.08999633789062
2026-09-09,EG,367.8699951171875
2026-09-09,EIX,57.43999862670898
2026-09-09,EL,98.7699966430664
2026-09-09,ELV,396.8999938964844
2026-09-09,EME,754.2899780273438
2026-09-09,EMR,150.33999633789062
2026-09-09,ENEL.MI,8.895000457763672
2026-09-09,ENI.MI,23.950000762939453
2026-09-09,ENR.DE,145.13999938964844
2026-09-09,ENT.L,501.3999938964844
2026-09-09,EOAN.DE,17.610000610351562
2026-09-09,EOG,147.00999450683594
2026-09-09,EPAM,114.68000030517578
2026-09-09,EQIX,1043.06005859375
2026-09-09,EQT,54.630001068115234
2026-09-09,ERG.MI,22.15999984741211
2026-09-09,ERIE,243.8300018310547
2026-09-09,ES,70.44000244140625
2026-09-09,ESS,274.3699951171875
2026-09-09,ETN,415.2200012207031
2026-09-09,ETR,107.16999816894533
2026-09-09,EVRG,81.22000122070312
2026-09-09,EW,86.18000030517578
2026-09-09,EXC,43.70000076293945
2026-09-09,EXE,96.62000274658205
2026-09-09,EXPD,188.3099975585937
2026-09-09,EXPE,272.6000061035156
2026-09-09,EXPN.L,2755.0
2026-09-09,EXR,135.6300048828125
2026-09-09,EZJ.L,668.2000122070312
2026-09-09,F,13.449999809265137
2026-09-09,FANG,202.6300048828125
2026-09-09,FAST,48.790000915527344
2026-09-09,FCIT.L,339.0
2026-09-09,FCX,76.2300033569336
2026-09-09,FDS,279.1700134277344
2026-09-09,FDX,309.19000244140625
2026-09-09,FE,46.209999084472656
2026-09-09,FFIV,404.6300048828125
2026-09-09,FICO,983.1900024414062
2026-09-09,FIS,38.06999969482422
2026-09-09,FISV,48.650001525878906
2026-09-09,FITB,54.18999862670898
2026-09-09,FME.DE,38.540000915527344
2026-09-09,FOX,57.09999847412109
2026-09-09,FOXA,63.86000061035156
2026-09-09,FRE.DE,44.334999084472656
2026-09-09,FRES.L,3049.0
2026-09-09,FRT,115.16000366210938
2026-09-09,FSLR,203.1000061035156
2026-09-09,FTNT,157.22000122070312
2026-09-09,FTV,55.810001373291016
2026-09-09,G.MI,44.5
2026-09-09,G1A.DE,64.05000305175781
2026-09-09,G24.DE,73.19999694824219
2026-09-09,GAW.L,17570.0
2026-09-09,GD,352.6700134277344
2026-09-09,GDDY,93.5999984741211
2026-09-09,GE,325.4200134277344
2026-09-09,GEHC,65.16999816894531
2026-09-09,GEN,29.76000022888184
2026-09-09,GEV,951.0399780273438
2026-09-09,GFS,45.95000076293945
2026-09-09,GILD,145.64999389648438
2026-09-09,GIS,37.09000015258789
2026-09-09,GL,169.82000732421875
2026-09-09,GLEN.L,625.4000244140625
2026-09-09,GLW,168.4600067138672
2026-09-09,GM,83.76000213623047
2026-09-09,GNRC,186.47999572753903
2026-09-09,GOOG,328.3800048828125
2026-09-09,GOOGL,330.6499938964844
2026-09-09,GPC,135.24000549316406
2026-09-09,GPN,87.0199966430664
2026-09-09,GRMN,272.17999267578125
2026-09-09,GS,1028.780029296875
2026-09-09,GSK.L,1803.5
2026-09-09,GWW,1278.8299560546875
2026-09-09,HAL,37.130001068115234
2026-09-09,HAS,88.97000122070312
2026-09-09,HBAN,16.6299991607666
2026-09-09,HCA,421.8299865722656
2026-09-09,HD,310.45001220703125
2026-09-09,HEI.DE,157.35000610351562
2026-09-09,HEN3.DE,74.22000122070312
2026-09-09,HER.MI,3.628000020980835
2026-09-09,HIG,136.55999755859375
2026-09-09,HII,280.8500061035156
2026-09-09,HIK.L,1535.0
2026-09-09,HLMA.L,3692.0
2026-09-09,HLN.L,334.79998779296875
2026-09-09,HLT,306.989990234375
2026-09-09,HNR1.DE,245.8000030517578
2026-09-09,HON,204.92999267578125
2026-09-09,HOOD,115.27999877929688
2026-09-09,HPE,58.900001525878906
2026-09-09,HPQ,32.38999938964844
2026-09-09,HRL,20.96999931335449
2026-09-09,HSBA.L,1549.199951171875
2026-09-09,HSIC,87.97000122070312
2026-09-09,HST,22.040000915527344
2026-09-09,HSX.L,1845.0
2026-09-09,HSY,172.19000244140625
2026-09-09,HUBB,454.9700012207031
2026-09-09,HUM,400.0199890136719
2026-09-09,HWDN.L,735.5
2026-09-09,HWM,232.6199951171875
2026-09-09,IAG.L,415.1000061035156
2026-09-09,IBKR,90.27999877929688
2026-09-09,IBM,239.94000244140625
2026-09-09,ICE,156.5
2026-09-09,ICG.L,1925.0
2026-09-09,IDXX,515.1500244140625
2026-09-09,IEX,225.1000061035156
2026-09-09,IFF,84.30999755859375
2026-09-09,IFX.DE,56.95000076293945
2026-09-09,IG.MI,8.295999526977539
2026-09-09,IHG.L,153.5500030517578
2026-09-09,III.L,2701.0
2026-09-09,IMB.L,2443.0
2026-09-09,IMI.L,3052.0
2026-09-09,INCY,126.01000213623048
2026-09-09,INF.L,886.4000244140625
2026-09-09,INTC,106.23999786376952
2026-09-09,INTU,313.94000244140625
2026-09-09,INVH,28.18000030517578
2026-09-09,INW.MI,6.215000152587891
2026-09-09,IP,34.63999938964844
2026-09-09,IP.MI,36.720001220703125
2026-09-09,IQV,256.9800109863281
2026-09-09,IR,73.58000183105469
2026-09-09,IRM,115.22000122070312
2026-09-09,ISP.MI,6.656000137329102
2026-09-09,ISRG,353.239990234375
2026-09-09,IT,169.69000244140625
2026-09-09,ITRK.L,5850.0
2026-09-09,ITW,263.989990234375
2026-09-09,IVZ,32.09000015258789
2026-09-09,J,141.75
2026-09-09,JBHT,267.79998779296875
2026-09-09,JBL,311.3699951171875
2026-09-09,JCI,144.9199981689453
2026-09-09,JKHY,158.47999572753906
2026-09-09,JNJ,267.0799865722656
2026-09-09,JPM,354.7099914550781
2026-09-09,KDP,32.08000183105469
2026-09-09,KEY,21.729999542236328
2026-09-09,KEYS,331.010009765625
2026-09-09,KGF.L,290.29998779296875
2026-09-09,KHC,24.61000061035156
2026-09-09,KIM,23.56999969482422
2026-09-09,KKR,104.08999633789062
2026-09-09,KLAC,182.9100036621093
2026-09-09,KMB,98.6999969482422
2026-09-09,KMI,31.40999984741211
2026-09-09,KO,87.55000305175781
2026-09-09,KR,56.43999862670898
2026-09-09,KVUE,17.75
2026-09-09,L,108.68000030517578
2026-09-09,LAND.L,645.0
2026-09-09,LDO.MI,48.64500045776367
2026-09-09,LDOS,128.13999938964844
2026-09-09,LEN,80.76000213623047
2026-09-09,LGEN.L,287.70001220703125
2026-09-09,LH,321.1000061035156
2026-09-09,LHX,250.4100036621093
2026-09-09,LII,375.7799987792969
2026-09-09,LIN,466.6499938964844
2026-09-09,LKQ,24.190000534057617
2026-09-09,LLOY.L,109.6500015258789
2026-09-09,LLY,1124.2099609375
2026-09-09,LMP.L,179.5
2026-09-09,LMT,524.4600219726562
2026-09-09,LNT,67.86000061035156
2026-09-09,LOW,198.6000061035156
2026-09-09,LRCX,315.8399963378906
2026-09-09,LSEG.L,8512.0
2026-09-09,LULU,99.72000122070312
2026-09-09,LUV,38.68000030517578
2026-09-09,LVS,43.33000183105469
2026-09-09,LW,48.130001068115234
2026-09-09,LYB,64.51000213623047
2026-09-09,LYV,169.99000549316406
2026-09-09,MA,567.5
2026-09-09,MAA,127.4800033569336
2026-09-09,MAR,331.5199890136719
2026-09-09,MAS,69.37999725341797
2026-09-09,MB.MI,28.11000061035156
2026-09-09,MBG.DE,46.69499969482422
2026-09-09,MCD,253.47999572753903
2026-09-09,MCHP,73.01000213623047
2026-09-09,MCK,891.6799926757812
2026-09-09,MCO,474.5700073242188
2026-09-09,MDLZ,62.41999816894531
2026-09-09,MDT,91.88999938964844
2026-09-09,MELI,1876.3299560546875
2026-09-09,MET,95.69000244140624
2026-09-09,META,653.6900024414062
2026-09-09,MGM,40.65999984741211
2026-09-09,MHK,127.94000244140624
2026-09-09,MKC,51.47999954223633
2026-09-09,MKS.L,386.8999938964844
2026-09-09,MLM,502.989990234375
2026-09-09,MMM,164.39999389648438
2026-09-09,MNDI.L,832.2000122070312
2026-09-09,MNG.L,345.0
2026-09-09,MNST,42.84000015258789
2026-09-09,MO,67.88999938964844
2026-09-09,MOH,194.1300048828125
2026-09-09,MONC.MI,45.15999984741211
2026-09-09,MOS,26.209999084472656
2026-09-09,MPC,399.4400024414063
2026-09-09,MPWR,1203.75
2026-09-09,MRK,147.52999877929688
2026-09-09,MRK.DE,132.6999969482422
2026-09-09,MRNA,135.61000061035156
2026-09-09,MRO.L,481.2999877929688
2026-09-09,MRVL,235.009994506836
2026-09-09,MS,215.3500061035156
2026-09-09,MSCI,554.5399780273438
2026-09-09,MSFT,491.6499938964844
2026-09-09,MSI,459.8900146484375
2026-09-09,MSTR,132.6999969482422
2026-09-09,MTB,238.0
2026-09-09,MTCH,41.43000030517578
2026-09-09,MTD,1290.3599853515625
2026-09-09,MTLN.L,47.68000030517578
2026-09-09,MTX.DE,343.70001220703125
2026-09-09,MU,1027.77001953125
2026-09-09,MUV2.DE,496.0
2026-09-09,NCLH,14.850000381469728
2026-09-09,NDAQ,94.22000122070312
2026-09-09,NDSN,313.94000244140625
2026-09-09,NEE,82.6500015258789
2026-09-09,NEM,128.7100067138672
2026-09-09,NEXI.MI,4.085000038146973
2026-09-09,NFLX,76.02999877929688
2026-09-09,NI,41.66999816894531
2026-09-09,NKE,37.34999847412109
2026-09-09,NOC,515.5700073242188
2026-09-09,NOW,131.11000061035156
2026-09-09,NRG,115.37000274658205
2026-09-09,NSC,323.29998779296875
2026-09-09,NTAP,184.7400054931641
2026-09-09,NTRS,184.69000244140625
2026-09-09,NUE,257.9100036621094
2026-09-09,NVDA,223.6699981689453
2026-09-09,NVR,6187.2998046875
2026-09-09,NWG.L,688.0
2026-09-09,NWS,33.08000183105469
2026-09-09,NWSA,29.61000061035156
2026-09-09,NXPI,223.32000732421875
2026-09-09,NXT.L,15000.0
2026-09-09,O,60.11000061035156
2026-09-09,ODFL,181.9600067138672
2026-09-09,OKE,95.81999969482422
2026-09-09,OMC,78.30000305175781
2026-09-09,ON,70.9800033569336
2026-09-09,ORCL,161.6300048828125
2026-09-09,ORLY,86.08000183105469
2026-09-09,OTIS,69.30000305175781
2026-09-09,OXY,61.29999923706055
2026-09-09,PAH3.DE,29.170000076293945
2026-09-09,PANW,335.1000061035156
2026-09-09,PAYC,215.5800018310547
2026-09-09,PAYX,114.75
2026-09-09,PCAR,121.87999725341795
2026-09-09,PCG,14.1899995803833
2026-09-09,PCT.L,659.0
2026-09-09,PDD,78.61000061035156
2026-09-09,PEG,72.5999984741211
2026-09-09,PEP,136.69000244140625
2026-09-09,PFE,27.780000686645508
2026-09-09,PFG,114.0199966430664
2026-09-09,PG,142.63999938964844
2026-09-09,PGR,215.5
2026-09-09,PH,949.469970703125
2026-09-09,PHM,118.93000030517578
2026-09-09,PKG,227.27999877929688
2026-09-09,PLD,135.66000366210938
2026-09-09,PLTR,169.52999877929688
2026-09-09,PM,185.7100067138672
2026-09-09,PNC,240.69000244140625
2026-09-09,PNR,57.52000045776367
2026-09-09,PNW,97.18000030517578
2026-09-09,PODD,137.9199981689453
2026-09-09,POOL,177.9199981689453
2026-09-09,PPG,107.16000366210938
2026-09-09,PPL,34.54999923706055
2026-09-09,PRU,117.58999633789062
2026-09-09,PRU.L,997.7999877929688
2026-09-09,PRY.MI,126.9499969482422
2026-09-09,PSA,294.6000061035156
2026-09-09,PSH.L,3780.0
2026-09-09,PSKY,10.220000267028809
2026-09-09,PSN.L,1114.0
2026-09-09,PSON.L,1166.5
2026-09-09,PST.MI,25.65999984741211
2026-09-09,PSX,260.7799987792969
2026-09-09,PTC,128.88999938964844
2026-09-09,PWR,626.97998046875
2026-09-09,PYPL,52.16999816894531
2026-09-09,Q,125.47000122070312
2026-09-09,QCOM,176.39999389648438
2026-09-09,QIA.DE,36.619998931884766
2026-09-09,RACE.MI,346.0
2026-09-09,RCL,259.760009765625
2026-09-09,REC.MI,52.0
2026-09-09,REG,75.33999633789062
2026-09-09,REGN,807.6500244140625
2026-09-09,REL.L,2515.0
2026-09-09,RF,29.88999938964844
2026-09-09,RHM.DE,1012.4000244140624
2026-09-09,RIO.L,7602.0
2026-09-09,RJF,175.47000122070312
2026-09-09,RKT.L,4988.0
2026-09-09,RL,335.6099853515625
2026-09-09,RMD,219.9499969482422
2026-09-09,RMV.L,467.2000122070313
2026-09-09,ROK,426.0799865722656
2026-09-09,ROL,34.540000915527344
2026-09-09,ROP,390.3500061035156
2026-09-09,ROST,225.2700042724609
2026-09-09,RSG,222.47000122070312
2026-09-09,RTO.L,335.3999938964844
2026-09-09,RTX,197.5500030517578
2026-09-09,RVTY,123.8499984741211
2026-09-09,RWE.DE,60.2599983215332
2026-09-09,SAP.DE,182.8600006103516
2026-09-09,SBAC,186.7400054931641
2026-09-09,SBRY.L,338.6000061035156
2026-09-09,SBUX,100.04000091552734
2026-09-09,SCHW,106.54000091552734
2026-09-09,SDR.L,585.0
2026-09-09,SFER.MI,8.739999771118164
2026-09-09,SGE.L,983.5999755859376
2026-09-09,SGRO.L,935.7999877929688
2026-09-09,SHEL.L,3504.0
2026-09-09,SHL.DE,38.68999862670898
2026-09-09,SHOP,126.79000091552734
2026-09-09,SHW,320.6400146484375
2026-09-09,SIE.DE,264.3999938964844
2026-09-09,SJM,123.30999755859376
2026-09-09,SLB,57.04999923706055
2026-09-09,SMCI,38.93000030517578
2026-09-09,SMIN.L,2531.0
2026-09-09,SMT.L,1471.5
2026-09-09,SNA,377.4200134277344
2026-09-09,SNDK,1764.1700439453125
2026-09-09,SNPS,393.2200012207031
2026-09-09,SO,88.33999633789062
2026-09-09,SOLS,63.2599983215332
2026-09-09,SOLV,90.02999877929688
2026-09-09,SPG,204.52999877929688
2026-09-09,SPGI,418.3599853515625
2026-09-09,SPM.MI,4.377999782562256
2026-09-09,SPX.L,7005.0
2026-09-09,SRE,85.01000213623047
2026-09-09,SRG.MI,5.4720001220703125
2026-09-09,SSE.L,2385.0
2026-09-09,STAN.L,2263.0
2026-09-09,STE,215.08999633789065
2026-09-09,STJ.L,1119.0
2026-09-09,STLD,240.69000244140625
2026-09-09,STT,191.88999938964844
2026-09-09,STX,885.9199829101562
2026-09-09,STZ,121.5500030517578
2026-09-09,SVT.L,2926.0
2026-09-09,SW,42.20000076293945
2026-09-09,SWK,91.68000030517578
2026-09-09,SWKS,76.54000091552734
2026-09-09,SY1.DE,88.69999694824219
2026-09-09,SYF,77.3499984741211
2026-09-09,SYK,275.3900146484375
2026-09-09,SYY,81.56999969482422
2026-09-09,T,25.14999961853028
2026-09-09,TAP,38.47999954223633
2026-09-09,TDG,1125.6800537109375
2026-09-09,TDY,595.22998046875
2026-09-09,TEAM,177.74000549316406
2026-09-09,TECH,72.25
2026-09-09,TEL,204.67999267578125
2026-09-09,TEN.MI,24.690000534057617
2026-09-09,TER,383.6900024414063
2026-09-09,TFC,50.150001525878906
2026-09-09,TGT,157.52000427246094
2026-09-09,TIT.MI,7.5229997634887695
2026-09-09,TJX,126.12000274658205
2026-09-09,TKO,191.0800018310547
2026-09-09,TMO,605.6900024414062
2026-09-09,TMUS,177.33999633789062
2026-09-09,TPL,374.05999755859375
2026-09-09,TPR,113.70999908447266
2026-09-09,TRGP,291.3800048828125
2026-09-09,TRI,96.9800033569336
2026-09-09,TRMB,57.400001525878906
2026-09-09,TRN.MI,9.25
2026-09-09,TROW,107.73999786376952
2026-09-09,TRV,366.8500061035156
2026-09-09,TSCO,34.0
2026-09-09,TSCO.L,468.7000122070313
2026-09-09,TSLA,367.80999755859375
2026-09-09,TSN,51.7400016784668
2026-09-09,TT,444.1700134277344
2026-09-09,TTD,13.880000114440918
2026-09-09,TTWO,211.13999938964844
2026-09-09,TXN,261.5899963378906
2026-09-09,TXT,79.88999938964844
2026-09-09,TYL,342.67999267578125
2026-09-09,UAL,107.12000274658205
2026-09-09,UBER,71.08000183105469
2026-09-09,UCG.MI,84.22000122070312
2026-09-09,UDR,35.400001525878906
2026-09-09,UHS,175.77999877929688
2026-09-09,ULTA,541.8599853515625
2026-09-09,ULVR.L,4621.0
2026-09-09,UNH,393.05999755859375
2026-09-09,UNI.MI,28.049999237060547
2026-09-09,UNP,284.739990234375
2026-09-09,UPS,99.22000122070312
2026-09-09,URI,1028.77001953125
2026-09-09,USB,62.11000061035156
2026-09-09,V,367.3900146484375
2026-09-09,VICI,25.209999084472656
2026-09-09,VLO,388.9500122070313
2026-09-09,VLTO,94.72000122070312
2026-09-09,VMC,249.88999938964844
2026-09-09,VNA.DE,18.5049991607666
2026-09-09,VOD.L,126.8000030517578
2026-09-09,VOW3.DE,81.69999694824219
2026-09-09,VRSK,177.99000549316406
2026-09-09,VRSN,286.94000244140625
2026-09-09,VRTX,521.1199951171875
2026-09-09,VST,151.10000610351562
2026-09-09,VTR,89.37999725341797
2026-09-09,VTRS,16.5
2026-09-09,VZ,49.7400016784668
2026-09-09,WAB,280.4700012207031
2026-09-09,WAT,404.80999755859375
2026-09-09,WBD,27.90999984741211
2026-09-09,WDAY,186.0500030517578
2026-09-09,WDC,482.2799987792969
2026-09-09,WEC,106.1500015258789
2026-09-09,WEIR.L,2788.0
2026-09-09,WELL,235.8999938964844
2026-09-09,WFC,89.66999816894531
2026-09-09,WM,216.44000244140625
2026-09-09,WMB,75.1500015258789
2026-09-09,WMT,105.83000183105467
2026-09-09,WPP.L,369.5
2026-09-09,WRB,69.91000366210938
2026-09-09,WSM,227.5200042724609
2026-09-09,WST,336.94000244140625
2026-09-09,WTB.L,2320.0
2026-09-09,WTW,313.7200012207031
2026-09-09,WY,22.59000015258789
2026-09-09,WYNN,90.2300033569336
2026-09-09,XEL,76.19000244140625
2026-09-09,XOM,164.22999572753906
2026-09-09,XYL,107.63999938964844
2026-09-09,XYZ,79.4000015258789
2026-09-09,YUM,145.16000366210938
2026-09-09,ZAL.DE,22.940000534057617
2026-09-09,ZBH,94.61000061035156
2026-09-09,ZBRA,344.8299865722656
2026-09-09,ZS,166.10000610351562
2026-09-09,ZTS,73.30999755859375
2026-09-10,000001.SZ,11.850000381469728
2026-09-10,000002.SZ,3.1600000858306885
2026-09-10,000012.SZ,3.7799999713897705
2026-09-10,000019.SZ,7.679999828338623
2026-09-10,000025.SZ,15.039999961853027
2026-09-10,000028.SZ,20.15999984741211
2026-09-10,000029.SZ,22.670000076293945
2026-09-10,000030.SZ,4.03000020980835
2026-09-10,000035.SZ,5.039999961853027
2026-09-10,000048.SZ,23.200000762939453
2026-09-10,000049.SZ,22.57999992370605
2026-09-10,000058.SZ,7.199999809265137
2026-09-10,000059.SZ,5.789999961853027
2026-09-10,000061.SZ,6.570000171661377
2026-09-10,000063.SZ,32.45000076293945
2026-09-10,000065.SZ,9.670000076293944
2026-09-10,000088.SZ,4.659999847412109
2026-09-10,000089.SZ,6.650000095367432
2026-09-10,000090.SZ,3.559999942779541
2026-09-10,000099.SZ,13.699999809265137
2026-09-10,0001.HK,69.9000015258789
2026-09-10,000100.SZ,4.690000057220459
2026-09-10,000156.SZ,7.0
2026-09-10,000157.SZ,6.610000133514404
2026-09-10,000166.SZ,4.579999923706055
2026-09-10,0002.HK,79.3499984741211
2026-09-10,000301.SZ,13.760000228881836
2026-09-10,000333.SZ,86.19999694824219
2026-09-10,000338.SZ,26.82999992370605
2026-09-10,000408.SZ,76.87000274658203
2026-09-10,000420.SZ,3.650000095367432
2026-09-10,000422.SZ,12.699999809265137
2026-09-10,000425.SZ,8.239999771118164
2026-09-10,000498.SZ,4.980000019073486
2026-09-10,000503.SZ,6.900000095367432
2026-09-10,000517.SZ,2.130000114440918
2026-09-10,000538.SZ,50.400001525878906
2026-09-10,000544.SZ,7.409999847412109
2026-09-10,000550.SZ,17.65999984741211
2026-09-10,000552.SZ,2.6600000858306885
2026-09-10,000555.SZ,10.699999809265137
2026-09-10,000557.SZ,3.829999923706055
2026-09-10,000567.SZ,6.599999904632568
2026-09-10,000568.SZ,74.80999755859375
2026-09-10,000581.SZ,18.229999542236328
2026-09-10,000589.SZ,4.380000114440918
2026-09-10,000596.SZ,94.3499984741211
2026-09-10,000597.SZ,4.809999942779541
2026-09-10,000600.SZ,7.550000190734863
2026-09-10,000603.SZ,35.220001220703125
2026-09-10,000612.SZ,11.1899995803833
2026-09-10,000617.SZ,7.230000019073486
2026-09-10,000620.SZ,3.190000057220459
2026-09-10,000625.SZ,7.119999885559082
2026-09-10,000628.SZ,55.0099983215332
2026-09-10,000630.SZ,6.5
2026-09-10,000650.SZ,5.340000152587891
2026-09-10,000651.SZ,38.95000076293945
2026-09-10,000657.SZ,59.41999816894531
2026-09-10,000661.SZ,73.19999694824219
2026-09-10,000672.SZ,14.84000015258789
2026-09-10,000676.SZ,6.900000095367432
2026-09-10,000680.SZ,10.479999542236328
2026-09-10,000681.SZ,16.829999923706055
2026-09-10,000682.SZ,11.130000114440918
2026-09-10,000685.SZ,11.4399995803833
2026-09-10,000686.SZ,8.029999732971191
2026-09-10,000688.SZ,27.6299991607666
2026-09-10,000690.SZ,5.260000228881836
2026-09-10,000708.SZ,13.5
2026-09-10,000712.SZ,11.15999984741211
2026-09-10,000718.SZ,2.0
2026-09-10,000719.SZ,12.130000114440918
2026-09-10,000725.SZ,5.460000038146973
2026-09-10,000727.SZ,2.25
2026-09-10,000735.SZ,6.519999980926514
2026-09-10,000737.SZ,16.3799991607666
2026-09-10,000756.SZ,13.130000114440918
2026-09-10,000758.SZ,6.300000190734863
2026-09-10,000761.SZ,2.440000057220459
2026-09-10,000762.SZ,22.68000030517578
2026-09-10,000766.SZ,16.030000686645508
2026-09-10,000767.SZ,3.5799999237060547
2026-09-10,000768.SZ,23.5
2026-09-10,000776.SZ,21.71999931335449
2026-09-10,000786.SZ,16.260000228881836
2026-09-10,000791.SZ,7.369999885559082
2026-09-10,000792.SZ,26.3700008392334
2026-09-10,000795.SZ,8.319999694824219
2026-09-10,000800.SZ,6.070000171661377
2026-09-10,000801.SZ,12.40999984741211
2026-09-10,000807.SZ,28.32999992370605
2026-09-10,000810.SZ,9.84000015258789
2026-09-10,000811.SZ,37.75
2026-09-10,000813.SZ,3.359999895095825
2026-09-10,000821.SZ,7.909999847412109
2026-09-10,000828.SZ,10.210000038146973
2026-09-10,000829.SZ,9.010000228881836
2026-09-10,000837.SZ,9.630000114440918
2026-09-10,000848.SZ,8.199999809265137
2026-09-10,000858.SZ,70.4800033569336
2026-09-10,000860.SZ,10.829999923706056
2026-09-10,000875.SZ,5.019999980926514
2026-09-10,000876.SZ,7.610000133514404
2026-09-10,000881.SZ,6.699999809265137
2026-09-10,000885.SZ,12.220000267028809
2026-09-10,000895.SZ,23.780000686645508
2026-09-10,000899.SZ,9.920000076293944
2026-09-10,000901.SZ,14.539999961853027
2026-09-10,000902.SZ,14.399999618530272
2026-09-10,000913.SZ,10.979999542236328
2026-09-10,000915.SZ,25.1299991607666
2026-09-10,000917.SZ,7.019999980926514
2026-09-10,000923.SZ,18.350000381469727
2026-09-10,000927.SZ,2.549999952316284
2026-09-10,000928.SZ,5.659999847412109
2026-09-10,000930.SZ,6.5
2026-09-10,000935.SZ,21.200000762939453
2026-09-10,000938.SZ,33.099998474121094
2026-09-10,000950.SZ,5.289999961853027
2026-09-10,000963.SZ,26.6200008392334
2026-09-10,000966.SZ,4.170000076293945
2026-09-10,000968.SZ,7.489999771118164
2026-09-10,000969.SZ,17.09000015258789
2026-09-10,000970.SZ,11.649999618530272
2026-09-10,000975.SZ,25.8700008392334
2026-09-10,000977.SZ,70.43000030517578
2026-09-10,000983.SZ,6.900000095367432
2026-09-10,000990.SZ,6.690000057220459
2026-09-10,000999.SZ,24.39999961853028
2026-09-10,0012.HK,26.76000022888184
2026-09-10,001203.SZ,25.32999992370605
2026-09-10,001289.SZ,15.279999732971191
2026-09-10,001391.SZ,4.099999904632568
2026-09-10,0016.HK,116.6999969482422
2026-09-10,001965.SZ,9.760000228881836
2026-09-10,001979.SZ,6.880000114440918
2026-09-10,002001.SZ,27.15999984741211
2026-09-10,002027.SZ,4.809999942779541
2026-09-10,002028.SZ,135.25999450683594
2026-09-10,002049.SZ,60.5
2026-09-10,002050.SZ,35.459999084472656
2026-09-10,002074.SZ,25.46999931335449
2026-09-10,002129.SZ,8.859999656677246
2026-09-10,002142.SZ,35.869998931884766
2026-09-10,002179.SZ,34.83000183105469
2026-09-10,002180.SZ,16.65999984741211
2026-09-10,002230.SZ,39.15999984741211
2026-09-10,002236.SZ,16.049999237060547
2026-09-10,002241.SZ,22.530000686645508
2026-09-10,002252.SZ,5.0
2026-09-10,002304.SZ,38.47999954223633
2026-09-10,002311.SZ,43.09999847412109
2026-09-10,002352.SZ,31.40999984741211
2026-09-10,002371.SZ,638.6400146484375
2026-09-10,002415.SZ,33.5099983215332
2026-09-10,002422.SZ,40.13999938964844
2026-09-10,002459.SZ,6.829999923706055
2026-09-10,002460.SZ,48.34000015258789
2026-09-10,002463.SZ,127.91999816894533
2026-09-10,002466.SZ,44.68999862670898
2026-09-10,002475.SZ,54.45000076293945
2026-09-10,002493.SZ,14.369999885559082
2026-09-10,002594.SZ,83.5199966430664
2026-09-10,002600.SZ,12.84000015258789
2026-09-10,002601.SZ,15.449999809265137
2026-09-10,002648.SZ,28.06999969482422
2026-09-10,0027.HK,32.08000183105469
2026-09-10,002709.SZ,33.150001525878906
2026-09-10,002714.SZ,42.220001220703125
2026-09-10,002736.SZ,10.239999771118164
2026-09-10,002916.SZ,392.30999755859375
2026-09-10,002920.SZ,83.5199966430664
2026-09-10,002938.SZ,91.8499984741211
2026-09-10,003816.SZ,4.309999942779541
2026-09-10,0101.HK,6.914999961853027
2026-09-10,0175.HK,16.1299991607666
2026-09-10,0241.HK,3.005000114440918
2026-09-10,0267.HK,13.720000267028809
2026-09-10,0285.HK,24.100000381469727
2026-09-10,0288.HK,6.634999752044678
2026-09-10,0291.HK,18.68000030517578
2026-09-10,0300.HK,99.3000030517578
2026-09-10,0316.HK,145.60000610351562
2026-09-10,0322.HK,12.0600004196167
2026-09-10,1024.HK,31.65999984741211
2026-09-10,1038.HK,66.19999694824219
2026-09-10,1044.HK,21.31999969482422
2026-09-10,1088.HK,46.47999954223633
2026-09-10,1093.HK,8.770000457763672
2026-09-10,1099.HK,15.5
2026-09-10,1109.HK,29.959999084472656
2026-09-10,1113.HK,47.900001525878906
2026-09-10,1177.HK,5.480000019073486
2026-09-10,1209.HK,38.47999954223633
2026-09-10,1211.HK,79.55000305175781
2026-09-10,1299.HK,75.30000305175781
2026-09-10,1378.HK,23.440000534057617
2026-09-10,1398.HK,7.610000133514404
2026-09-10,1810.HK,25.920000076293945
2026-09-10,1876.HK,5.864999771118164
2026-09-10,1928.HK,13.380000114440918
2026-09-10,1929.HK,11.9399995803833
2026-09-10,1997.HK,31.31999969482422
2026-09-10,2015.HK,46.47999954223633
2026-09-10,2020.HK,72.05000305175781
2026-09-10,2057.HK,164.89999389648438
2026-09-10,2269.HK,47.5
2026-09-10,2313.HK,35.2599983215332
2026-09-10,2318.HK,54.84999847412109
2026-09-10,2319.HK,18.100000381469727
2026-09-10,2331.HK,13.0600004196167
2026-09-10,2359.HK,191.0
2026-09-10,2382.HK,68.80000305175781
2026-09-10,2388.HK,51.70000076293945
2026-09-10,2618.HK,10.75
2026-09-10,2628.HK,30.13999938964844
2026-09-10,2688.HK,50.5
2026-09-10,2899.HK,37.34000015258789
2026-09-10,300014.SZ,49.869998931884766
2026-09-10,300015.SZ,8.170000076293945
2026-09-10,300033.SZ,215.8000030517578
2026-09-10,300059.SZ,18.96999931335449
2026-09-10,300122.SZ,12.760000228881836
2026-09-10,300124.SZ,54.459999084472656
2026-09-10,300274.SZ,85.93000030517578
2026-09-10,300308.SZ,890.0999755859375
2026-09-10,300316.SZ,40.08000183105469
2026-09-10,300347.SZ,53.810001373291016
2026-09-10,300394.SZ,269.0
2026-09-10,300408.SZ,117.6999969482422
2026-09-10,300413.SZ,17.75
2026-09-10,300418.SZ,44.2599983215332
2026-09-10,300433.SZ,33.810001373291016
2026-09-10,300442.SZ,61.95000076293945
2026-09-10,300498.SZ,14.880000114440918
2026-09-10,300502.SZ,410.8999938964844
2026-09-10,300628.SZ,40.34999847412109
2026-09-10,300661.SZ,106.69000244140624
2026-09-10,300750.SZ,338.0599975585937
2026-09-10,300759.SZ,41.54999923706055
2026-09-10,300760.SZ,165.6999969482422
2026-09-10,300782.SZ,72.0199966430664
2026-09-10,300832.SZ,48.18000030517578
2026-09-10,300896.SZ,88.8499984741211
2026-09-10,300979.SZ,32.68000030517578
2026-09-10,300999.SZ,26.71999931335449
2026-09-10,301236.SZ,35.709999084472656
2026-09-10,301269.SZ,89.01000213623047
2026-09-10,302132.SZ,72.18000030517578
2026-09-10,600000.SS,9.350000381469728
2026-09-10,600009.SS,23.520000457763672
2026-09-10,600010.SS,2.190000057220459
2026-09-10,600011.SS,6.949999809265137
2026-09-10,600015.SS,6.429999828338623
2026-09-10,600016.SS,3.650000095367432
2026-09-10,600018.SS,5.519999980926514
2026-09-10,600019.SS,5.920000076293945
2026-09-10,600023.SS,4.980000019073486
2026-09-10,600025.SS,9.720000267028809
2026-09-10,600026.SS,21.299999237060547
2026-09-10,600027.SS,4.880000114440918
2026-09-10,600028.SS,5.559999942779541
2026-09-10,600029.SS,5.0
2026-09-10,600030.SS,27.600000381469727
2026-09-10,600031.SS,20.01000022888184
2026-09-10,600036.SS,41.56999969482422
2026-09-10,600039.SS,9.199999809265137
2026-09-10,600048.SS,5.210000038146973
2026-09-10,600050.SS,4.199999809265137
2026-09-10,600061.SS,6.559999942779541
2026-09-10,600066.SS,27.1200008392334
2026-09-10,600085.SS,23.700000762939453
2026-09-10,600089.SS,19.01000022888184
2026-09-10,600104.SS,11.149999618530272
2026-09-10,600111.SS,38.18000030517578
2026-09-10,600115.SS,3.470000028610229
2026-09-10,600150.SS,40.81999969482422
2026-09-10,600160.SS,37.0
2026-09-10,600161.SS,12.43000030517578
2026-09-10,600176.SS,43.459999084472656
2026-09-10,600183.SS,146.9600067138672
2026-09-10,600188.SS,21.75
2026-09-10,600196.SS,21.8799991607666
2026-09-10,600219.SS,5.0
2026-09-10,600233.SS,17.59000015258789
2026-09-10,600276.SS,42.93000030517578
2026-09-10,600309.SS,76.34000396728516
2026-09-10,600332.SS,19.8799991607666
2026-09-10,600346.SS,18.420000076293945
2026-09-10,600362.SS,49.63999938964844
2026-09-10,600372.SS,11.84000015258789
2026-09-10,600377.SS,12.609999656677246
2026-09-10,600406.SS,22.489999771118164
2026-09-10,600415.SS,12.15999984741211
2026-09-10,600426.SS,20.790000915527344
2026-09-10,600436.SS,119.05999755859376
2026-09-10,600438.SS,11.5
2026-09-10,600460.SS,30.239999771118164
2026-09-10,600482.SS,34.810001373291016
2026-09-10,600489.SS,25.3799991607666
2026-09-10,600515.SS,2.8299999237060547
2026-09-10,A,143.1199951171875
2026-09-10,A2A.MI,2.3580000400543213
2026-09-10,AAF.L,343.0
2026-09-10,AAL.L,3972.0
2026-09-10,AAPL,326.57000732421875
2026-09-10,ABBV,255.0
2026-09-10,ABF.L,1860.0
2026-09-10,ABNB,167.64999389648438
2026-09-10,ABT,103.36000061035156
2026-09-10,ACGL,96.1999969482422
2026-09-10,ACN,177.91000366210938
2026-09-10,ADBE,248.8300018310547
2026-09-10,ADI,361.25
2026-09-10,ADM,86.91000366210938
2026-09-10,ADM.L,3786.0
2026-09-10,ADP,267.3299865722656
2026-09-10,ADS.DE,142.6999969482422
2026-09-10,ADSK,211.6100006103516
2026-09-10,AEE,104.9499969482422
2026-09-10,AEP,123.47000122070312
2026-09-10,AES,14.800000190734863
2026-09-10,AFL,114.47000122070312
2026-09-10,AIG,75.02999877929688
2026-09-10,AIR.DE,195.8600006103516
2026-09-10,AIZ,280.9700012207031
2026-09-10,AJG,243.3099975585937
2026-09-10,AKAM,107.12999725341795
2026-09-10,ALB,122.11000061035156
2026-09-10,ALGN,150.72000122070312
2026-09-10,ALL,251.7899932861328
2026-09-10,ALLE,151.27000427246094
2026-09-10,ALV.DE,439.5
2026-09-10,ALW.L,1344.0
2026-09-10,AMAT,454.010009765625
2026-09-10,AMCR,43.0
2026-09-10,AMD,503.6000061035156
2026-09-10,AME,234.2400054931641
2026-09-10,AMGN,382.4700012207031
2026-09-10,AMP,553.530029296875
2026-09-10,AMP.MI,11.345000267028809
2026-09-10,AMT,172.97999572753906
2026-09-10,AMZN,251.88999938964844
2026-09-10,ANET,188.9900054931641
2026-09-10,ANTO.L,3771.0
2026-09-10,AON,307.7699890136719
2026-09-10,AOS,56.709999084472656
2026-09-10,APA,44.52999877929688
2026-09-10,APD,293.6499938964844
2026-09-10,APH,80.25
2026-09-10,APO,127.91000366210938
2026-09-10,APP,314.489990234375
2026-09-10,APTV,45.68999862670898
2026-09-10,ARE,49.560001373291016
2026-09-10,ARM,254.17999267578125
2026-09-10,ASML,1687.4300537109375
2026-09-10,ATO,164.80999755859375
2026-09-10,AUTO.L,484.7999877929688
2026-09-10,AVGO,360.8299865722656
2026-09-10,AVY,168.77000427246094
2026-09-10,AWK,139.83999633789062
2026-09-10,AXON,478.8500061035156
2026-09-10,AXP,320.7099914550781
2026-09-10,AZM.MI,38.34999847412109
2026-09-10,AZN,159.63999938964844
2026-09-10,AZN.L,11758.0
2026-09-10,AZO,2881.469970703125
2026-09-10,BA,204.8000030517578
2026-09-10,BAB.L,969.5999755859376
2026-09-10,BAC,62.560001373291016
2026-09-10,BALL,59.7400016784668
2026-09-10,BAMI.MI,16.100000381469727
2026-09-10,BARC.L,484.3500061035156
2026-09-10,BAS.DE,53.34000015258789
2026-09-10,BATS.L,4092.0
2026-09-10,BAX,24.18000030517578
2026-09-10,BAYN.DE,48.70000076293945
2026-09-10,BBY,88.08999633789062
2026-09-10,BDX,176.4199981689453
2026-09-10,BEI.DE,73.33999633789062
2026-09-10,BEN,33.65999984741211
2026-09-10,BEZ.L,1302.0
2026-09-10,BFF.MI,2.970000028610229
2026-09-10,BG,124.58999633789062
2026-09-10,BIIB,215.42999267578125
2026-09-10,BKG.L,3294.0
2026-09-10,BKNG,174.3300018310547
2026-09-10,BKR,59.400001525878906
2026-09-10,BLDR,58.970001220703125
2026-09-10,BLK,1062.4000244140625
2026-09-10,BMED.MI,23.1299991607666
2026-09-10,BMPS.MI,11.6899995803833
2026-09-10,BMW.DE,62.70000076293945
2026-09-10,BMY,63.75
2026-09-10,BNR.DE,61.34000015258789
2026-09-10,BNZL.L,2572.0
2026-09-10,BPE.MI,14.187999725341797
2026-09-10,BR,168.24000549316406
2026-09-10,BRBY.L,1029.5
2026-09-10,BRO,66.33000183105469
2026-09-10,BSX,43.09999847412109
2026-09-10,BTRW.L,285.8999938964844
2026-09-10,BX,125.41000366210938
2026-09-10,BXP,63.720001220703125
2026-09-10,BZU.MI,38.70000076293945
2026-09-10,C,138.5
2026-09-10,CAG,14.699999809265137
2026-09-10,CAH,236.0200042724609
2026-09-10,CARR,56.63999938964844
2026-09-10,CAT,805.0
2026-09-10,CB,338.6700134277344
2026-09-10,CBK.DE,42.119998931884766
2026-09-10,CBOE,287.489990234375
2026-09-10,CBRE,137.99000549316406
2026-09-10,CCEP,102.87999725341795
2026-09-10,CCEP.L,7665.0
2026-09-10,CCH.L,4496.0
2026-09-10,CCI,73.87000274658203
2026-09-10,CCL,22.46999931335449
2026-09-10,CDNS,284.95001220703125
2026-09-10,CDW,142.60000610351562
2026-09-10,CEG,285.9700012207031
2026-09-10,CF,135.11000061035156
2026-09-10,CFG,69.62999725341797
2026-09-10,CHD,93.94000244140624
2026-09-10,CHRW,152.4199981689453
2026-09-10,CHTR,140.55999755859375
2026-09-10,CI,280.9100036621094
2026-09-10,CINF,169.58999633789062
2026-09-10,CL,87.9000015258789
2026-09-10,CLX,88.7699966430664
2026-09-10,CMCSA,25.170000076293945
2026-09-10,CME,274.07000732421875
2026-09-10,CMG,36.130001068115234
2026-09-10,CMI,550.030029296875
2026-09-10,CMS,67.68000030517578
2026-09-10,CNA.L,150.9499969482422
2026-09-10,CNC,65.4000015258789
2026-09-10,CNP,39.119998931884766
2026-09-10,COF,207.1100006103516
2026-09-10,COIN,172.27999877929688
2026-09-10,CON.DE,70.69999694824219
2026-09-10,COO,54.16999816894531
2026-09-10,COP,137.0399932861328
2026-09-10,COR,320.95001220703125
2026-09-10,COST,902.3800048828124
2026-09-10,CPAY,408.4700012207031
2026-09-10,CPB,20.940000534057617
2026-09-10,CPG.L,30.959999084472656
2026-09-10,CPR.MI,5.74399995803833
2026-09-10,CPRT,30.75
2026-09-10,CPT,102.5
2026-09-10,CRDA.L,3204.0
2026-09-10,CRL,273.0
2026-09-10,CRM,243.0
2026-09-10,CRWD,208.8600006103516
2026-09-10,CSCO,107.44000244140624
2026-09-10,CSGP,29.489999771118164
2026-09-10,CSX,49.040000915527344
2026-09-10,CTAS,198.44000244140625
2026-09-10,CTEC.L,217.8000030517578
2026-09-10,CTSH,58.31999969482422
2026-09-10,CTVA,84.48999786376953
2026-09-10,CVS,95.29000091552734
2026-09-10,CVX,212.759994506836
2026-09-10,D,65.05000305175781
2026-09-10,DAL,78.23999786376953
2026-09-10,DASH,201.02999877929688
2026-09-10,DB1.DE,279.70001220703125
2026-09-10,DBK.DE,34.845001220703125
2026-09-10,DCC.L,6330.0
2026-09-10,DD,127.31999969482422
2026-09-10,DDOG,221.72000122070312
2026-09-10,DE,677.9400024414062
2026-09-10,DECK,79.87999725341797
2026-09-10,DELL,506.6199951171875
2026-09-10,DG,122.98999786376952
2026-09-10,DGE.L,1602.5
2026-09-10,DGX,231.13999938964844
2026-09-10,DHI,135.57000732421875
2026-09-10,DHL.DE,54.93999862670898
2026-09-10,DHR,200.52999877929688
2026-09-10,DIA.MI,73.5999984741211
2026-09-10,DIS,105.81999969482422
2026-09-10,DLR,185.3699951171875
2026-09-10,DLTR,118.66000366210938
2026-09-10,DOC,20.3700008392334
2026-09-10,DOV,187.3699951171875
2026-09-10,DOW,29.63999938964844
2026-09-10,DPLM.L,7025.0
2026-09-10,DPZ,317.29998779296875
2026-09-10,DRI,207.52999877929688
2026-09-10,DTE,134.33999633789062
2026-09-10,DTE.DE,27.8799991607666
2026-09-10,DTG.DE,43.77999877929688
2026-09-10,DUK,119.37000274658205
2026-09-10,DVA,181.3300018310547
2026-09-10,DVN,50.02000045776367
2026-09-10,DXCM,84.51000213623047
2026-09-10,EBAY,105.02999877929688
2026-09-10,ECL,271.6000061035156
2026-09-10,ED,106.7300033569336
2026-09-10,EDV.L,4506.0
2026-09-10,EFX,168.0399932861328
2026-09-10,EG,371.0299987792969
2026-09-10,EIX,56.75
2026-09-10,EL,96.47000122070312
2026-09-10,ELV,416.5400085449219
2026-09-10,EME,748.3300170898438
2026-09-10,EMR,148.3699951171875
2026-09-10,ENEL.MI,8.932999610900879
2026-09-10,ENI.MI,24.05500030517578
2026-09-10,ENR.DE,140.82000732421875
2026-09-10,ENT.L,503.0
2026-09-10,EOAN.DE,17.56999969482422
2026-09-10,EOG,147.4600067138672
2026-09-10,EPAM,114.5199966430664
2026-09-10,EQIX,1023.8099975585938
2026-09-10,EQT,54.959999084472656
2026-09-10,ERG.MI,22.059999465942383
2026-09-10,ERIE,240.3999938964844
2026-09-10,ES,68.98999786376953
2026-09-10,ESS,271.3699951171875
2026-09-10,ETN,409.1499938964844
2026-09-10,ETR,105.7300033569336
2026-09-10,EVRG,81.36000061035156
2026-09-10,EW,86.7699966430664
2026-09-10,EXC,43.38999938964844
2026-09-10,EXE,96.87000274658205
2026-09-10,EXPD,189.32000732421875
2026-09-10,EXPE,276.8800048828125
2026-09-10,EXPN.L,2779.0
2026-09-10,EXR,136.4499969482422
2026-09-10,EZJ.L,668.7999877929688
2026-09-10,F,13.880000114440918
2026-09-10,FANG,205.38999938964844
2026-09-10,FAST,49.0099983215332
2026-09-10,FCIT.L,338.0
2026-09-10,FCX,71.20999908447266
2026-09-10,FDS,262.92999267578125
2026-09-10,FDX,311.79998779296875
2026-09-10,FE,46.25
2026-09-10,FFIV,398.4800109863281
2026-09-10,FICO,960.6699829101562
2026-09-10,FIS,38.52000045776367
2026-09-10,FISV,48.93000030517578
2026-09-10,FITB,54.43000030517578
2026-09-10,FME.DE,38.4900016784668
2026-09-10,FOX,58.060001373291016
2026-09-10,FOXA,65.18000030517578
2026-09-10,FRE.DE,44.70500183105469
2026-09-10,FRES.L,2959.0
2026-09-10,FRT,114.83999633789062
2026-09-10,FSLR,207.1699981689453
2026-09-10,FTNT,158.85000610351562
2026-09-10,FTV,54.5099983215332
2026-09-10,G.MI,44.720001220703125
2026-09-10,G1A.DE,63.59999847412109
2026-09-10,G24.DE,72.55000305175781
2026-09-10,GAW.L,17330.0
2026-09-10,GD,354.25
2026-09-10,GDDY,96.37000274658205
2026-09-10,GE,324.1499938964844
2026-09-10,GEHC,64.23999786376953
2026-09-10,GEN,29.96500015258789
2026-09-10,GEV,923.9099731445312
2026-09-10,GFS,45.959999084472656
2026-09-10,GILD,144.80999755859375
2026-09-10,GIS,35.959999084472656
2026-09-10,GL,170.8000030517578
2026-09-10,GLEN.L,599.7000122070312
2026-09-10,GLW,163.1199951171875
2026-09-10,GM,86.12000274658203
2026-09-10,GNRC,181.6699981689453
2026-09-10,GOOG,330.3900146484375
2026-09-10,GOOGL,332.6000061035156
2026-09-10,GPC,134.16000366210938
2026-09-10,GPN,88.55000305175781
2026-09-10,GRMN,272.20001220703125
2026-09-10,GS,1019.77001953125
2026-09-10,GSK.L,1775.5
2026-09-10,GWW,1271.489990234375
2026-09-10,HAL,36.06999969482422
2026-09-10,HAS,90.16000366210938
2026-09-10,HBAN,16.729999542236328
2026-09-10,HCA,421.2099914550781
2026-09-10,HD,305.69000244140625
2026-09-10,HEI.DE,154.60000610351562
2026-09-10,HEN3.DE,73.68000030517578
2026-09-10,HER.MI,3.609999895095825
2026-09-10,HIG,136.8000030517578
2026-09-10,HII,281.6700134277344
2026-09-10,HIK.L,1498.0
2026-09-10,HLMA.L,3588.0
2026-09-10,HLN.L,336.20001220703125
2026-09-10,HLT,306.239990234375
2026-09-10,HNR1.DE,249.0
2026-09-10,HON,202.17999267578125
2026-09-10,HOOD,113.33000183105467
2026-09-10,HPE,55.220001220703125
2026-09-10,HPQ,32.72999954223633
2026-09-10,HRL,20.84000015258789
2026-09-10,HSBA.L,1529.0
2026-09-10,HSIC,87.30000305175781
2026-09-10,HST,22.13999938964844
2026-09-10,HSX.L,1850.0
2026-09-10,HSY,174.33999633789062
2026-09-10,HUBB,452.4100036621094
2026-09-10,HUM,400.7300109863281
2026-09-10,HWDN.L,733.0
2026-09-10,HWM,227.9100036621093
2026-09-10,IAG.L,412.2999877929688
2026-09-10,IBKR,89.41999816894531
2026-09-10,IBM,234.0200042724609
2026-09-10,ICE,155.80999755859375
2026-09-10,ICG.L,1910.0
2026-09-10,IDXX,506.5299987792969
2026-09-10,IEX,221.4600067138672
2026-09-10,IFF,84.05000305175781
2026-09-10,IFX.DE,55.79999923706055
2026-09-10,IG.MI,8.277999877929688
2026-09-10,IHG.L,152.35000610351562
2026-09-10,III.L,2632.0
2026-09-10,IMB.L,2488.0
2026-09-10,IMI.L,2998.0
2026-09-10,INCY,123.27999877929688
2026-09-10,INF.L,874.4000244140625
2026-09-10,INTC,100.31999969482422
2026-09-10,INTU,312.7699890136719
2026-09-10,INVH,27.559999465942383
2026-09-10,INW.MI,6.355000019073486
2026-09-10,IP,34.290000915527344
2026-09-10,IP.MI,35.29999923706055
2026-09-10,IQV,257.29998779296875
2026-09-10,IR,73.08999633789062
2026-09-10,IRM,112.9000015258789
2026-09-10,ISP.MI,6.662000179290772
2026-09-10,ISRG,360.4599914550781
2026-09-10,IT,170.6199951171875
2026-09-10,ITRK.L,5850.0
2026-09-10,ITW,265.20001220703125
2026-09-10,IVZ,31.93000030517578
2026-09-10,J,140.52999877929688
2026-09-10,JBHT,267.8299865722656
2026-09-10,JBL,302.79998779296875
2026-09-10,JCI,142.80999755859375
2026-09-10,JKHY,161.4199981689453
2026-09-10,JNJ,266.3500061035156
2026-09-10,JPM,353.5599975585937
2026-09-10,KDP,31.459999084472656
2026-09-10,KEY,21.729999542236328
2026-09-10,KEYS,325.6499938964844
2026-09-10,KGF.L,288.3999938964844
2026-09-10,KHC,24.38999938964844
2026-09-10,KIM,23.290000915527344
2026-09-10,KKR,100.87000274658205
2026-09-10,KLAC,177.17999267578125
2026-09-10,KMB,98.4800033569336
2026-09-10,KMI,30.950000762939453
2026-09-10,KO,87.83000183105469
2026-09-10,KR,56.95000076293945
2026-09-10,KVUE,17.790000915527344
2026-09-10,L,109.08000183105467
2026-09-10,LAND.L,630.0
2026-09-10,LDO.MI,50.02999877929688
2026-09-10,LDOS,129.5500030517578
2026-09-10,LEN,77.9000015258789
2026-09-10,LGEN.L,286.0
2026-09-10,LH,306.9599914550781
2026-09-10,LHX,248.3699951171875
2026-09-10,LII,372.6199951171875
2026-09-10,LIN,461.6199951171875
2026-09-10,LKQ,23.6299991607666
2026-09-10,LLOY.L,109.0999984741211
2026-09-10,LLY,1123.0
2026-09-10,LMP.L,177.8000030517578
2026-09-10,LMT,530.1199951171875
2026-09-10,LNT,67.25
2026-09-10,LOW,196.58999633789065
2026-09-10,LRCX,298.010009765625
2026-09-10,LSEG.L,8512.0
2026-09-10,LULU,96.87999725341795
2026-09-10,LUV,38.68999862670898
2026-09-10,LVS,42.59999847412109
2026-09-10,LW,47.31999969482422
2026-09-10,LYB,64.30000305175781
2026-09-10,LYV,170.0800018310547
2026-09-10,MA,565.3699951171875
2026-09-10,MAA,124.4800033569336
2026-09-10,MAR,329.07000732421875
2026-09-10,MAS,67.63999938964844
2026-09-10,MB.MI,28.21999931335449
2026-09-10,MBG.DE,46.85499954223633
2026-09-10,MCD,253.0500030517578
2026-09-10,MCHP,71.58000183105469
2026-09-10,MCK,880.8599853515625
2026-09-10,MCO,467.3599853515625
2026-09-10,MDLZ,62.470001220703125
2026-09-10,MDT,91.62000274658205
2026-09-10,MELI,1906.239990234375
2026-09-10,MET,96.77999877929688
2026-09-10,META,644.3800048828125
2026-09-10,MGM,40.72999954223633
2026-09-10,MHK,124.23999786376952
2026-09-10,MKC,51.09999847412109
2026-09-10,MKS.L,377.3999938964844
2026-09-10,MLM,502.4700012207031
2026-09-10,MMM,162.86000061035156
2026-09-10,MNDI.L,826.0
2026-09-10,MNG.L,332.20001220703125
2026-09-10,MNST,43.09000015258789
2026-09-10,MO,68.79000091552734
2026-09-10,MOH,200.27999877929688
2026-09-10,MONC.MI,43.59999847412109
2026-09-10,MOS,25.39999961853028
2026-09-10,MPC,392.4200134277344
2026-09-10,MPWR,1186.0799560546875
2026-09-10,MRK,144.7100067138672
2026-09-10,MRK.DE,131.64999389648438
2026-09-10,MRNA,136.6199951171875
2026-09-10,MRO.L,473.8999938964844
2026-09-10,MRVL,226.9600067138672
2026-09-10,MS,212.6600036621093
2026-09-10,MSCI,547.5999755859375
2026-09-10,MSFT,492.4400024414063
2026-09-10,MSI,463.8800048828125
2026-09-10,MSTR,128.55999755859375
2026-09-10,MTB,239.0200042724609
2026-09-10,MTCH,41.81999969482422
2026-09-10,MTD,1280.5799560546875
2026-09-10,MTLN.L,47.27999877929688
2026-09-10,MTX.DE,338.3999938964844
2026-09-10,MU,977.4099731445312
2026-09-10,MUV2.DE,498.0
2026-09-10,NCLH,14.56999969482422
2026-09-10,NDAQ,92.01000213623048
2026-09-10,NDSN,307.45001220703125
2026-09-10,NEE,82.44000244140625
2026-09-10,NEM,126.13999938964844
2026-09-10,NEXI.MI,4.105999946594238
2026-09-10,NFLX,76.01000213623047
2026-09-10,NI,41.41999816894531
2026-09-10,NKE,36.619998931884766
2026-09-10,NOC,518.9500122070312
2026-09-10,NOW,131.1699981689453
2026-09-10,NRG,111.6500015258789
2026-09-10,NSC,323.29998779296875
2026-09-10,NTAP,183.6000061035156
2026-09-10,NTRS,187.19000244140625
2026-09-10,NUE,255.4600067138672
2026-09-10,NVDA,218.3600006103516
2026-09-10,NVR,6088.27978515625
2026-09-10,NWG.L,682.4000244140625
2026-09-10,NWS,32.779998779296875
2026-09-10,NWSA,29.3799991607666
2026-09-10,NXPI,226.46499633789065
2026-09-10,NXT.L,14915.0
2026-09-10,O,59.56999969482422
2026-09-10,ODFL,180.5500030517578
2026-09-10,OKE,95.72000122070312
2026-09-10,OMC,79.44999694824219
2026-09-10,ON,70.16999816894531
2026-09-10,ORCL,152.94000244140625
2026-09-10,ORLY,85.51000213623047
2026-09-10,OTIS,67.88999938964844
2026-09-10,OXY,61.15999984741211
2026-09-10,PAH3.DE,28.920000076293945
2026-09-10,PANW,338.489990234375
2026-09-10,PAYC,216.0399932861328
2026-09-10,PAYX,115.18000030517578
2026-09-10,PCAR,122.56999969482422
2026-09-10,PCG,14.029999732971191
2026-09-10,PCT.L,647.5
2026-09-10,PDD,77.83999633789062
2026-09-10,PEG,72.4800033569336
2026-09-10,PEP,136.64999389648438
2026-09-10,PFE,27.64999961853028
2026-09-10,PFG,114.95999908447266
2026-09-10,PG,142.97000122070312
2026-09-10,PGR,216.19000244140625
2026-09-10,PH,934.3400268554688
2026-09-10,PHM,116.41000366210938
2026-09-10,PKG,232.4100036621093
2026-09-10,PLD,134.41000366210938
2026-09-10,PLTR,165.86000061035156
2026-09-10,PM,189.7700042724609
2026-09-10,PNC,242.97999572753903
2026-09-10,PNR,56.72999954223633
2026-09-10,PNW,96.58999633789062
2026-09-10,PODD,134.67999267578125
2026-09-10,POOL,175.75999450683594
2026-09-10,PPG,105.0500030517578
2026-09-10,PPL,34.209999084472656
2026-09-10,PRU,118.4800033569336
2026-09-10,PRU.L,980.0
2026-09-10,PRY.MI,123.5999984741211
2026-09-10,PSA,294.6000061035156
2026-09-10,PSH.L,3756.0
2026-09-10,PSKY,10.380000114440918
2026-09-10,PSN.L,1101.5
2026-09-10,PSON.L,1159.5
2026-09-10,PST.MI,25.56999969482422
2026-09-10,PSX,258.510009765625
2026-09-10,PTC,128.71499633789062
2026-09-10,PWR,618.72998046875
2026-09-10,PYPL,53.310001373291016
2026-09-10,Q,123.31999969482422
2026-09-10,QCOM,176.8800048828125
2026-09-10,QIA.DE,36.6150016784668
2026-09-10,RACE.MI,351.20001220703125
2026-09-10,RCL,259.010009765625
2026-09-10,REC.MI,52.0
2026-09-10,REG,75.30999755859375
2026-09-10,REGN,793.260009765625
2026-09-10,REL.L,2494.0
2026-09-10,RF,29.950000762939453
2026-09-10,RHM.DE,1016.4000244140624
2026-09-10,RIO.L,7365.0
2026-09-10,RJF,173.52999877929688
2026-09-10,RKT.L,5058.0
2026-09-10,RL,336.6700134277344
2026-09-10,RMD,219.5800018310547
2026-09-10,RMV.L,464.1000061035156
2026-09-10,ROK,421.3699951171875
2026-09-10,ROL,34.560001373291016
2026-09-10,ROP,388.5799865722656
2026-09-10,ROST,225.47999572753903
2026-09-10,RSG,221.0800018310547
2026-09-10,RTO.L,331.20001220703125
2026-09-10,RTX,198.1199951171875
2026-09-10,RVTY,120.94000244140624
2026-09-10,RWE.DE,60.18000030517578
2026-09-10,SAP.DE,177.82000732421875
2026-09-10,SBAC,181.4199981689453
2026-09-10,SBRY.L,334.20001220703125
2026-09-10,SBUX,99.22000122070312
2026-09-10,SCHW,107.33000183105467
2026-09-10,SDR.L,585.0
2026-09-10,SFER.MI,8.5649995803833
2026-09-10,SGE.L,979.7999877929688
2026-09-10,SGRO.L,932.5999755859376
2026-09-10,SHEL.L,3533.0
2026-09-10,SHL.DE,38.41999816894531
2026-09-10,SHOP,126.5999984741211
2026-09-10,SHW,317.44000244140625
2026-09-10,SIE.DE,258.1000061035156
2026-09-10,SJM,121.06999969482422
2026-09-10,SLB,56.0099983215332
2026-09-10,SMCI,37.380001068115234
2026-09-10,SMIN.L,2523.0
2026-09-10,SMT.L,1473.5
2026-09-10,SNA,374.8299865722656
2026-09-10,SNDK,1692.5899658203125
2026-09-10,SNPS,397.1700134277344
2026-09-10,SO,87.75
2026-09-10,SOLS,61.560001373291016
2026-09-10,SOLV,87.6500015258789
2026-09-10,SPG,204.6699981689453
2026-09-10,SPGI,410.4200134277344
2026-09-10,SPM.MI,4.367000102996826
2026-09-10,SPX.L,6835.0
2026-09-10,SRE,84.0
2026-09-10,SRG.MI,5.473999977111816
2026-09-10,SSE.L,2364.0
2026-09-10,STAN.L,2270.0
2026-09-10,STE,212.4499969482422
2026-09-10,STJ.L,1121.0
2026-09-10,STLD,237.0800018310547
2026-09-10,STT,191.3000030517578
2026-09-10,STX,862.3300170898438
2026-09-10,STZ,123.80999755859376
2026-09-10,SVT.L,2912.0
2026-09-10,SW,42.209999084472656
2026-09-10,SWK,89.2300033569336
2026-09-10,SWKS,84.02999877929688
2026-09-10,SY1.DE,87.95999908447266
2026-09-10,SYF,75.44000244140625
2026-09-10,SYK,270.010009765625
2026-09-10,SYY,82.30999755859375
2026-09-10,T,25.549999237060547
2026-09-10,TAP,38.43999862670898
2026-09-10,TDG,1126.8800048828125
2026-09-10,TDY,596.5
2026-09-10,TEAM,179.57000732421875
2026-09-10,TECH,72.08000183105469
2026-09-10,TEL,204.6300048828125
2026-09-10,TEN.MI,24.34000015258789
2026-09-10,TER,370.1900024414063
2026-09-10,TFC,50.33000183105469
2026-09-10,TGT,155.72999572753906
2026-09-10,TIT.MI,7.479000091552734
2026-09-10,TJX,126.41999816894533
2026-09-10,TKO,189.63999938964844
2026-09-10,TMO,603.1799926757812
2026-09-10,TMUS,177.16000366210938
2026-09-10,TPL,366.1000061035156
2026-09-10,TPR,115.87000274658205
2026-09-10,TRGP,291.9100036621094
2026-09-10,TRI,95.70999908447266
2026-09-10,TRMB,56.84000015258789
2026-09-10,TRN.MI,9.21399974822998
2026-09-10,TROW,107.5500030517578
2026-09-10,TRV,367.55999755859375
2026-09-10,TSCO,33.52000045776367
2026-09-10,TSCO.L,466.7999877929688
2026-09-10,TSLA,363.55999755859375
2026-09-10,TSN,52.459999084472656
2026-09-10,TT,439.8299865722656
2026-09-10,TTD,13.970000267028809
2026-09-10,TTWO,216.9600067138672
2026-09-10,TXN,258.82000732421875
2026-09-10,TXT,79.19999694824219
2026-09-10,TYL,335.4800109863281
2026-09-10,UAL,106.48999786376952
2026-09-10,UBER,72.55999755859375
2026-09-10,UCG.MI,83.80000305175781
2026-09-10,UDR,35.13999938964844
2026-09-10,UHS,172.72000122070312
2026-09-10,ULTA,535.6300048828125
2026-09-10,ULVR.L,4559.0
2026-09-10,UNH,388.2799987792969
2026-09-10,UNI.MI,27.8700008392334
2026-09-10,UNP,285.7799987792969
2026-09-10,UPS,99.97000122070312
2026-09-10,URI,989.0800170898438
2026-09-10,USB,62.40999984741211
2026-09-10,V,367.2099914550781
2026-09-10,VICI,24.729999542236328
2026-09-10,VLO,385.4299926757813
2026-09-10,VLTO,93.4499969482422
2026-09-10,VMC,250.6000061035156
2026-09-10,VNA.DE,17.94499969482422
2026-09-10,VOD.L,128.64999389648438
2026-09-10,VOW3.DE,81.18000030517578
2026-09-10,VRSK,175.86000061035156
2026-09-10,VRSN,288.8500061035156
2026-09-10,VRTX,514.5599975585938
2026-09-10,VST,147.0500030517578
2026-09-10,VTR,90.44000244140624
2026-09-10,VTRS,16.3799991607666
2026-09-10,VZ,49.970001220703125
2026-09-10,WAB,280.2699890136719
2026-09-10,WAT,401.6400146484375
2026-09-10,WBD,28.200000762939453
2026-09-10,WDAY,185.08999633789065
2026-09-10,WDC,460.9299926757813
2026-09-10,WEC,105.3499984741211
2026-09-10,WEIR.L,2686.0
2026-09-10,WELL,235.7100067138672
2026-09-10,WFC,89.44999694824219
2026-09-10,WM,214.7700042724609
2026-09-10,WMB,72.81999969482422
2026-09-10,WMT,105.7300033569336
2026-09-10,WPP.L,369.5
2026-09-10,WRB,70.05000305175781
2026-09-10,WSM,223.7400054931641
2026-09-10,WST,344.25
2026-09-10,WTB.L,2348.0
2026-09-10,WTW,315.4100036621094
2026-09-10,WY,21.989999771118164
2026-09-10,WYNN,88.41999816894531
2026-09-10,XEL,75.41000366210938
2026-09-10,XOM,165.22999572753906
2026-09-10,XYL,106.5500030517578
2026-09-10,XYZ,79.06999969482422
2026-09-10,YUM,143.88999938964844
2026-09-10,ZAL.DE,22.270000457763672
2026-09-10,ZBH,92.44000244140624
2026-09-10,ZBRA,344.010009765625
2026-09-10,ZS,163.47999572753906
2026-09-10,ZTS,72.86000061035156
2026-09-11,000001.SZ,11.739999771118164
2026-09-11,000002.SZ,3.059999942779541
2026-09-11,000012.SZ,3.829999923706055
2026-09-11,000019.SZ,7.329999923706055
2026-09-11,000025.SZ,14.649999618530272
2026-09-11,000028.SZ,19.799999237060547
2026-09-11,000029.SZ,22.09000015258789
2026-09-11,000030.SZ,3.9700000286102295
2026-09-11,000035.SZ,4.940000057220459
2026-09-11,000048.SZ,21.81999969482422
2026-09-11,000049.SZ,21.89999961853028
2026-09-11,000058.SZ,7.019999980926514
2026-09-11,000059.SZ,5.579999923706055
2026-09-11,000061.SZ,6.340000152587891
2026-09-11,000063.SZ,32.16999816894531
2026-09-11,000065.SZ,9.479999542236328
2026-09-11,000088.SZ,4.579999923706055
2026-09-11,000089.SZ,6.519999980926514
2026-09-11,000090.SZ,3.4600000381469727
2026-09-11,000099.SZ,13.350000381469728
2026-09-11,0001.HK,68.10449981689453
2026-09-11,000100.SZ,4.639999866485596
2026-09-11,000156.SZ,6.960000038146973
2026-09-11,000157.SZ,6.519999980926514
2026-09-11,000166.SZ,4.440000057220459
2026-09-11,0002.HK,78.5
2026-09-11,000301.SZ,13.380000114440918
2026-09-11,000333.SZ,86.26000213623047
2026-09-11,000338.SZ,26.32999992370605
2026-09-11,000408.SZ,72.6500015258789
2026-09-11,000420.SZ,3.549999952316284
2026-09-11,000422.SZ,12.18000030517578
2026-09-11,000425.SZ,8.0600004196167
2026-09-11,000498.SZ,4.900000095367432
2026-09-11,000503.SZ,6.820000171661377
2026-09-11,000517.SZ,2.0299999713897705
2026-09-11,000538.SZ,50.400001525878906
2026-09-11,000544.SZ,7.329999923706055
2026-09-11,000550.SZ,17.649999618530273
2026-09-11,000552.SZ,2.5899999141693115
2026-09-11,000555.SZ,10.489999771118164
2026-09-11,000557.SZ,3.75
2026-09-11,000567.SZ,6.190000057220459
2026-09-11,000568.SZ,73.62999725341797
2026-09-11,000581.SZ,18.040000915527344
2026-09-11,000589.SZ,4.329999923706055
2026-09-11,000596.SZ,92.12000274658205
2026-09-11,000597.SZ,4.710000038146973
2026-09-11,000600.SZ,7.5
2026-09-11,000603.SZ,33.61000061035156
2026-09-11,000612.SZ,10.609999656677246
2026-09-11,000617.SZ,6.909999847412109
2026-09-11,000620.SZ,3.109999895095825
2026-09-11,000625.SZ,7.059999942779541
2026-09-11,000628.SZ,54.95000076293945
2026-09-11,000630.SZ,6.170000076293945
2026-09-11,000650.SZ,5.210000038146973
2026-09-11,000651.SZ,38.7400016784668
2026-09-11,000657.SZ,58.52000045776367
2026-09-11,000661.SZ,71.45999908447266
2026-09-11,000672.SZ,14.760000228881836
2026-09-11,000676.SZ,6.760000228881836
2026-09-11,000680.SZ,10.079999923706056
2026-09-11,000681.SZ,16.329999923706055
2026-09-11,000682.SZ,10.789999961853027
2026-09-11,000685.SZ,11.149999618530272
2026-09-11,000686.SZ,7.75
2026-09-11,000688.SZ,26.34000015258789
2026-09-11,000690.SZ,5.260000228881836
2026-09-11,000708.SZ,13.470000267028809
2026-09-11,000712.SZ,10.100000381469728
2026-09-11,000718.SZ,1.9299999475479128
2026-09-11,000719.SZ,12.050000190734863
2026-09-11,000725.SZ,5.329999923706055
2026-09-11,000727.SZ,2.240000009536743
2026-09-11,000735.SZ,6.269999980926514
2026-09-11,000737.SZ,14.739999771118164
2026-09-11,000756.SZ,12.8100004196167
2026-09-11,000758.SZ,6.010000228881836
2026-09-11,000761.SZ,2.299999952316284
2026-09-11,000762.SZ,21.520000457763672
2026-09-11,000766.SZ,16.049999237060547
2026-09-11,000767.SZ,3.559999942779541
2026-09-11,000768.SZ,23.540000915527344
2026-09-11,000776.SZ,20.89999961853028
2026-09-11,000786.SZ,15.800000190734863
2026-09-11,000791.SZ,7.440000057220459
2026-09-11,000792.SZ,25.450000762939453
2026-09-11,000795.SZ,8.170000076293945
2026-09-11,000800.SZ,6.010000228881836
2026-09-11,000801.SZ,12.270000457763672
2026-09-11,000807.SZ,27.290000915527344
2026-09-11,000810.SZ,9.300000190734863
2026-09-11,000811.SZ,37.04999923706055
2026-09-11,000813.SZ,3.380000114440918
2026-09-11,000821.SZ,7.639999866485596
2026-09-11,000828.SZ,10.029999732971191
2026-09-11,000829.SZ,8.899999618530273
2026-09-11,000837.SZ,9.470000267028809
2026-09-11,000848.SZ,8.100000381469727
2026-09-11,000858.SZ,69.75
2026-09-11,000860.SZ,10.550000190734863
2026-09-11,000875.SZ,5.010000228881836
2026-09-11,000876.SZ,7.519999980926514
2026-09-11,000881.SZ,6.630000114440918
2026-09-11,000885.SZ,11.890000343322754
2026-09-11,000895.SZ,23.540000915527344
2026-09-11,000899.SZ,9.869999885559082
2026-09-11,000901.SZ,14.369999885559082
2026-09-11,000902.SZ,14.18000030517578
2026-09-11,000913.SZ,10.84000015258789
2026-09-11,000915.SZ,24.71999931335449
2026-09-11,000917.SZ,6.940000057220459
2026-09-11,000923.SZ,17.0
2026-09-11,000927.SZ,2.5
2026-09-11,000928.SZ,5.659999847412109
2026-09-11,000930.SZ,5.880000114440918
2026-09-11,000935.SZ,20.40999984741211
2026-09-11,000938.SZ,32.84000015258789
2026-09-11,000950.SZ,5.190000057220459
2026-09-11,000963.SZ,26.26000022888184
2026-09-11,000966.SZ,4.179999828338623
2026-09-11,000968.SZ,7.199999809265137
2026-09-11,000969.SZ,16.860000610351562
2026-09-11,000970.SZ,11.369999885559082
2026-09-11,000975.SZ,25.38999938964844
2026-09-11,000977.SZ,70.54000091552734
2026-09-11,000983.SZ,6.739999771118164
2026-09-11,000990.SZ,6.46999979019165
2026-09-11,000999.SZ,23.88999938964844
2026-09-11,0012.HK,26.07999992370605
2026-09-11,001203.SZ,23.82999992370605
2026-09-11,001289.SZ,15.18000030517578
2026-09-11,001391.SZ,3.9800000190734863
2026-09-11,0016.HK,108.1999969482422
2026-09-11,001965.SZ,9.800000190734863
2026-09-11,001979.SZ,6.760000228881836
2026-09-11,002001.SZ,26.51000022888184
2026-09-11,002027.SZ,4.75
2026-09-11,002028.SZ,134.6699981689453
2026-09-11,002049.SZ,59.09000015258789
2026-09-11,002050.SZ,34.869998931884766
2026-09-11,002074.SZ,25.020000457763672
2026-09-11,002129.SZ,8.6899995803833
2026-09-11,002142.SZ,35.5
2026-09-11,002179.SZ,35.220001220703125
2026-09-11,002180.SZ,16.270000457763672
2026-09-11,002230.SZ,39.150001525878906
2026-09-11,002236.SZ,15.920000076293944
2026-09-11,002241.SZ,22.239999771118164
2026-09-11,002252.SZ,4.889999866485596
2026-09-11,002304.SZ,38.06999969482422
2026-09-11,002311.SZ,42.75
2026-09-11,002352.SZ,31.1200008392334
2026-09-11,002371.SZ,634.0
2026-09-11,002415.SZ,33.25
2026-09-11,002422.SZ,39.34999847412109
2026-09-11,002459.SZ,6.639999866485596
2026-09-11,002460.SZ,46.66999816894531
2026-09-11,002463.SZ,128.25
2026-09-11,002466.SZ,43.0
2026-09-11,002475.SZ,55.38999938964844
2026-09-11,002493.SZ,13.600000381469728
2026-09-11,002594.SZ,84.0
2026-09-11,002600.SZ,13.100000381469728
2026-09-11,002601.SZ,14.779999732971191
2026-09-11,002648.SZ,27.21999931335449
2026-09-11,0027.HK,32.779998779296875
2026-09-11,002709.SZ,32.310001373291016
2026-09-11,002714.SZ,42.18000030517578
2026-09-11,002736.SZ,9.979999542236328
2026-09-11,002916.SZ,396.6799926757813
2026-09-11,002920.SZ,84.08999633789062
2026-09-11,002938.SZ,92.6500015258789
2026-09-11,003816.SZ,4.329999923706055
2026-09-11,0101.HK,6.804999828338623
2026-09-11,0175.HK,16.1200008392334
2026-09-11,0241.HK,3.0199999809265137
2026-09-11,0267.HK,13.487310409545898
2026-09-11,0285.HK,23.86000061035156
2026-09-11,0288.HK,6.465000152587891
2026-09-11,0291.HK,18.34000015258789
2026-09-11,0300.HK,99.1999969482422
2026-09-11,0316.HK,148.89999389648438
2026-09-11,0322.HK,12.06999969482422
2026-09-11,1024.HK,31.26000022888184
2026-09-11,1038.HK,66.30000305175781
2026-09-11,1044.HK,20.700000762939453
2026-09-11,1088.HK,46.119998931884766
2026-09-11,1093.HK,8.710000038146973
2026-09-11,1099.HK,15.359999656677246
2026-09-11,1109.HK,29.15999984741211
2026-09-11,1113.HK,47.470001220703125
2026-09-11,1177.HK,5.25
2026-09-11,1209.HK,38.15999984741211
2026-09-11,1211.HK,79.8499984741211
2026-09-11,1299.HK,75.05000305175781
2026-09-11,1378.HK,22.5
2026-09-11,1398.HK,7.610000133514404
2026-09-11,1810.HK,26.36000061035156
2026-09-11,1876.HK,5.739999771118164
2026-09-11,1928.HK,13.359999656677246
2026-09-11,1929.HK,11.670000076293944
2026-09-11,1997.HK,30.920000076293945
2026-09-11,2015.HK,46.34000015258789
2026-09-11,2020.HK,72.44999694824219
2026-09-11,2057.HK,162.39999389648438
2026-09-11,2269.HK,47.0
2026-09-11,2313.HK,35.97999954223633
2026-09-11,2318.HK,54.0
2026-09-11,2319.HK,18.36000061035156
2026-09-11,2331.HK,13.010000228881836
2026-09-11,2359.HK,188.8000030517578
2026-09-11,2382.HK,69.0999984741211
2026-09-11,2388.HK,52.29999923706055
2026-09-11,2618.HK,10.789999961853027
2026-09-11,2628.HK,29.600000381469727
2026-09-11,2688.HK,48.13999938964844
2026-09-11,2899.HK,34.81999969482422
2026-09-11,300014.SZ,48.59999847412109
2026-09-11,300015.SZ,8.0600004196167
2026-09-11,300033.SZ,207.0
2026-09-11,300059.SZ,18.309999465942383
2026-09-11,300122.SZ,12.609999656677246
2026-09-11,300124.SZ,53.52000045776367
2026-09-11,300274.SZ,84.4000015258789
2026-09-11,300308.SZ,926.0
2026-09-11,300316.SZ,40.02999877929688
2026-09-11,300347.SZ,52.79999923706055
2026-09-11,300394.SZ,261.9599914550781
2026-09-11,300408.SZ,124.36000061035156
2026-09-11,300413.SZ,17.770000457763672
2026-09-11,300418.SZ,43.810001373291016
2026-09-11,300433.SZ,33.27000045776367
2026-09-11,300442.SZ,61.04999923706055
2026-09-11,300498.SZ,14.869999885559082
2026-09-11,300502.SZ,423.0
2026-09-11,300628.SZ,40.34999847412109
2026-09-11,300661.SZ,107.9800033569336
2026-09-11,300750.SZ,330.510009765625
2026-09-11,300759.SZ,40.27999877929688
2026-09-11,300760.SZ,162.72999572753906
2026-09-11,300782.SZ,71.0
2026-09-11,300832.SZ,48.18000030517578
2026-09-11,300896.SZ,87.66000366210938
2026-09-11,300979.SZ,32.939998626708984
2026-09-11,300999.SZ,26.3799991607666
2026-09-11,301236.SZ,35.900001525878906
2026-09-11,301269.SZ,86.5199966430664
2026-09-11,302132.SZ,63.41999816894531
2026-09-11,600000.SS,9.260000228881836
2026-09-11,600009.SS,23.280000686645508
2026-09-11,600010.SS,2.150000095367432
2026-09-11,600011.SS,6.949999809265137
2026-09-11,600015.SS,6.349999904632568
2026-09-11,600016.SS,3.700000047683716
2026-09-11,600018.SS,5.489999771118164
2026-09-11,600019.SS,5.840000152587891
2026-09-11,600023.SS,5.019999980926514
2026-09-11,600025.SS,9.829999923706056
2026-09-11,600026.SS,20.86000061035156
2026-09-11,600027.SS,4.880000114440918
2026-09-11,600028.SS,5.519999980926514
2026-09-11,600029.SS,4.929999828338623
2026-09-11,600030.SS,26.920000076293945
2026-09-11,600031.SS,19.780000686645508
2026-09-11,600036.SS,41.34999847412109
2026-09-11,600039.SS,9.0600004196167
2026-09-11,600048.SS,5.059999942779541
2026-09-11,600050.SS,4.210000038146973
2026-09-11,600061.SS,6.300000190734863
2026-09-11,600066.SS,26.670000076293945
2026-09-11,600085.SS,23.39999961853028
2026-09-11,600089.SS,18.71999931335449
2026-09-11,600104.SS,11.720000267028809
2026-09-11,600111.SS,37.47999954223633
2026-09-11,600115.SS,3.4100000858306885
2026-09-11,600150.SS,39.75
2026-09-11,600160.SS,35.2599983215332
2026-09-11,600161.SS,12.09000015258789
2026-09-11,600176.SS,44.65999984741211
2026-09-11,600183.SS,148.42999267578125
2026-09-11,600188.SS,21.3799991607666
2026-09-11,600196.SS,21.600000381469727
2026-09-11,600219.SS,4.820000171661377
2026-09-11,600233.SS,17.84000015258789
2026-09-11,600276.SS,42.66999816894531
2026-09-11,600309.SS,74.5
2026-09-11,600332.SS,19.729999542236328
2026-09-11,600346.SS,17.270000457763672
2026-09-11,600362.SS,45.77999877929688
2026-09-11,600372.SS,11.920000076293944
2026-09-11,600377.SS,12.600000381469728
2026-09-11,600406.SS,22.290000915527344
2026-09-11,600415.SS,11.989999771118164
2026-09-11,600426.SS,19.8700008392334
2026-09-11,600436.SS,119.7300033569336
2026-09-11,600438.SS,11.050000190734863
2026-09-11,600460.SS,30.06999969482422
2026-09-11,600482.SS,34.29999923706055
2026-09-11,600489.SS,24.530000686645508
2026-09-11,600515.SS,2.75
2026-09-11,A,146.92999267578125
2026-09-11,A2A.MI,2.371999979019165
2026-09-11,AAF.L,345.0
2026-09-11,AAL.L,3990.0
2026-09-11,AAPL,332.2699890136719
2026-09-11,ABBV,257.1199951171875
2026-09-11,ABF.L,1843.5
2026-09-11,ABNB,170.19000244140625
2026-09-11,ABT,101.9499969482422
2026-09-11,ACGL,96.08999633789062
2026-09-11,ACN,183.8999938964844
2026-09-11,ADBE,252.22999572753903
2026-09-11,ADI,378.7799987792969
2026-09-11,ADM,86.72000122070312
2026-09-11,ADM.L,3786.0
2026-09-11,ADP,268.260009765625
2026-09-11,ADS.DE,142.75
2026-09-11,ADSK,212.3999938964844
2026-09-11,AEE,104.9000015258789
2026-09-11,AEP,123.33000183105467
2026-09-11,AES,14.789999961853027
2026-09-11,AFL,115.27999877929688
2026-09-11,AIG,75.33000183105469
2026-09-11,AIR.DE,199.5
2026-09-11,AIZ,282.4599914550781
2026-09-11,AJG,240.32000732421875
2026-09-11,AKAM,106.79000091552734
2026-09-11,ALB,117.5199966430664
2026-09-11,ALGN,150.82000732421875
2026-09-11,ALL,253.7100067138672
2026-09-11,ALLE,153.35000610351562
2026-09-11,ALV.DE,442.2999877929688
2026-09-11,ALW.L,1353.0
2026-09-11,AMAT,456.489990234375
2026-09-11,AMCR,42.31999969482422
2026-09-11,AMD,516.1300048828125
2026-09-11,AME,241.8699951171875
2026-09-11,AMGN,377.3500061035156
2026-09-11,AMP,557.6099853515625
2026-09-11,AMP.MI,11.515000343322754
2026-09-11,AMT,177.85000610351562
2026-09-11,AMZN,256.7799987792969
2026-09-11,ANET,199.58999633789065
2026-09-11,ANTO.L,3790.0
2026-09-11,AON,302.69000244140625
2026-09-11,AOS,57.38999938964844
2026-09-11,APA,44.72999954223633
2026-09-11,APD,291.42999267578125
2026-09-11,APH,83.91999816894531
2026-09-11,APO,128.97999572753906
2026-09-11,APP,323.9599914550781
2026-09-11,APTV,45.540000915527344
2026-09-11,ARE,51.13999938964844
2026-09-11,ARM,264.7900085449219
2026-09-11,ASML,1698.300048828125
2026-09-11,ATO,163.19000244140625
2026-09-11,AUTO.L,489.3999938964844
2026-09-11,AVGO,361.989990234375
2026-09-11,AVY,169.3800048828125
2026-09-11,AWK,137.69000244140625
2026-09-11,AXON,479.3399963378906
2026-09-11,AXP,324.69000244140625
2026-09-11,AZM.MI,38.880001068115234
2026-09-11,AZN,160.1699981689453
2026-09-11,AZN.L,11708.0
2026-09-11,AZO,2876.75
2026-09-11,BA,210.4499969482422
2026-09-11,BAB.L,965.4000244140624
2026-09-11,BAC,62.68999862670898
2026-09-11,BALL,59.900001525878906
2026-09-11,BAMI.MI,16.25
2026-09-11,BARC.L,493.75
2026-09-11,BAS.DE,51.83000183105469
2026-09-11,BATS.L,4100.0
2026-09-11,BAX,23.799999237060547
2026-09-11,BAYN.DE,48.16999816894531
2026-09-11,BBY,90.8000030517578
2026-09-11,BDX,177.85000610351562
2026-09-11,BEI.DE,73.31999969482422
2026-09-11,BEN,33.650001525878906
2026-09-11,BEZ.L,1304.0
2026-09-11,BFF.MI,3.1440000534057617
2026-09-11,BG,122.41000366210938
2026-09-11,BIIB,217.1499938964844
2026-09-11,BKG.L,3284.0
2026-09-11,BKNG,173.9199981689453
2026-09-11,BKR,59.060001373291016
2026-09-11,BLDR,60.369998931884766
2026-09-11,BLK,1079.6500244140625
2026-09-11,BMED.MI,23.420000076293945
2026-09-11,BMPS.MI,11.977999687194824
2026-09-11,BMW.DE,63.0
2026-09-11,BMY,63.63999938964844
2026-09-11,BNR.DE,60.619998931884766
2026-09-11,BNZL.L,2566.0
2026-09-11,BPE.MI,14.355999946594238
2026-09-11,BR,167.74000549316406
2026-09-11,BRBY.L,1018.0
2026-09-11,BRO,66.19000244140625
2026-09-11,BSX,42.97999954223633
2026-09-11,BTRW.L,285.5
2026-09-11,BX,128.50999450683594
2026-09-11,BXP,64.69999694824219
2026-09-11,BZU.MI,38.880001068115234
2026-09-11,C,138.82000732421875
2026-09-11,CAG,14.600000381469728
2026-09-11,CAH,234.57000732421875
2026-09-11,CARR,57.459999084472656
2026-09-11,CAT,818.5700073242188
2026-09-11,CB,338.25
2026-09-11,CBK.DE,42.72999954223633
2026-09-11,CBOE,281.0400085449219
2026-09-11,CBRE,140.50999450683594
2026-09-11,CCEP,102.7699966430664
2026-09-11,CCEP.L,7595.0
2026-09-11,CCH.L,4494.0
2026-09-11,CCI,75.62000274658203
2026-09-11,CCL,22.75
2026-09-11,CDNS,289.3699951171875
2026-09-11,CDW,153.7899932861328
2026-09-11,CEG,284.75
2026-09-11,CF,133.07000732421875
2026-09-11,CFG,70.4800033569336
2026-09-11,CHD,94.1500015258789
2026-09-11,CHRW,152.77999877929688
2026-09-11,CHTR,145.77000427246094
2026-09-11,CI,280.760009765625
2026-09-11,CINF,169.8000030517578
2026-09-11,CL,86.80000305175781
2026-09-11,CLX,87.76000213623047
2026-09-11,CMCSA,25.200000762939453
2026-09-11,CME,275.5400085449219
2026-09-11,CMG,36.20000076293945
2026-09-11,CMI,556.75
2026-09-11,CMS,67.1500015258789
2026-09-11,CNA.L,150.89999389648438
2026-09-11,CNC,66.41999816894531
2026-09-11,CNP,39.11000061035156
2026-09-11,COF,208.3000030517578
2026-09-11,COIN,175.25999450683594
2026-09-11,CON.DE,70.5199966430664
2026-09-11,COO,53.90999984741211
2026-09-11,COP,137.35000610351562
2026-09-11,COR,321.57000732421875
2026-09-11,COST,904.77001953125
2026-09-11,CPAY,408.2200012207031
2026-09-11,CPB,21.0
2026-09-11,CPG.L,30.850000381469727
2026-09-11,CPR.MI,5.7220001220703125
2026-09-11,CPRT,29.950000762939453
2026-09-11,CPT,103.01000213623048
2026-09-11,CRDA.L,3177.0
2026-09-11,CRL,278.260009765625
2026-09-11,CRM,247.72000122070312
2026-09-11,CRWD,206.7400054931641
2026-09-11,CSCO,112.12999725341795
2026-09-11,CSGP,30.459999084472656
2026-09-11,CSX,48.95000076293945
2026-09-11,CTAS,201.5
2026-09-11,CTEC.L,215.8000030517578
2026-09-11,CTSH,60.0
2026-09-11,CTVA,83.9000015258789
2026-09-11,CVS,94.66000366210938
2026-09-11,CVX,214.0599975585937
2026-09-11,D,64.36000061035156
2026-09-11,DAL,79.91000366210938
2026-09-11,DASH,201.9499969482422
2026-09-11,DB1.DE,276.29998779296875
2026-09-11,DBK.DE,34.84000015258789
2026-09-11,DCC.L,6330.0
2026-09-11,DD,126.98999786376952
2026-09-11,DDOG,221.2100067138672
2026-09-11,DE,675.739990234375
2026-09-11,DECK,81.2699966430664
2026-09-11,DELL,567.2899780273438
2026-09-11,DG,124.58000183105467
2026-09-11,DGE.L,1603.0
2026-09-11,DGX,235.0200042724609
2026-09-11,DHI,137.88999938964844
2026-09-11,DHL.DE,55.02000045776367
2026-09-11,DHR,200.13999938964844
2026-09-11,DIA.MI,73.4000015258789
2026-09-11,DIS,106.5500030517578
2026-09-11,DLR,188.5800018310547
2026-09-11,DLTR,118.16999816894533
2026-09-11,DOC,20.299999237060547
2026-09-11,DOV,189.0500030517578
2026-09-11,DOW,29.030000686645508
2026-09-11,DPLM.L,7115.0
2026-09-11,DPZ,311.6000061035156
2026-09-11,DRI,209.88999938964844
2026-09-11,DTE,132.5800018310547
2026-09-11,DTE.DE,28.59000015258789
2026-09-11,DTG.DE,44.310001373291016
2026-09-11,DUK,119.41999816894533
2026-09-11,DVA,181.5500030517578
2026-09-11,DVN,50.22999954223633
2026-09-11,DXCM,83.02999877929688
2026-09-11,EBAY,107.75
2026-09-11,ECL,276.17999267578125
2026-09-11,ED,106.45999908447266
2026-09-11,EDV.L,4593.0
2026-09-11,EFX,169.0
2026-09-11,EG,371.7099914550781
2026-09-11,EIX,56.0
2026-09-11,EL,97.12000274658205
2026-09-11,ELV,418.7200012207031
2026-09-11,EME,780.6599731445312
2026-09-11,EMR,152.19000244140625
2026-09-11,ENEL.MI,8.956999778747559
2026-09-11,ENI.MI,24.0
2026-09-11,ENR.DE,144.25999450683594
2026-09-11,ENT.L,502.2000122070313
2026-09-11,EOAN.DE,17.635000228881836
2026-09-11,EOG,147.36000061035156
2026-09-11,EPAM,117.91000366210938
2026-09-11,EQIX,1037.719970703125
2026-09-11,EQT,54.06999969482422
2026-09-11,ERG.MI,22.21999931335449
2026-09-11,ERIE,245.02999877929688
2026-09-11,ES,68.5199966430664
2026-09-11,ESS,272.9100036621094
2026-09-11,ETN,425.3699951171875
2026-09-11,ETR,105.33000183105467
2026-09-11,EVRG,81.62000274658203
2026-09-11,EW,84.37000274658203
2026-09-11,EXC,43.15999984741211
2026-09-11,EXE,94.83000183105467
2026-09-11,EXPD,192.6000061035156
2026-09-11,EXPE,280.8299865722656
2026-09-11,EXPN.L,2782.0
2026-09-11,EXR,137.63999938964844
2026-09-11,EZJ.L,667.2000122070312
2026-09-11,F,13.970000267028809
2026-09-11,FANG,204.97000122070312
2026-09-11,FAST,49.31999969482422
2026-09-11,FCIT.L,341.79998779296875
2026-09-11,FCX,71.06999969482422
2026-09-11,FDS,259.7099914550781
2026-09-11,FDX,311.989990234375
2026-09-11,FE,46.130001068115234
2026-09-11,FFIV,411.7099914550781
2026-09-11,FICO,985.3900146484376
2026-09-11,FIS,38.13999938964844
2026-09-11,FISV,51.58000183105469
2026-09-11,FITB,54.720001220703125
2026-09-11,FME.DE,38.43999862670898
2026-09-11,FOX,58.45000076293945
2026-09-11,FOXA,65.94000244140625
2026-09-11,FRE.DE,45.040000915527344
2026-09-11,FRES.L,3014.0
2026-09-11,FRT,114.36000061035156
2026-09-11,FSLR,209.02999877929688
2026-09-11,FTNT,156.07000732421875
2026-09-11,FTV,54.68999862670898
2026-09-11,G.MI,45.08000183105469
2026-09-11,G1A.DE,63.84999847412109
2026-09-11,G24.DE,73.05000305175781
2026-09-11,GAW.L,17650.0
2026-09-11,GD,355.8999938964844
2026-09-11,GDDY,98.06999969482422
2026-09-11,GE,323.6600036621094
2026-09-11,GEHC,63.93000030517578
2026-09-11,GEN,30.26000022888184
2026-09-11,GEV,957.27001953125
2026-09-11,GFS,46.95000076293945
2026-09-11,GILD,143.72000122070312
2026-09-11,GIS,35.849998474121094
2026-09-11,GL,171.1699981689453
2026-09-11,GLEN.L,605.5
2026-09-11,GLW,166.39999389648438
2026-09-11,GM,85.62000274658203
2026-09-11,GNRC,186.9900054931641
2026-09-11,GOOG,335.45001220703125
2026-09-11,GOOGL,338.5
2026-09-11,GPC,133.67999267578125
2026-09-11,GPN,88.29000091552734
2026-09-11,GRMN,282.6700134277344
2026-09-11,GS,1029.1800537109375
2026-09-11,GSK.L,1770.5
2026-09-11,GWW,1280.0
2026-09-11,HAL,35.84000015258789
2026-09-11,HAS,91.54000091552734
2026-09-11,HBAN,16.860000610351562
2026-09-11,HCA,426.9400024414063
2026-09-11,HD,308.739990234375
2026-09-11,HEI.DE,154.9499969482422
2026-09-11,HEN3.DE,72.30000305175781
2026-09-11,HER.MI,3.638000011444092
2026-09-11,HIG,136.36000061035156
2026-09-11,HII,279.69000244140625
2026-09-11,HIK.L,1531.0
2026-09-11,HLMA.L,3634.0
2026-09-11,HLN.L,333.79998779296875
2026-09-11,HLT,306.19000244140625
2026-09-11,HNR1.DE,250.3999938964844
2026-09-11,HON,202.3600006103516
2026-09-11,HOOD,112.56999969482422
2026-09-11,HPE,62.09000015258789
2026-09-11,HPQ,35.47999954223633
2026-09-11,HRL,20.56999969482422
2026-09-11,HSBA.L,1552.5999755859375
2026-09-11,HSIC,88.36000061035156
2026-09-11,HST,22.239999771118164
2026-09-11,HSX.L,1873.0
2026-09-11,HSY,173.32000732421875
2026-09-11,HUBB,460.3999938964844
2026-09-11,HUM,409.7999877929688
2026-09-11,HWDN.L,743.5
2026-09-11,HWM,229.6100006103516
2026-09-11,IAG.L,419.7000122070313
2026-09-11,IBKR,91.37000274658205
2026-09-11,IBM,243.2899932861328
2026-09-11,ICE,157.39999389648438
2026-09-11,ICG.L,1903.0
2026-09-11,IDXX,504.7000122070313
2026-09-11,IEX,224.2100067138672
2026-09-11,IFF,83.61000061035156
2026-09-11,IFX.DE,58.560001373291016
2026-09-11,IG.MI,8.284000396728516
2026-09-11,IHG.L,153.5
2026-09-11,III.L,2651.0
2026-09-11,IMB.L,2490.0
2026-09-11,IMI.L,3036.0
2026-09-11,INCY,121.47000122070312
2026-09-11,INF.L,889.4000244140625
2026-09-11,INTC,102.94000244140624
2026-09-11,INTU,321.57000732421875
2026-09-11,INVH,27.540000915527344
2026-09-11,INW.MI,6.53000020980835
2026-09-11,IP,34.36000061035156
2026-09-11,IP.MI,35.15999984741211
2026-09-11,IQV,261.7699890136719
2026-09-11,IR,72.93000030517578
2026-09-11,IRM,115.18000030517578
2026-09-11,ISP.MI,6.831999778747559
2026-09-11,ISRG,369.1499938964844
2026-09-11,IT,179.58999633789062
2026-09-11,ITRK.L,5850.0
2026-09-11,ITW,268.1600036621094
2026-09-11,IVZ,32.279998779296875
2026-09-11,J,141.85000610351562
2026-09-11,JBHT,270.45001220703125
2026-09-11,JBL,318.0799865722656
2026-09-11,JCI,146.00999450683594
2026-09-11,JKHY,161.1199951171875
2026-09-11,JNJ,265.5799865722656
2026-09-11,JPM,356.2300109863281
2026-09-11,KDP,31.38999938964844
2026-09-11,KEY,21.84000015258789
2026-09-11,KEYS,338.6400146484375
2026-09-11,KGF.L,288.5
2026-09-11,KHC,24.600000381469727
2026-09-11,KIM,23.190000534057617
2026-09-11,KKR,101.08000183105467
2026-09-11,KLAC,180.63999938964844
2026-09-11,KMB,98.1500015258789
2026-09-11,KMI,30.86000061035156
2026-09-11,KO,88.29000091552734
2026-09-11,KR,58.4900016784668
2026-09-11,KVUE,17.780000686645508
2026-09-11,L,108.79000091552734
2026-09-11,LAND.L,630.5
2026-09-11,LDO.MI,50.0
2026-09-11,LDOS,128.86000061035156
2026-09-11,LEN,79.5999984741211
2026-09-11,LGEN.L,287.1000061035156
2026-09-11,LH,311.5400085449219
2026-09-11,LHX,245.5399932861328
2026-09-11,LII,366.0400085449219
2026-09-11,LIN,466.2200012207031
2026-09-11,LKQ,24.11000061035156
2026-09-11,LLOY.L,111.1500015258789
2026-09-11,LLY,1115.699951171875
2026-09-11,LMP.L,178.0
2026-09-11,LMT,524.1900024414062
2026-09-11,LNT,67.26000213623047
2026-09-11,LOW,196.82000732421875
2026-09-11,LRCX,298.2200012207031
2026-09-11,LSEG.L,8238.0
2026-09-11,LULU,98.97000122070312
2026-09-11,LUV,39.2400016784668
2026-09-11,LVS,42.83000183105469
2026-09-11,LW,47.84999847412109
2026-09-11,LYB,63.68999862670898
2026-09-11,LYV,170.14999389648438
2026-09-11,MA,569.1900024414062
2026-09-11,MAA,124.79000091552734
2026-09-11,MAR,334.69000244140625
2026-09-11,MAS,68.5199966430664
2026-09-11,MB.MI,28.89999961853028
2026-09-11,MBG.DE,46.68000030517578
2026-09-11,MCD,252.52999877929688
2026-09-11,MCHP,74.19999694824219
2026-09-11,MCK,881.510009765625
2026-09-11,MCO,474.9500122070313
2026-09-11,MDLZ,62.43999862670898
2026-09-11,MDT,90.95999908447266
2026-09-11,MELI,1897.3699951171875
2026-09-11,MET,97.13999938964844
2026-09-11,META,648.030029296875
2026-09-11,MGM,39.88999938964844
2026-09-11,MHK,126.79000091552734
2026-09-11,MKC,51.31999969482422
2026-09-11,MKS.L,379.0
2026-09-11,MLM,509.9599914550781
2026-09-11,MMM,164.97000122070312
2026-09-11,MNDI.L,825.7999877929688
2026-09-11,MNG.L,332.3999938964844
2026-09-11,MNST,43.400001525878906
2026-09-11,MO,68.9800033569336
2026-09-11,MOH,204.22999572753903
2026-09-11,MONC.MI,44.68999862670898
2026-09-11,MOS,25.190000534057617
2026-09-11,MPC,395.9299926757813
2026-09-11,MPWR,1234.4599609375
2026-09-11,MRK,143.92999267578125
2026-09-11,MRK.DE,131.4499969482422
2026-09-11,MRNA,143.97000122070312
2026-09-11,MRO.L,476.0
2026-09-11,MRVL,236.1000061035156
2026-09-11,MS,214.3800048828125
2026-09-11,MSCI,554.6099853515625
2026-09-11,MSFT,495.6300048828125
2026-09-11,MSI,466.1600036621094
2026-09-11,MSTR,130.97000122070312
2026-09-11,MTB,239.8300018310547
2026-09-11,MTCH,42.38999938964844
2026-09-11,MTD,1293.52001953125
2026-09-11,MTLN.L,47.59999847412109
2026-09-11,MTX.DE,343.70001220703125
2026-09-11,MU,975.260009765625
2026-09-11,MUV2.DE,503.3999938964844
2026-09-11,NCLH,14.81999969482422
2026-09-11,NDAQ,91.19000244140624
2026-09-11,NDSN,314.4700012207031
2026-09-11,NEE,82.30999755859375
2026-09-11,NEM,126.80999755859376
2026-09-11,NEXI.MI,4.182000160217285
2026-09-11,NFLX,77.4000015258789
2026-09-11,NI,41.40999984741211
2026-09-11,NKE,36.79999923706055
2026-09-11,NOC,518.969970703125
2026-09-11,NOW,132.52999877929688
2026-09-11,NRG,113.45999908447266
2026-09-11,NSC,320.2699890136719
2026-09-11,NTAP,199.27999877929688
2026-09-11,NTRS,189.19000244140625
2026-09-11,NUE,259.42999267578125
2026-09-11,NVDA,218.2899932861328
2026-09-11,NVR,6160.759765625
2026-09-11,NWG.L,697.7999877929688
2026-09-11,NWS,32.709999084472656
2026-09-11,NWSA,29.440000534057617
2026-09-11,NXPI,236.6199951171875
2026-09-11,NXT.L,14685.0
2026-09-11,O,59.5
2026-09-11,ODFL,179.7899932861328
2026-09-11,OKE,96.62000274658205
2026-09-11,OMC,79.01000213623047
2026-09-11,ON,76.13999938964844
2026-09-11,ORCL,150.27999877929688
2026-09-11,ORLY,85.81999969482422
2026-09-11,OTIS,69.0999984741211
2026-09-11,OXY,61.459999084472656
2026-09-11,PAH3.DE,29.059999465942383
2026-09-11,PANW,330.6499938964844
2026-09-11,PAYC,218.9100036621093
2026-09-11,PAYX,115.8000030517578
2026-09-11,PCAR,122.7300033569336
2026-09-11,PCG,13.800000190734863
2026-09-11,PCT.L,653.5
2026-09-11,PDD,77.80999755859375
2026-09-11,PEG,72.38999938964844
2026-09-11,PEP,136.32000732421875
2026-09-11,PFE,27.71999931335449
2026-09-11,PFG,116.16500091552734
2026-09-11,PG,145.27000427246094
2026-09-11,PGR,217.6199951171875
2026-09-11,PH,950.22998046875
2026-09-11,PHM,118.26000213623048
2026-09-11,PKG,234.3999938964844
2026-09-11,PLD,135.75
2026-09-11,PLTR,167.22999572753906
2026-09-11,PM,191.0599975585937
2026-09-11,PNC,244.2400054931641
2026-09-11,PNR,56.58000183105469
2026-09-11,PNW,96.0999984741211
2026-09-11,PODD,131.9600067138672
2026-09-11,POOL,173.0399932861328
2026-09-11,PPG,105.5
2026-09-11,PPL,34.08000183105469
2026-09-11,PRU,119.23999786376952
2026-09-11,PRU.L,978.7999877929688
2026-09-11,PRY.MI,127.25
2026-09-11,PSA,296.5
2026-09-11,PSH.L,3790.0
2026-09-11,PSKY,10.600000381469728
2026-09-11,PSN.L,1107.0
2026-09-11,PSON.L,1160.5
2026-09-11,PST.MI,26.059999465942383
2026-09-11,PSX,259.4700012207031
2026-09-11,PTC,130.77999877929688
2026-09-11,PWR,650.5800170898438
2026-09-11,PYPL,53.720001220703125
2026-09-11,Q,126.4000015258789
2026-09-11,QCOM,181.97000122070312
2026-09-11,QIA.DE,36.525001525878906
2026-09-11,RACE.MI,356.20001220703125
2026-09-11,RCL,260.1400146484375
2026-09-11,REC.MI,52.0
2026-09-11,REG,74.62000274658203
2026-09-11,REGN,781.489990234375
2026-09-11,REL.L,2475.0
2026-09-11,RF,30.1299991607666
2026-09-11,RHM.DE,990.5999755859376
2026-09-11,RIO.L,7374.0
2026-09-11,RJF,173.4600067138672
2026-09-11,RKT.L,5000.0
2026-09-11,RL,339.0899963378906
2026-09-11,RMD,218.2700042724609
2026-09-11,RMV.L,477.5
2026-09-11,ROK,428.3900146484375
2026-09-11,ROL,34.72999954223633
2026-09-11,ROP,388.5199890136719
2026-09-11,ROST,230.7400054931641
2026-09-11,RSG,222.7400054931641
2026-09-11,RTO.L,327.70001220703125
2026-09-11,RTX,197.67999267578125
2026-09-11,RVTY,124.30999755859376
2026-09-11,RWE.DE,59.84000015258789
2026-09-11,SAP.DE,177.25999450683594
2026-09-11,SBAC,185.47000122070312
2026-09-11,SBRY.L,332.29998779296875
2026-09-11,SBUX,98.73999786376952
2026-09-11,SCHW,107.25
2026-09-11,SDR.L,585.0
2026-09-11,SFER.MI,8.579999923706055
2026-09-11,SGE.L,958.0
2026-09-11,SGRO.L,933.4000244140624
2026-09-11,SHEL.L,3551.0
2026-09-11,SHL.DE,38.22999954223633
2026-09-11,SHOP,128.7899932861328
2026-09-11,SHW,323.3099975585937
2026-09-11,SIE.DE,264.6499938964844
2026-09-11,SJM,121.13999938964844
2026-09-11,SLB,56.060001373291016
2026-09-11,SMCI,40.09999847412109
2026-09-11,SMIN.L,2547.0
2026-09-11,SMT.L,1478.0
2026-09-11,SNA,375.4400024414063
2026-09-11,SNDK,1633.3499755859375
2026-09-11,SNPS,397.3800048828125
2026-09-11,SO,87.16999816894531
2026-09-11,SOLS,61.52999877929688
2026-09-11,SOLV,87.44999694824219
2026-09-11,SPG,204.8300018310547
2026-09-11,SPGI,410.7099914550781
2026-09-11,SPM.MI,4.313000202178955
2026-09-11,SPX.L,6855.0
2026-09-11,SRE,83.33999633789062
2026-09-11,SRG.MI,5.5
2026-09-11,SSE.L,2362.0
2026-09-11,STAN.L,2298.0
2026-09-11,STE,210.759994506836
2026-09-11,STJ.L,1127.0
2026-09-11,STLD,239.7899932861328
2026-09-11,STT,193.3999938964844
2026-09-11,STX,830.1699829101562
2026-09-11,STZ,122.4499969482422
2026-09-11,SVT.L,2930.0
2026-09-11,SW,43.220001220703125
2026-09-11,SWK,89.23999786376953
2026-09-11,SWKS,88.3499984741211
2026-09-11,SY1.DE,87.19999694824219
2026-09-11,SYF,75.98999786376953
2026-09-11,SYK,275.5599975585937
2026-09-11,SYY,83.20999908447266
2026-09-11,T,26.059999465942383
2026-09-11,TAP,38.93000030517578
2026-09-11,TDG,1140.3199462890625
2026-09-11,TDY,603.7899780273438
2026-09-11,TEAM,179.6999969482422
2026-09-11,TECH,72.12000274658203
2026-09-11,TEL,211.9600067138672
2026-09-11,TEN.MI,24.64999961853028
2026-09-11,TER,379.7200012207031
2026-09-11,TFC,50.400001525878906
2026-09-11,TGT,155.8300018310547
2026-09-11,TIT.MI,7.614999771118164
2026-09-11,TJX,126.0199966430664
2026-09-11,TKO,190.3099975585937
2026-09-11,TMO,609.8200073242188
2026-09-11,TMUS,182.3300018310547
2026-09-11,TPL,369.1000061035156
2026-09-11,TPR,118.48999786376952
2026-09-11,TRGP,290.25
2026-09-11,TRI,97.3499984741211
2026-09-11,TRMB,57.65999984741211
2026-09-11,TRN.MI,9.20400047302246
2026-09-11,TROW,106.29000091552734
2026-09-11,TRV,375.2000122070313
2026-09-11,TSCO,33.0099983215332
2026-09-11,TSCO.L,465.3999938964844
2026-09-11,TSLA,365.4400024414063
2026-09-11,TSN,52.97999954223633
2026-09-11,TT,442.5199890136719
2026-09-11,TTD,14.34000015258789
2026-09-11,TTWO,215.47000122070312
2026-09-11,TXN,268.70001220703125
2026-09-11,TXT,81.0
2026-09-11,TYL,336.6700134277344
2026-09-11,UAL,109.81999969482422
2026-09-11,UBER,71.66999816894531
2026-09-11,UCG.MI,85.16999816894531
2026-09-11,UDR,35.119998931884766
2026-09-11,UHS,174.8300018310547
2026-09-11,ULTA,546.780029296875
2026-09-11,ULVR.L,4551.5
2026-09-11,UNH,379.0899963378906
2026-09-11,UNI.MI,27.93000030517578
2026-09-11,UNP,284.3999938964844
2026-09-11,UPS,100.27999877929688
2026-09-11,URI,989.1199951171876
2026-09-11,USB,62.84000015258789
2026-09-11,V,370.4500122070313
2026-09-11,VICI,24.82999992370605
2026-09-11,VLO,390.4200134277344
2026-09-11,VLTO,94.0999984741211
2026-09-11,VMC,252.7400054931641
2026-09-11,VNA.DE,18.104999542236328
2026-09-11,VOD.L,128.75
2026-09-11,VOW3.DE,81.18000030517578
2026-09-11,VRSK,176.1999969482422
2026-09-11,VRSN,292.7099914550781
2026-09-11,VRTX,515.4400024414062
2026-09-11,VST,148.3800048828125
2026-09-11,VTR,89.98999786376953
2026-09-11,VTRS,16.510000228881836
2026-09-11,VZ,50.61000061035156
2026-09-11,WAB,283.2200012207031
2026-09-11,WAT,408.3399963378906
2026-09-11,WBD,28.040000915527344
2026-09-11,WDAY,185.6999969482422
2026-09-11,WDC,447.1799926757813
2026-09-11,WEC,105.33000183105467
2026-09-11,WEIR.L,2722.0
2026-09-11,WELL,235.6199951171875
2026-09-11,WFC,90.29000091552734
2026-09-11,WM,213.4600067138672
2026-09-11,WMB,72.8499984741211
2026-09-11,WMT,107.1500015258789
2026-09-11,WPP.L,367.1000061035156
2026-09-11,WRB,69.9000015258789
2026-09-11,WSM,226.22999572753903
2026-09-11,WST,346.2300109863281
2026-09-11,WTB.L,2347.0
2026-09-11,WTW,315.6099853515625
2026-09-11,WY,22.059999465942383
2026-09-11,WYNN,87.69999694824219
2026-09-11,XEL,75.5
2026-09-11,XOM,165.99000549316406
2026-09-11,XYL,106.95999908447266
2026-09-11,XYZ,79.20999908447266
2026-09-11,YUM,140.8699951171875
2026-09-11,ZAL.DE,22.31999969482422
2026-09-11,ZBH,93.48999786376952
2026-09-11,ZBRA,350.3699951171875
2026-09-11,ZS,164.5399932861328
2026-09-11,ZTS,72.97000122070312
2026-09-14,000001.SZ,11.850000381469728
2026-09-14,000002.SZ,3.049999952316284
2026-09-14,000012.SZ,3.7699999809265137
2026-09-14,000019.SZ,6.960000038146973
2026-09-14,000025.SZ,14.6899995803833
2026-09-14,000028.SZ,20.0
2026-09-14,000029.SZ,21.190000534057617
2026-09-14,000030.SZ,4.059999942779541
2026-09-14,000035.SZ,4.880000114440918
2026-09-14,000048.SZ,20.11000061035156
2026-09-14,000049.SZ,22.1299991607666
2026-09-14,000058.SZ,7.03000020980835
2026-09-14,000059.SZ,5.440000057220459
2026-09-14,000061.SZ,6.159999847412109
2026-09-14,000063.SZ,31.950000762939453
2026-09-14,000065.SZ,9.4399995803833
2026-09-14,000088.SZ,4.639999866485596
2026-09-14,000089.SZ,6.53000020980835
2026-09-14,000090.SZ,3.440000057220459
2026-09-14,000099.SZ,13.140000343322754
2026-09-14,0001.HK,69.25
2026-09-14,000100.SZ,4.670000076293945
2026-09-14,000156.SZ,6.960000038146973
2026-09-14,000157.SZ,6.519999980926514
2026-09-14,000166.SZ,4.440000057220459
2026-09-14,0002.HK,78.25
2026-09-14,000301.SZ,13.4399995803833
2026-09-14,000333.SZ,86.80000305175781
2026-09-14,000338.SZ,26.13999938964844
2026-09-14,000408.SZ,72.16000366210938
2026-09-14,000420.SZ,3.539999961853028
2026-09-14,000422.SZ,11.960000038146973
2026-09-14,000425.SZ,8.100000381469727
2026-09-14,000498.SZ,4.880000114440918
2026-09-14,000503.SZ,6.849999904632568
2026-09-14,000517.SZ,2.0299999713897705
2026-09-14,000538.SZ,50.7599983215332
2026-09-14,000544.SZ,7.369999885559082
2026-09-14,000550.SZ,17.850000381469727
2026-09-14,000552.SZ,2.549999952316284
2026-09-14,000555.SZ,10.539999961853027
2026-09-14,000557.SZ,3.7899999618530273
2026-09-14,000567.SZ,6.010000228881836
2026-09-14,000568.SZ,73.4800033569336
2026-09-14,000581.SZ,18.11000061035156
2026-09-14,000589.SZ,4.300000190734863
2026-09-14,000596.SZ,92.0999984741211
2026-09-14,000597.SZ,4.739999771118164
2026-09-14,000600.SZ,7.46999979019165
2026-09-14,000603.SZ,33.5
2026-09-14,000612.SZ,10.520000457763672
2026-09-14,000617.SZ,6.800000190734863
2026-09-14,000620.SZ,3.0999999046325684
2026-09-14,000625.SZ,7.230000019073486
2026-09-14,000628.SZ,52.09999847412109
2026-09-14,000630.SZ,6.090000152587891
2026-09-14,000650.SZ,5.289999961853027
2026-09-14,000651.SZ,38.709999084472656
2026-09-14,000657.SZ,59.16999816894531
2026-09-14,000661.SZ,72.26000213623047
2026-09-14,000672.SZ,14.329999923706056
2026-09-14,000676.SZ,6.760000228881836
2026-09-14,000680.SZ,10.149999618530272
2026-09-14,000681.SZ,16.079999923706055
2026-09-14,000682.SZ,10.782999992370604
2026-09-14,000685.SZ,11.06999969482422
2026-09-14,000686.SZ,7.75
2026-09-14,000688.SZ,26.299999237060547
2026-09-14,000690.SZ,5.269999980926514
2026-09-14,000708.SZ,13.529999732971191
2026-09-14,000712.SZ,10.020000457763672
2026-09-14,000718.SZ,1.940000057220459
2026-09-14,000719.SZ,12.229999542236328
2026-09-14,000725.SZ,5.300000190734863
2026-09-14,000727.SZ,2.25
2026-09-14,000735.SZ,6.039999961853027
2026-09-14,000737.SZ,14.289999961853027
2026-09-14,000756.SZ,13.0
2026-09-14,000758.SZ,5.989999771118164
2026-09-14,000761.SZ,2.319999933242798
2026-09-14,000762.SZ,21.770000457763672
2026-09-14,000766.SZ,15.630000114440918
2026-09-14,000767.SZ,3.539999961853028
2026-09-14,000768.SZ,22.6200008392334
2026-09-14,000776.SZ,20.489999771118164
2026-09-14,000786.SZ,15.960000038146973
2026-09-14,000791.SZ,7.389999866485596
2026-09-14,000792.SZ,25.13999938964844
2026-09-14,000795.SZ,8.199999809265137
2026-09-14,000800.SZ,6.21999979019165
2026-09-14,000801.SZ,12.09000015258789
2026-09-14,000807.SZ,27.020000457763672
2026-09-14,000810.SZ,9.43000030517578
2026-09-14,000811.SZ,36.40999984741211
2026-09-14,000813.SZ,3.309999942779541
2026-09-14,000821.SZ,7.489999771118164
2026-09-14,000828.SZ,10.079999923706056
2026-09-14,000829.SZ,8.989999771118164
2026-09-14,000837.SZ,9.529999732971191
2026-09-14,000848.SZ,8.220000267028809
2026-09-14,000858.SZ,69.8499984741211
2026-09-14,000860.SZ,10.5
2026-09-14,000875.SZ,4.980000019073486
2026-09-14,000876.SZ,7.380000114440918
2026-09-14,000881.SZ,6.630000114440918
2026-09-14,000885.SZ,11.920000076293944
2026-09-14,000895.SZ,23.459999084472656
2026-09-14,000899.SZ,9.75
2026-09-14,000901.SZ,14.229999542236328
2026-09-14,000902.SZ,13.890000343322754
2026-09-14,000913.SZ,10.9399995803833
2026-09-14,000915.SZ,24.729999542236328
2026-09-14,000917.SZ,6.880000114440918
2026-09-14,000923.SZ,16.350000381469727
2026-09-14,000927.SZ,2.509999990463257
2026-09-14,000928.SZ,5.559999942779541
2026-09-14,000930.SZ,5.289999961853027
2026-09-14,000935.SZ,20.440000534057617
2026-09-14,000938.SZ,32.72999954223633
2026-09-14,000950.SZ,5.25
2026-09-14,000963.SZ,26.459999084472656
2026-09-14,000966.SZ,4.170000076293945
2026-09-14,000968.SZ,7.210000038146973
2026-09-14,000969.SZ,16.989999771118164
2026-09-14,000970.SZ,11.300000190734863
2026-09-14,000975.SZ,25.690000534057617
2026-09-14,000977.SZ,68.81999969482422
2026-09-14,000983.SZ,6.630000114440918
2026-09-14,000990.SZ,6.519999980926514
2026-09-14,000999.SZ,24.299999237060547
2026-09-14,0012.HK,25.799999237060547
2026-09-14,001203.SZ,23.88999938964844
2026-09-14,001289.SZ,15.170000076293944
2026-09-14,001391.SZ,3.990000009536743
2026-09-14,0016.HK,110.4000015258789
2026-09-14,001965.SZ,9.859999656677246
2026-09-14,001979.SZ,6.75
2026-09-14,002001.SZ,26.920000076293945
2026-09-14,002027.SZ,4.739999771118164
2026-09-14,002028.SZ,133.8000030517578
2026-09-14,002049.SZ,59.36000061035156
2026-09-14,002050.SZ,34.70000076293945
2026-09-14,002074.SZ,25.3700008392334
2026-09-14,002129.SZ,8.739999771118164
2026-09-14,002142.SZ,35.7599983215332
2026-09-14,002179.SZ,34.18000030517578
2026-09-14,002180.SZ,16.290000915527344
2026-09-14,002230.SZ,39.59999847412109
2026-09-14,002236.SZ,15.960000038146973
2026-09-14,002241.SZ,22.059999465942383
2026-09-14,002252.SZ,4.949999809265137
2026-09-14,002304.SZ,38.06999969482422
2026-09-14,002311.SZ,42.61000061035156
2026-09-14,002352.SZ,30.979999542236328
2026-09-14,002371.SZ,626.0
2026-09-14,002415.SZ,33.15999984741211
2026-09-14,002422.SZ,41.380001068115234
2026-09-14,002459.SZ,6.659999847412109
2026-09-14,002460.SZ,46.68000030517578
2026-09-14,002463.SZ,125.6999969482422
2026-09-14,002466.SZ,42.970001220703125
2026-09-14,002475.SZ,52.77999877929688
2026-09-14,002493.SZ,13.199999809265137
2026-09-14,002594.SZ,85.43000030517578
2026-09-14,002600.SZ,13.18000030517578
2026-09-14,002601.SZ,15.149999618530272
2026-09-14,002648.SZ,26.90999984741211
2026-09-14,0027.HK,32.86000061035156
2026-09-14,002709.SZ,33.040000915527344
2026-09-14,002714.SZ,42.59000015258789
2026-09-14,002736.SZ,9.890000343322754
2026-09-14,002916.SZ,389.1300048828125
2026-09-14,002920.SZ,84.27999877929688
2026-09-14,002938.SZ,88.23999786376953
2026-09-14,003816.SZ,4.340000152587891
2026-09-14,0101.HK,6.724999904632568
2026-09-14,0175.HK,16.59000015258789
2026-09-14,0241.HK,3.0
2026-09-14,0267.HK,13.329999923706056
2026-09-14,0285.HK,23.31999969482422
2026-09-14,0288.HK,6.545000076293945
2026-09-14,0291.HK,18.299999237060547
2026-09-14,0300.HK,100.0
2026-09-14,0316.HK,146.8000030517578
2026-09-14,0322.HK,12.020000457763672
2026-09-14,1024.HK,30.57999992370605
2026-09-14,1038.HK,65.9000015258789
2026-09-14,1044.HK,20.780000686645508
2026-09-14,1088.HK,45.43999862670898
2026-09-14,1093.HK,8.864999771118164
2026-09-14,1099.HK,15.350000381469728
2026-09-14,1109.HK,29.299999237060547
2026-09-14,1113.HK,47.59999847412109
2026-09-14,1177.HK,5.474999904632568
2026-09-14,1209.HK,38.31999969482422
2026-09-14,1211.HK,80.19999694824219
2026-09-14,1299.HK,75.44999694824219
2026-09-14,1378.HK,22.200000762939453
2026-09-14,1398.HK,7.650000095367432
2026-09-14,1810.HK,27.15999984741211
2026-09-14,1876.HK,5.809999942779541
2026-09-14,1928.HK,13.0
2026-09-14,1929.HK,11.529999732971191
2026-09-14,1997.HK,30.420000076293945
2026-09-14,2015.HK,47.52000045776367
2026-09-14,2020.HK,73.6500015258789
2026-09-14,2057.HK,163.3000030517578
2026-09-14,2269.HK,49.13999938964844
2026-09-14,2313.HK,35.459999084472656
2026-09-14,2318.HK,53.59999847412109
2026-09-14,2319.HK,18.1200008392334
2026-09-14,2331.HK,12.93000030517578
2026-09-14,2359.HK,197.8999938964844
2026-09-14,2382.HK,66.94999694824219
2026-09-14,2388.HK,53.650001525878906
2026-09-14,2618.HK,10.90999984741211
2026-09-14,2628.HK,29.799999237060547
2026-09-14,2688.HK,49.13999938964844
2026-09-14,2899.HK,34.619998931884766
2026-09-14,300014.SZ,49.29999923706055
2026-09-14,300015.SZ,8.0600004196167
2026-09-14,300033.SZ,205.5500030517578
2026-09-14,300059.SZ,18.21999931335449
2026-09-14,300122.SZ,12.510000228881836
2026-09-14,300124.SZ,53.65999984741211
2026-09-14,300274.SZ,84.9800033569336
2026-09-14,300308.SZ,873.0
2026-09-14,300316.SZ,39.61000061035156
2026-09-14,300347.SZ,56.400001525878906
2026-09-14,300394.SZ,256.9599914550781
2026-09-14,300408.SZ,125.83000183105467
2026-09-14,300413.SZ,17.290000915527344
2026-09-14,300418.SZ,42.90999984741211
2026-09-14,300433.SZ,33.27000045776367
2026-09-14,300442.SZ,60.251197814941406
2026-09-14,300498.SZ,14.779999732971191
2026-09-14,300502.SZ,401.8999938964844
2026-09-14,300628.SZ,40.72999954223633
2026-09-14,300661.SZ,107.5999984741211
2026-09-14,300750.SZ,337.1099853515625
2026-09-14,300759.SZ,42.650001525878906
2026-09-14,300760.SZ,160.10000610351562
2026-09-14,300782.SZ,70.69999694824219
2026-09-14,300832.SZ,48.540000915527344
2026-09-14,300896.SZ,88.44000244140625
2026-09-14,300979.SZ,33.72999954223633
2026-09-14,300999.SZ,25.71999931335449
2026-09-14,301236.SZ,36.130001068115234
2026-09-14,301269.SZ,84.58000183105469
2026-09-14,302132.SZ,72.18000030517578
2026-09-14,600000.SS,9.399999618530272
2026-09-14,600009.SS,23.09000015258789
2026-09-14,600010.SS,2.119999885559082
2026-09-14,600011.SS,6.96999979019165
2026-09-14,600015.SS,6.369999885559082
2026-09-14,600016.SS,3.5920000076293945
2026-09-14,600018.SS,5.46999979019165
2026-09-14,600019.SS,5.840000152587891
2026-09-14,600023.SS,5.039999961853027
2026-09-14,600025.SS,9.890000343322754
2026-09-14,600026.SS,20.89999961853028
2026-09-14,600027.SS,4.929999828338623
2026-09-14,600028.SS,5.369999885559082
2026-09-14,600029.SS,4.900000095367432
2026-09-14,600030.SS,26.61000061035156
2026-09-14,600031.SS,19.920000076293945
2026-09-14,600036.SS,41.83000183105469
2026-09-14,600039.SS,9.140000343322754
2026-09-14,600048.SS,5.079999923706055
2026-09-14,600050.SS,4.21999979019165
2026-09-14,600061.SS,6.300000190734863
2026-09-14,600066.SS,27.01000022888184
2026-09-14,600085.SS,23.56999969482422
2026-09-14,600089.SS,18.46999931335449
2026-09-14,600104.SS,11.630000114440918
2026-09-14,600111.SS,37.119998931884766
2026-09-14,600115.SS,3.369999885559082
2026-09-14,600150.SS,38.97999954223633
2026-09-14,600160.SS,35.060001373291016
2026-09-14,600161.SS,12.31999969482422
2026-09-14,600176.SS,45.290000915527344
2026-09-14,600183.SS,146.0
2026-09-14,600188.SS,20.3700008392334
2026-09-14,600196.SS,21.950000762939453
2026-09-14,600219.SS,4.809999942779541
2026-09-14,600233.SS,17.239999771118164
2026-09-14,600276.SS,43.150001525878906
2026-09-14,600309.SS,73.51000213623047
2026-09-14,600332.SS,19.780000686645508
2026-09-14,600346.SS,16.850000381469727
2026-09-14,600362.SS,44.43000030517578
2026-09-14,600372.SS,11.68000030517578
2026-09-14,600377.SS,12.779999732971191
2026-09-14,600406.SS,22.209999084472656
2026-09-14,600415.SS,12.239999771118164
2026-09-14,600426.SS,19.729999542236328
2026-09-14,600436.SS,118.6999969482422
2026-09-14,600438.SS,11.270000457763672
2026-09-14,600460.SS,29.850000381469727
2026-09-14,600482.SS,33.9900016784668
2026-09-14,600489.SS,24.600000381469727
2026-09-14,600515.SS,2.75
2026-09-14,A,146.8000030517578
2026-09-14,A2A.MI,2.318000078201294
2026-09-14,AAF.L,344.20001220703125
2026-09-14,AAL.L,3890.0
2026-09-14,AAPL,333.0799865722656
2026-09-14,ABBV,261.7699890136719
2026-09-14,ABF.L,1866.0
2026-09-14,ABNB,170.64999389648438
2026-09-14,ABT,103.08999633789062
2026-09-14,ACGL,97.9499969482422
2026-09-14,ACN,195.0
2026-09-14,ADBE,265.6000061035156
2026-09-14,ADI,361.0199890136719
2026-09-14,ADM,86.44000244140625
2026-09-14,ADM.L,3836.0
2026-09-14,ADP,276.6300048828125
2026-09-14,ADS.DE,143.89999389648438
2026-09-14,ADSK,228.92999267578125
2026-09-14,AEE,103.97000122070312
2026-09-14,AEP,122.2300033569336
2026-09-14,AES,14.800000190734863
2026-09-14,AFL,117.01000213623048
2026-09-14,AIG,76.29000091552734
2026-09-14,AIR.DE,195.0599975585937
2026-09-14,AIZ,283.2699890136719
2026-09-14,AJG,253.3000030517578
2026-09-14,AKAM,105.56999969482422
2026-09-14,ALB,115.02999877929688
2026-09-14,ALGN,153.0
2026-09-14,ALL,258.4800109863281
2026-09-14,ALLE,155.38999938964844
2026-09-14,ALV.DE,444.5
2026-09-14,ALW.L,1352.0
2026-09-14,AMAT,424.2099914550781
2026-09-14,AMCR,42.25
2026-09-14,AMD,493.4100036621094
2026-09-14,AME,233.6499938964844
2026-09-14,AMGN,381.5
2026-09-14,AMP,558.5399780273438
2026-09-14,AMP.MI,11.425000190734863
2026-09-14,AMT,176.94000244140625
2026-09-14,AMZN,253.5399932861328
2026-09-14,ANET,187.8099975585937
2026-09-14,ANTO.L,3586.0
2026-09-14,AON,311.5400085449219
2026-09-14,AOS,57.380001068115234
2026-09-14,APA,45.02999877929688
2026-09-14,APD,287.1300048828125
2026-09-14,APH,78.55000305175781
2026-09-14,APO,128.30999755859375
2026-09-14,APP,334.239990234375
2026-09-14,APTV,44.790000915527344
2026-09-14,ARE,51.959999084472656
2026-09-14,ARM,239.009994506836
2026-09-14,ASML,1575.1500244140625
2026-09-14,ATO,163.83999633789062
2026-09-14,AUTO.L,501.0
2026-09-14,AVGO,344.7200012207031
2026-09-14,AVY,170.9199981689453
2026-09-14,AWK,138.9199981689453
2026-09-14,AXON,490.1799926757813
2026-09-14,AXP,327.7799987792969
2026-09-14,AZM.MI,38.20000076293945
2026-09-14,AZN,163.77999877929688
2026-09-14,AZN.L,12154.0
2026-09-14,AZO,2965.52001953125
2026-09-14,BA,210.2700042724609
2026-09-14,BAB.L,961.0
2026-09-14,BAC,59.470001220703125
2026-09-14,BALL,60.709999084472656
2026-09-14,BAMI.MI,16.100000381469727
2026-09-14,BARC.L,478.5
2026-09-14,BAS.DE,52.380001068115234
2026-09-14,BATS.L,4250.0
2026-09-14,BAX,23.86000061035156
2026-09-14,BAYN.DE,49.33000183105469
2026-09-14,BBY,94.83000183105467
2026-09-14,BDX,182.9100036621093
2026-09-14,BEI.DE,74.76000213623047
2026-09-14,BEN,33.470001220703125
2026-09-14,BEZ.L,1304.5
2026-09-14,BFF.MI,3.013999938964844
2026-09-14,BG,121.2300033569336
2026-09-14,BIIB,217.3600006103516
2026-09-14,BKG.L,3222.0
2026-09-14,BKNG,175.35000610351562
2026-09-14,BKR,56.77999877929688
2026-09-14,BLDR,60.2400016784668
2026-09-14,BLK,1065.5999755859375
2026-09-14,BMED.MI,23.18000030517578
2026-09-14,BMPS.MI,11.630000114440918
2026-09-14,BMW.DE,62.720001220703125
2026-09-14,BMY,64.0999984741211
2026-09-14,BNR.DE,61.119998931884766
2026-09-14,BNZL.L,2582.0
2026-09-14,BPE.MI,14.428000450134276
2026-09-14,BR,174.38999938964844
2026-09-14,BRBY.L,997.5999755859376
2026-09-14,BRO,68.33000183105469
2026-09-14,BSX,45.04999923706055
2026-09-14,BTRW.L,276.20001220703125
2026-09-14,BX,128.2899932861328
2026-09-14,BXP,64.5
2026-09-14,BZU.MI,37.72999954223633
2026-09-14,C,136.17999267578125
2026-09-14,CAG,14.789999961853027
2026-09-14,CAH,234.88999938964844
2026-09-14,CARR,57.2599983215332
2026-09-14,CAT,784.0
2026-09-14,CB,341.8500061035156
2026-09-14,CBK.DE,42.66999816894531
2026-09-14,CBOE,284.5
2026-09-14,CBRE,140.89999389648438
2026-09-14,CCEP,104.66999816894533
2026-09-14,CCEP.L,7780.0
2026-09-14,CCH.L,4644.0
2026-09-14,CCI,74.16999816894531
2026-09-14,CCL,22.559999465942383
2026-09-14,CDNS,279.0599975585937
2026-09-14,CDW,151.6999969482422
2026-09-14,CEG,264.57000732421875
2026-09-14,CF,131.24000549316406
2026-09-14,CFG,70.54000091552734
2026-09-14,CHD,94.58000183105467
2026-09-14,CHRW,157.30999755859375
2026-09-14,CHTR,143.35000610351562
2026-09-14,CI,290.04998779296875
2026-09-14,CINF,172.02000427246094
2026-09-14,CL,87.88999938964844
2026-09-14,CLX,89.30999755859375
2026-09-14,CMCSA,24.8799991607666
2026-09-14,CME,280.4599914550781
2026-09-14,CMG,37.02999877929688
2026-09-14,CMI,541.0999755859375
2026-09-14,CMS,66.81999969482422
2026-09-14,CNA.L,147.1999969482422
2026-09-14,CNC,69.41000366210938
2026-09-14,CNP,38.650001525878906
2026-09-14,COF,206.67999267578125
2026-09-14,COIN,191.4499969482422
2026-09-14,CON.DE,69.5999984741211
2026-09-14,COO,54.220001220703125
2026-09-14,COP,136.6699981689453
2026-09-14,COR,326.2300109863281
2026-09-14,COST,918.9099731445312
2026-09-14,CPAY,412.55999755859375
2026-09-14,CPB,21.25
2026-09-14,CPG.L,31.38999938964844
2026-09-14,CPR.MI,6.035999774932861
2026-09-14,CPRT,31.729999542236328
2026-09-14,CPT,103.83000183105467
2026-09-14,CRDA.L,3148.0
2026-09-14,CRL,273.1099853515625
2026-09-14,CRM,259.42999267578125
2026-09-14,CRWD,235.3800048828125
2026-09-14,CSCO,110.05999755859376
2026-09-14,CSGP,31.520000457763672
2026-09-14,CSX,48.90999984741211
2026-09-14,CTAS,200.82000732421875
2026-09-14,CTEC.L,217.3999938964844
2026-09-14,CTSH,64.0999984741211
2026-09-14,CTVA,82.54000091552734
2026-09-14,CVS,95.5500030517578
2026-09-14,CVX,212.1699981689453
2026-09-14,D,64.45999908447266
2026-09-14,DAL,79.80000305175781
2026-09-14,DASH,203.5399932861328
2026-09-14,DB1.DE,282.0
2026-09-14,DBK.DE,34.150001525878906
2026-09-14,DCC.L,6335.0
2026-09-14,DD,124.29000091552734
2026-09-14,DDOG,230.0500030517578
2026-09-14,DE,681.4600219726562
2026-09-14,DECK,80.54000091552734
2026-09-14,DELL,534.280029296875
2026-09-14,DG,129.1699981689453
2026-09-14,DGE.L,1643.0
2026-09-14,DGX,237.88999938964844
2026-09-14,DHI,139.41000366210938
2026-09-14,DHL.DE,55.84000015258789
2026-09-14,DHR,203.25
2026-09-14,DIA.MI,73.9000015258789
2026-09-14,DIS,108.58999633789062
2026-09-14,DLR,179.13999938964844
2026-09-14,DLTR,119.16999816894533
2026-09-14,DOC,20.3700008392334
2026-09-14,DOV,189.1499938964844
2026-09-14,DOW,28.89999961853028
2026-09-14,DPLM.L,7065.0
2026-09-14,DPZ,323.7699890136719
2026-09-14,DRI,218.57000732421875
2026-09-14,DTE,131.1300048828125
2026-09-14,DTE.DE,28.93000030517578
2026-09-14,DTG.DE,44.040000915527344
2026-09-14,DUK,119.0199966430664
2026-09-14,DVA,189.32000732421875
2026-09-14,DVN,49.72999954223633
2026-09-14,DXCM,84.68000030517578
2026-09-14,EBAY,108.98999786376952
2026-09-14,ECL,275.510009765625
2026-09-14,ED,105.77999877929688
2026-09-14,EDV.L,4492.0
2026-09-14,EFX,172.2899932861328
2026-09-14,EG,379.5400085449219
2026-09-14,EIX,56.130001068115234
2026-09-14,EL,98.22000122070312
2026-09-14,ELV,424.239990234375
2026-09-14,EME,749.7000122070312
2026-09-14,EMR,148.3000030517578
2026-09-14,ENEL.MI,8.741999626159668
2026-09-14,ENI.MI,24.01000022888184
2026-09-14,ENR.DE,132.66000366210938
2026-09-14,ENT.L,501.7999877929688
2026-09-14,EOAN.DE,17.325000762939453
2026-09-14,EOG,148.5399932861328
2026-09-14,EPAM,123.61000061035156
2026-09-14,EQIX,998.719970703125
2026-09-14,EQT,53.209999084472656
2026-09-14,ERG.MI,21.76000022888184
2026-09-14,ERIE,253.8800048828125
2026-09-14,ES,68.33000183105469
2026-09-14,ESS,275.7300109863281
2026-09-14,ETN,393.1600036621094
2026-09-14,ETR,103.63999938964844
2026-09-14,EVRG,80.86000061035156
2026-09-14,EW,85.5199966430664
2026-09-14,EXC,42.720001220703125
2026-09-14,EXE,93.4000015258789
2026-09-14,EXPD,193.6100006103516
2026-09-14,EXPE,287.8599853515625
2026-09-14,EXPN.L,2858.0
2026-09-14,EXR,139.39999389648438
2026-09-14,EZJ.L,666.7999877929688
2026-09-14,F,13.859999656677246
2026-09-14,FANG,205.72000122070312
2026-09-14,FAST,49.43999862670898
2026-09-14,FCIT.L,338.3999938964844
2026-09-14,FCX,69.33999633789062
2026-09-14,FDS,276.92999267578125
2026-09-14,FDX,312.57000732421875
2026-09-14,FE,45.83000183105469
2026-09-14,FFIV,411.489990234375
2026-09-14,FICO,1001.5
2026-09-14,FIS,38.18000030517578
2026-09-14,FISV,50.9900016784668
2026-09-14,FITB,54.380001068115234
2026-09-14,FME.DE,39.560001373291016
2026-09-14,FOX,61.13999938964844
2026-09-14,FOXA,68.52999877929688
2026-09-14,FRE.DE,45.70500183105469
2026-09-14,FRES.L,2912.0
2026-09-14,FRT,114.52999877929688
2026-09-14,FSLR,207.0399932861328
2026-09-14,FTNT,170.17999267578125
2026-09-14,FTV,55.18999862670898
2026-09-14,G.MI,45.209999084472656
2026-09-14,G1A.DE,63.54999923706055
2026-09-14,G24.DE,74.44999694824219
2026-09-14,GAW.L,17600.0
2026-09-14,GD,356.8099975585937
2026-09-14,GDDY,104.47000122070312
2026-09-14,GE,317.5599975585937
2026-09-14,GEHC,64.25
2026-09-14,GEN,31.40999984741211
2026-09-14,GEV,874.760009765625
2026-09-14,GFS,43.540000915527344
2026-09-14,GILD,146.41000366210938
2026-09-14,GIS,36.470001220703125
2026-09-14,GL,172.9199981689453
2026-09-14,GLEN.L,591.0
2026-09-14,GLW,143.60000610351562
2026-09-14,GM,87.16000366210938
2026-09-14,GNRC,176.97999572753906
2026-09-14,GOOG,345.7099914550781
2026-09-14,GOOGL,349.3900146484375
2026-09-14,GPC,133.2100067138672
2026-09-14,GPN,90.19000244140624
2026-09-14,GRMN,280.3800048828125
2026-09-14,GS,988.4500122070312
2026-09-14,GSK.L,1854.5
2026-09-14,GWW,1277.510009765625
2026-09-14,HAL,35.0099983215332
2026-09-14,HAS,90.76000213623048
2026-09-14,HBAN,16.770000457763672
2026-09-14,HCA,425.489990234375
2026-09-14,HD,310.8699951171875
2026-09-14,HEI.DE,150.14999389648438
2026-09-14,HEN3.DE,73.13999938964844
2026-09-14,HER.MI,3.562000036239624
2026-09-14,HIG,137.58999633789062
2026-09-14,HII,280.010009765625
2026-09-14,HIK.L,1544.0
2026-09-14,HLMA.L,3432.0
2026-09-14,HLN.L,342.20001220703125
2026-09-14,HLT,310.6000061035156
2026-09-14,HNR1.DE,254.0
2026-09-14,HON,201.3800048828125
2026-09-14,HOOD,114.33000183105467
2026-09-14,HPE,55.40999984741211
2026-09-14,HPQ,34.02000045776367
2026-09-14,HRL,20.959999084472656
2026-09-14,HSBA.L,1536.800048828125
2026-09-14,HSIC,88.93000030517578
2026-09-14,HST,22.364999771118164
2026-09-14,HSX.L,1882.0
2026-09-14,HSY,173.67999267578125
2026-09-14,HUBB,442.3800048828125
2026-09-14,HUM,407.0199890136719
2026-09-14,HWDN.L,736.5
2026-09-14,HWM,227.1300048828125
2026-09-14,IAG.L,409.7000122070313
2026-09-14,IBKR,90.75
2026-09-14,IBM,249.08999633789065
2026-09-14,ICE,157.75
2026-09-14,ICG.L,1870.0
2026-09-14,IDXX,509.55999755859375
2026-09-14,IEX,222.13999938964844
2026-09-14,IFF,83.43000030517578
2026-09-14,IFX.DE,54.040000915527344
2026-09-14,IG.MI,8.079999923706055
2026-09-14,IHG.L,153.9499969482422
2026-09-14,III.L,2631.0
2026-09-14,IMB.L,2553.0
2026-09-14,IMI.L,2966.0
2026-09-14,INCY,122.19000244140624
2026-09-14,INF.L,903.4000244140624
2026-09-14,INTC,97.19000244140624
2026-09-14,INTU,339.1499938964844
2026-09-14,INVH,27.59000015258789
2026-09-14,INW.MI,6.440000057220459
2026-09-14,IP,34.25
2026-09-14,IP.MI,33.91999816894531
2026-09-14,IQV,265.6700134277344
2026-09-14,IR,72.12999725341797
2026-09-14,IRM,112.05999755859376
2026-09-14,ISP.MI,6.710999965667725
2026-09-14,ISRG,377.9400024414063
2026-09-14,IT,197.07000732421875
2026-09-14,ITRK.L,5855.0
2026-09-14,ITW,269.0400085449219
2026-09-14,IVZ,31.51000022888184
2026-09-14,J,144.07000732421875
2026-09-14,JBHT,274.989990234375
2026-09-14,JBL,298.7200012207031
2026-09-14,JCI,137.75999450683594
2026-09-14,JKHY,164.5500030517578
2026-09-14,JNJ,266.32000732421875
2026-09-14,JPM,350.1300048828125
2026-09-14,KDP,31.57999992370605
2026-09-14,KEY,21.93000030517578
2026-09-14,KEYS,314.9599914550781
2026-09-14,KGF.L,287.8999938964844
2026-09-14,KHC,24.270000457763672
2026-09-14,KIM,23.21999931335449
2026-09-14,KKR,102.2699966430664
2026-09-14,KLAC,169.08999633789062
2026-09-14,KMB,99.08999633789062
2026-09-14,KMI,30.959999084472656
2026-09-14,KO,89.3499984741211
2026-09-14,KR,60.90999984741211
2026-09-14,KVUE,17.90999984741211
2026-09-14,L,109.1999969482422
2026-09-14,LAND.L,617.5
2026-09-14,LDO.MI,49.27000045776367
2026-09-14,LDOS,132.8300018310547
2026-09-14,LEN,79.98999786376953
2026-09-14,LGEN.L,290.0
2026-09-14,LH,315.3099975585937
2026-09-14,LHX,248.92999267578125
2026-09-14,LII,365.510009765625
2026-09-14,LIN,464.4100036621094
2026-09-14,LKQ,23.75
2026-09-14,LLOY.L,109.3499984741211
2026-09-14,LLY,1138.280029296875
2026-09-14,LMP.L,176.3000030517578
2026-09-14,LMT,529.3800048828125
2026-09-14,LNT,66.91999816894531
2026-09-14,LOW,198.1699981689453
2026-09-14,LRCX,273.489990234375
2026-09-14,LSEG.L,8474.0
2026-09-14,LULU,100.3000030517578
2026-09-14,LUV,39.52000045776367
2026-09-14,LVS,42.400001525878906
2026-09-14,LW,48.2599983215332
2026-09-14,LYB,62.75
2026-09-14,LYV,171.49000549316406
2026-09-14,MA,574.4199829101562
2026-09-14,MAA,125.5999984741211
2026-09-14,MAR,340.4599914550781
2026-09-14,MAS,69.41000366210938
2026-09-14,MB.MI,27.96999931335449
2026-09-14,MBG.DE,46.65499877929688
2026-09-14,MCD,257.489990234375
2026-09-14,MCHP,71.4800033569336
2026-09-14,MCK,910.9500122070312
2026-09-14,MCO,477.9299926757813
2026-09-14,MDLZ,62.38999938964844
2026-09-14,MDT,93.8000030517578
2026-09-14,MELI,1900.239990234375
2026-09-14,MET,97.75
2026-09-14,META,665.5999755859375
2026-09-14,MGM,39.83000183105469
2026-09-14,MHK,129.4199981689453
2026-09-14,MKC,50.38999938964844
2026-09-14,MKS.L,370.7999877929688
2026-09-14,MLM,500.9200134277344
2026-09-14,MMM,162.02000427246094
2026-09-14,MNDI.L,816.5999755859375
2026-09-14,MNG.L,332.0
2026-09-14,MNST,44.20000076293945
2026-09-14,MO,70.61000061035156
2026-09-14,MOH,214.07000732421875
2026-09-14,MONC.MI,44.34000015258789
2026-09-14,MOS,25.049999237060547
2026-09-14,MPC,396.4500122070313
2026-09-14,MPWR,1143.239990234375
2026-09-14,MRK,144.85000610351562
2026-09-14,MRK.DE,130.5500030517578
2026-09-14,MRNA,146.69000244140625
2026-09-14,MRO.L,467.0
2026-09-14,MRVL,218.82000732421875
2026-09-14,MS,206.5800018310547
2026-09-14,MSCI,553.6500244140625
2026-09-14,MSFT,505.4100036621094
2026-09-14,MSI,474.1300048828125
2026-09-14,MSTR,136.94000244140625
2026-09-14,MTB,237.82000732421875
2026-09-14,MTCH,43.150001525878906
2026-09-14,MTD,1285.75
2026-09-14,MTLN.L,47.0
2026-09-14,MTX.DE,328.20001220703125
2026-09-14,MU,924.030029296875
2026-09-14,MUV2.DE,510.6000061035156
2026-09-14,NCLH,14.720000267028809
2026-09-14,NDAQ,91.56999969482422
2026-09-14,NDSN,308.3099975585937
2026-09-14,NEE,81.62999725341797
2026-09-14,NEM,123.06999969482422
2026-09-14,NEXI.MI,4.170000076293945
2026-09-14,NFLX,80.31999969482422
2026-09-14,NI,41.06999969482422
2026-09-14,NKE,37.04999923706055
2026-09-14,NOC,527.3900146484375
2026-09-14,NOW,142.35000610351562
2026-09-14,NRG,108.47000122070312
2026-09-14,NSC,320.04998779296875
2026-09-14,NTAP,188.2749938964844
2026-09-14,NTRS,181.7100067138672
2026-09-14,NUE,254.6300048828125
2026-09-14,NVDA,210.9600067138672
2026-09-14,NVR,6299.56005859375
2026-09-14,NWG.L,682.7999877929688
2026-09-14,NWS,33.86000061035156
2026-09-14,NWSA,30.559999465942383
2026-09-14,NXPI,224.22999572753903
2026-09-14,NXT.L,14655.0
2026-09-14,O,59.27000045776367
2026-09-14,ODFL,181.9100036621093
2026-09-14,OKE,96.97000122070312
2026-09-14,OMC,81.06999969482422
2026-09-14,ON,71.6500015258789
2026-09-14,ORCL,144.7899932861328
2026-09-14,ORLY,87.22000122070312
2026-09-14,OTIS,70.18000030517578
2026-09-14,OXY,61.77999877929688
2026-09-14,PAH3.DE,29.26000022888184
2026-09-14,PANW,373.9400024414063
2026-09-14,PAYC,222.8500061035156
2026-09-14,PAYX,118.51000213623048
2026-09-14,PCAR,122.86000061035156
2026-09-14,PCG,13.600000381469728
2026-09-14,PCT.L,634.5
2026-09-14,PDD,79.37999725341797
2026-09-14,PEG,70.91999816894531
2026-09-14,PEP,136.33999633789062
2026-09-14,PFE,27.71999931335449
2026-09-14,PFG,116.9000015258789
2026-09-14,PG,146.1300048828125
2026-09-14,PGR,221.0200042724609
2026-09-14,PH,928.8300170898438
2026-09-14,PHM,118.94000244140624
2026-09-14,PKG,233.259994506836
2026-09-14,PLD,135.19000244140625
2026-09-14,PLTR,173.30999755859375
2026-09-14,PM,194.8600006103516
2026-09-14,PNC,242.72000122070312
2026-09-14,PNR,56.18000030517578
2026-09-14,PNW,95.4000015258789
2026-09-14,PODD,137.8000030517578
2026-09-14,POOL,171.75999450683594
2026-09-14,PPG,105.25
2026-09-14,PPL,33.790000915527344
2026-09-14,PRU,119.5
2026-09-14,PRU.L,976.7999877929688
2026-09-14,PRY.MI,118.25
2026-09-14,PSA,295.3999938964844
2026-09-14,PSH.L,3772.0
2026-09-14,PSKY,10.869999885559082
2026-09-14,PSN.L,1084.5
2026-09-14,PSON.L,1191.5
2026-09-14,PST.MI,25.940000534057617
2026-09-14,PSX,257.0599975585937
2026-09-14,PTC,136.64999389648438
2026-09-14,PWR,622.02001953125
2026-09-14,PYPL,54.02999877929688
2026-09-14,Q,117.2300033569336
2026-09-14,QCOM,180.1499938964844
2026-09-14,QIA.DE,36.494998931884766
2026-09-14,RACE.MI,352.1499938964844
2026-09-14,RCL,255.33999633789065
2026-09-14,REC.MI,52.34999847412109
2026-09-14,REG,74.52999877929688
2026-09-14,REGN,793.739990234375
2026-09-14,REL.L,2603.0
2026-09-14,RF,30.030000686645508
2026-09-14,RHM.DE,996.7000122070312
2026-09-14,RIO.L,7207.0
2026-09-14,RJF,170.8000030517578
2026-09-14,RKT.L,5120.0
2026-09-14,RL,341.42999267578125
2026-09-14,RMD,222.9900054931641
2026-09-14,RMV.L,493.6000061035156
2026-09-14,ROK,418.8500061035156
2026-09-14,ROL,35.310001373291016
2026-09-14,ROP,394.6099853515625
2026-09-14,ROST,230.0399932861328
2026-09-14,RSG,225.8500061035156
2026-09-14,RTO.L,330.70001220703125
2026-09-14,RTX,195.33999633789065
2026-09-14,RVTY,128.49000549316406
2026-09-14,RWE.DE,57.400001525878906
2026-09-14,SAP.DE,186.259994506836
2026-09-14,SBAC,183.07000732421875
2026-09-14,SBRY.L,340.20001220703125
2026-09-14,SBUX,99.06999969482422
2026-09-14,SCHW,107.30999755859376
2026-09-14,SDR.L,586.0
2026-09-14,SFER.MI,8.420000076293945
2026-09-14,SGE.L,1008.5
2026-09-14,SGRO.L,930.7999877929688
2026-09-14,SHEL.L,3582.0
2026-09-14,SHL.DE,38.9900016784668
2026-09-14,SHOP,133.88999938964844
2026-09-14,SHW,324.5
2026-09-14,SIE.DE,261.79998779296875
2026-09-14,SJM,121.3000030517578
2026-09-14,SLB,53.31999969482422
2026-09-14,SMCI,36.7400016784668
2026-09-14,SMIN.L,2506.0
2026-09-14,SMT.L,1468.0
2026-09-14,SNA,377.7799987792969
2026-09-14,SNDK,1551.989990234375
2026-09-14,SNPS,381.4299926757813
2026-09-14,SO,87.0
2026-09-14,SOLS,57.77999877929688
2026-09-14,SOLV,89.81999969482422
2026-09-14,SPG,204.97000122070312
2026-09-14,SPGI,418.5400085449219
2026-09-14,SPM.MI,4.1570000648498535
2026-09-14,SPX.L,6720.0
2026-09-14,SRE,82.98999786376953
2026-09-14,SRG.MI,5.438000202178955
2026-09-14,SSE.L,2312.0
2026-09-14,STAN.L,2299.0
2026-09-14,STE,213.6600036621093
2026-09-14,STJ.L,1124.5
2026-09-14,STLD,234.52999877929688
2026-09-14,STT,188.1600036621093
2026-09-14,STX,805.5499877929688
2026-09-14,STZ,125.0
2026-09-14,SVT.L,2916.0
2026-09-14,SW,43.75
2026-09-14,SWK,88.88999938964844
2026-09-14,SWKS,79.26000213623047
2026-09-14,SY1.DE,88.23999786376953
2026-09-14,SYF,75.87999725341797
2026-09-14,SYK,281.8699951171875
2026-09-14,SYY,83.54000091552734
2026-09-14,T,26.51000022888184
2026-09-14,TAP,39.08000183105469
2026-09-14,TDG,1111.219970703125
2026-09-14,TDY,597.1099853515625
2026-09-14,TEAM,192.7700042724609
2026-09-14,TECH,72.2699966430664
2026-09-14,TEL,203.3699951171875
2026-09-14,TEN.MI,23.670000076293945
2026-09-14,TER,329.20001220703125
2026-09-14,TFC,50.09999847412109
2026-09-14,TGT,158.6999969482422
2026-09-14,TIT.MI,7.592999935150146
2026-09-14,TJX,125.98999786376952
2026-09-14,TKO,193.72000122070312
2026-09-14,TMO,613.6199951171875
2026-09-14,TMUS,182.8999938964844
2026-09-14,TPL,365.2699890136719
2026-09-14,TPR,117.91000366210938
2026-09-14,TRGP,287.25
2026-09-14,TRI,105.81500244140624
2026-09-14,TRMB,58.7400016784668
2026-09-14,TRN.MI,8.97599983215332
2026-09-14,TROW,105.8000030517578
2026-09-14,TRV,378.0499877929688
2026-09-14,TSCO,33.83000183105469
2026-09-14,TSCO.L,480.8999938964844
2026-09-14,TSLA,358.9700012207031
2026-09-14,TSN,53.15999984741211
2026-09-14,TT,426.010009765625
2026-09-14,TTD,14.970000267028809
2026-09-14,TTWO,222.9100036621093
2026-09-14,TXN,263.4200134277344
2026-09-14,TXT,80.58000183105469
2026-09-14,TYL,359.5400085449219
2026-09-14,UAL,108.95999908447266
2026-09-14,UBER,72.62999725341797
2026-09-14,UCG.MI,84.47000122070312
2026-09-14,UDR,35.369998931884766
2026-09-14,UHS,173.25
2026-09-14,ULTA,548.6500244140625
2026-09-14,ULVR.L,4697.0
2026-09-14,UNH,383.5499877929688
2026-09-14,UNI.MI,28.0
2026-09-14,UNP,285.0799865722656
2026-09-14,UPS,102.45999908447266
2026-09-14,URI,993.7999877929688
2026-09-14,USB,62.68000030517578
2026-09-14,V,375.2799987792969
2026-09-14,VICI,25.040000915527344
2026-09-14,VLO,382.9500122070313
2026-09-14,VLTO,96.3000030517578
2026-09-14,VMC,250.5399932861328
2026-09-14,VNA.DE,17.975000381469727
2026-09-14,VOD.L,130.35000610351562
2026-09-14,VOW3.DE,81.45999908447266
2026-09-14,VRSK,187.02999877929688
2026-09-14,VRSN,298.6000061035156
2026-09-14,VRTX,519.510009765625
2026-09-14,VST,140.72999572753906
2026-09-14,VTR,89.0999984741211
2026-09-14,VTRS,16.65999984741211
2026-09-14,VZ,51.290000915527344
2026-09-14,WAB,278.4200134277344
2026-09-14,WAT,410.010009765625
2026-09-14,WBD,28.100000381469727
2026-09-14,WDAY,194.2100067138672
2026-09-14,WDC,426.9400024414063
2026-09-14,WEC,105.16999816894533
2026-09-14,WEIR.L,2600.0
2026-09-14,WELL,234.2100067138672
2026-09-14,WFC,88.70999908447266
2026-09-14,WM,218.08999633789065
2026-09-14,WMB,71.94999694824219
2026-09-14,WMT,109.08000183105467
2026-09-14,WPP.L,386.2000122070313
2026-09-14,WRB,70.87000274658203
2026-09-14,WSM,229.42999267578125
2026-09-14,WST,355.20001220703125
2026-09-14,WTB.L,2327.0
2026-09-14,WTW,323.7099914550781
2026-09-14,WY,22.229999542236328
2026-09-14,WYNN,87.76000213623047
2026-09-14,XEL,74.16000366210938
2026-09-14,XOM,165.0800018310547
2026-09-14,XYL,107.48999786376952
2026-09-14,XYZ,79.48999786376953
2026-09-14,YUM,146.3300018310547
2026-09-14,ZAL.DE,22.59000015258789
2026-09-14,ZBH,96.54000091552734
2026-09-14,ZBRA,351.8099975585937
2026-09-14,ZS,191.72999572753903
2026-09-14,ZTS,73.66999816894531
2026-09-15,000001.SZ,11.81999969482422
2026-09-15,000002.SZ,3.0199999809265137
2026-09-15,000012.SZ,3.7100000381469727
2026-09-15,000019.SZ,6.71999979019165
2026-09-15,000025.SZ,14.510000228881836
2026-09-15,000028.SZ,19.799999237060547
2026-09-15,000029.SZ,21.11000061035156
2026-09-15,000030.SZ,3.9700000286102295
2026-09-15,000035.SZ,4.840000152587891
2026-09-15,000048.SZ,20.25
2026-09-15,000049.SZ,21.89999961853028
2026-09-15,000058.SZ,6.900000095367432
2026-09-15,000059.SZ,5.400000095367432
2026-09-15,000061.SZ,5.900000095367432
2026-09-15,000063.SZ,32.0099983215332
2026-09-15,000065.SZ,9.529999732971191
2026-09-15,000088.SZ,4.53000020980835
2026-09-15,000089.SZ,6.46999979019165
2026-09-15,000090.SZ,3.369999885559082
2026-09-15,000099.SZ,12.960000038146973
2026-09-15,0001.HK,67.19999694824219
2026-09-15,000100.SZ,4.730000019073486
2026-09-15,000156.SZ,6.889999866485596
2026-09-15,000157.SZ,6.460000038146973
2026-09-15,000166.SZ,4.409999847412109
2026-09-15,0002.HK,76.8499984741211
2026-09-15,000301.SZ,13.75
2026-09-15,000333.SZ,87.2300033569336
2026-09-15,000338.SZ,26.040000915527344
2026-09-15,000408.SZ,70.68000030517578
2026-09-15,000420.SZ,3.490000009536743
2026-09-15,000422.SZ,11.8100004196167
2026-09-15,000425.SZ,7.809999942779541
2026-09-15,000498.SZ,4.869999885559082
2026-09-15,000503.SZ,6.659999847412109
2026-09-15,000517.SZ,1.9900000095367432
2026-09-15,000538.SZ,50.7400016784668
2026-09-15,000544.SZ,7.269999980926514
2026-09-15,000550.SZ,17.549999237060547
2026-09-15,000552.SZ,2.509999990463257
2026-09-15,000555.SZ,10.420000076293944
2026-09-15,000557.SZ,3.700000047683716
2026-09-15,000567.SZ,5.809999942779541
2026-09-15,000568.SZ,72.0
2026-09-15,000581.SZ,17.989999771118164
2026-09-15,000589.SZ,4.25
2026-09-15,000596.SZ,93.52999877929688
2026-09-15,000597.SZ,4.619999885559082
2026-09-15,000600.SZ,7.380000114440918
2026-09-15,000603.SZ,33.0
2026-09-15,000612.SZ,10.880000114440918
2026-09-15,000617.SZ,6.710000038146973
2026-09-15,000620.SZ,3.119999885559082
2026-09-15,000625.SZ,7.119999885559082
2026-09-15,000628.SZ,52.91999816894531
2026-09-15,000630.SZ,6.019999980926514
2026-09-15,000650.SZ,5.210000038146973
2026-09-15,000651.SZ,38.29999923706055
2026-09-15,000657.SZ,62.22999954223633
2026-09-15,000661.SZ,71.69999694824219
2026-09-15,000672.SZ,14.520000457763672
2026-09-15,000676.SZ,6.610000133514404
2026-09-15,000680.SZ,9.920000076293944
2026-09-15,000681.SZ,15.949999809265137
2026-09-15,000682.SZ,10.710000038146973
2026-09-15,000685.SZ,10.970000267028809
2026-09-15,000686.SZ,7.670000076293945
2026-09-15,000688.SZ,25.780000686645508
2026-09-15,000690.SZ,5.260000228881836
2026-09-15,000708.SZ,13.390000343322754
2026-09-15,000712.SZ,9.800000190734863
2026-09-15,000718.SZ,1.919999957084656
2026-09-15,000719.SZ,12.239999771118164
2026-09-15,000725.SZ,5.269999980926514
2026-09-15,000727.SZ,2.2100000381469727
2026-09-15,000735.SZ,5.869999885559082
2026-09-15,000737.SZ,13.890000343322754
2026-09-15,000756.SZ,12.75
2026-09-15,000758.SZ,5.960000038146973
2026-09-15,000761.SZ,2.2699999809265137
2026-09-15,000762.SZ,21.38999938964844
2026-09-15,000766.SZ,15.65999984741211
2026-09-15,000767.SZ,3.5
2026-09-15,000768.SZ,22.299999237060547
2026-09-15,000776.SZ,20.309999465942383
2026-09-15,000786.SZ,15.760000228881836
2026-09-15,000791.SZ,7.400000095367432
2026-09-15,000792.SZ,24.709999084472656
2026-09-15,000795.SZ,8.130000114440918
2026-09-15,000800.SZ,5.989999771118164
2026-09-15,000801.SZ,11.890000343322754
2026-09-15,000807.SZ,27.059999465942383
2026-09-15,000810.SZ,9.399999618530272
2026-09-15,000811.SZ,36.33000183105469
2026-09-15,000813.SZ,3.1700000762939453
2026-09-15,000821.SZ,7.400000095367432
2026-09-15,000828.SZ,10.0600004196167
2026-09-15,000829.SZ,8.800000190734863
2026-09-15,000837.SZ,9.40999984741211
2026-09-15,000848.SZ,8.170000076293945
2026-09-15,000858.SZ,69.69999694824219
2026-09-15,000860.SZ,10.300000190734863
2026-09-15,000875.SZ,4.900000095367432
2026-09-15,000876.SZ,7.300000190734863
2026-09-15,000881.SZ,6.440000057220459
2026-09-15,000885.SZ,11.68000030517578
2026-09-15,000895.SZ,23.39999961853028
2026-09-15,000899.SZ,9.520000457763672
2026-09-15,000901.SZ,14.039999961853027
2026-09-15,000902.SZ,13.59000015258789
2026-09-15,000913.SZ,10.81999969482422
2026-09-15,000915.SZ,24.309999465942383
2026-09-15,000917.SZ,6.699999809265137
2026-09-15,000923.SZ,15.789999961853027
2026-09-15,000927.SZ,2.4800000190734863
2026-09-15,000928.SZ,5.460000038146973
2026-09-15,000930.SZ,4.96999979019165
2026-09-15,000935.SZ,20.299999237060547
2026-09-15,000938.SZ,32.869998931884766
2026-09-15,000950.SZ,5.170000076293945
2026-09-15,000963.SZ,26.190000534057617
2026-09-15,000966.SZ,4.130000114440918
2026-09-15,000968.SZ,7.050000190734863
2026-09-15,000969.SZ,16.8799991607666
2026-09-15,000970.SZ,11.220000267028809
2026-09-15,000975.SZ,25.450000762939453
2026-09-15,000977.SZ,68.76000213623047
2026-09-15,000983.SZ,6.690000057220459
2026-09-15,000990.SZ,6.349999904632568
2026-09-15,000999.SZ,24.1200008392334
2026-09-15,0012.HK,25.799999237060547
2026-09-15,001203.SZ,23.200000762939453
2026-09-15,001289.SZ,15.239999771118164
2026-09-15,001391.SZ,3.9700000286102295
2026-09-15,0016.HK,108.9000015258789
2026-09-15,001965.SZ,10.0
2026-09-15,001979.SZ,6.710000038146973
2026-09-15,002001.SZ,26.75
2026-09-15,002027.SZ,4.690000057220459
2026-09-15,002028.SZ,138.6699981689453
2026-09-15,002049.SZ,59.18999862670898
2026-09-15,002050.SZ,33.79999923706055
2026-09-15,002074.SZ,25.40999984741211
2026-09-15,002129.SZ,8.670000076293945
2026-09-15,002142.SZ,35.15999984741211
2026-09-15,002179.SZ,34.68000030517578
2026-09-15,002180.SZ,16.190000534057617
2026-09-15,002230.SZ,39.0
2026-09-15,002236.SZ,15.894001007080078
2026-09-15,002241.SZ,21.3700008392334
2026-09-15,002252.SZ,4.909999847412109
2026-09-15,002304.SZ,37.93000030517578
2026-09-15,002311.SZ,42.70000076293945
2026-09-15,002352.SZ,31.07999992370605
2026-09-15,002371.SZ,638.1599731445312
2026-09-15,002415.SZ,32.77000045776367
2026-09-15,002422.SZ,40.650001525878906
2026-09-15,002459.SZ,6.570000171661377
2026-09-15,002460.SZ,45.58000183105469
2026-09-15,002463.SZ,125.81999969482422
2026-09-15,002466.SZ,42.09999847412109
2026-09-15,002475.SZ,51.630001068115234
2026-09-15,002493.SZ,13.0600004196167
2026-09-15,002594.SZ,84.30000305175781
2026-09-15,002600.SZ,12.609999656677246
2026-09-15,002601.SZ,14.949999809265137
2026-09-15,002648.SZ,26.850000381469727
2026-09-15,0027.HK,32.47999954223633
2026-09-15,002709.SZ,32.790000915527344
2026-09-15,002714.SZ,42.369998931884766
2026-09-15,002736.SZ,9.880000114440918
2026-09-15,002916.SZ,389.7200012207031
2026-09-15,002920.SZ,82.2300033569336
2026-09-15,002938.SZ,88.81999969482422
2026-09-15,003816.SZ,4.320000171661377
2026-09-15,0101.HK,6.650000095367432
2026-09-15,0175.HK,16.139999389648438
2026-09-15,0241.HK,2.924999952316284
2026-09-15,0267.HK,12.979999542236328
2026-09-15,0285.HK,22.65999984741211
2026-09-15,0288.HK,6.385000228881836
2026-09-15,0291.HK,18.229999542236328
2026-09-15,0300.HK,99.6999969482422
2026-09-15,0316.HK,145.3000030517578
2026-09-15,0322.HK,11.800000190734863
2026-09-15,1024.HK,29.799999237060547
2026-09-15,1038.HK,64.3499984741211
2026-09-15,1044.HK,20.020000457763672
2026-09-15,1088.HK,45.47999954223633
2026-09-15,1093.HK,8.699999809265137
2026-09-15,1099.HK,15.09000015258789
2026-09-15,1109.HK,28.479999542236328
2026-09-15,1113.HK,46.400001525878906
2026-09-15,1177.HK,5.420000076293945
2026-09-15,1209.HK,38.20000076293945
2026-09-15,1211.HK,79.05000305175781
2026-09-15,1299.HK,76.05000305175781
2026-09-15,1378.HK,21.479999542236328
2026-09-15,1398.HK,7.489999771118164
2026-09-15,1810.HK,26.5
2026-09-15,1876.HK,5.764999866485596
2026-09-15,1928.HK,12.300000190734863
2026-09-15,1929.HK,11.100000381469728
2026-09-15,1997.HK,29.780000686645508
2026-09-15,2015.HK,46.119998931884766
2026-09-15,2020.HK,73.25
2026-09-15,2057.HK,161.10000610351562
2026-09-15,2269.HK,49.220001220703125
2026-09-15,2313.HK,35.31999969482422
2026-09-15,2318.HK,53.04999923706055
2026-09-15,2319.HK,17.969999313354492
2026-09-15,2331.HK,12.800000190734863
2026-09-15,2359.HK,194.0
2026-09-15,2382.HK,67.1500015258789
2026-09-15,2388.HK,51.20000076293945
2026-09-15,2618.HK,10.609999656677246
2026-09-15,2628.HK,28.959999084472656
2026-09-15,2688.HK,49.47999954223633
2026-09-15,2899.HK,33.29999923706055
2026-09-15,300014.SZ,48.36000061035156
2026-09-15,300015.SZ,7.989999771118164
2026-09-15,300033.SZ,204.0
2026-09-15,300059.SZ,18.170000076293945
2026-09-15,300122.SZ,12.210000038146973
2026-09-15,300124.SZ,51.54999923706055
2026-09-15,300274.SZ,84.37999725341797
2026-09-15,300308.SZ,864.010009765625
2026-09-15,300316.SZ,39.2599983215332
2026-09-15,300347.SZ,55.810001373291016
2026-09-15,300394.SZ,257.3800048828125
2026-09-15,300408.SZ,126.20999908447266
2026-09-15,300413.SZ,16.729999542236328
2026-09-15,300418.SZ,42.86000061035156
2026-09-15,300433.SZ,32.86000061035156
2026-09-15,300442.SZ,60.90999984741211
2026-09-15,300498.SZ,14.989999771118164
2026-09-15,300502.SZ,397.010009765625
2026-09-15,300628.SZ,41.119998931884766
2026-09-15,300661.SZ,108.77999877929688
2026-09-15,300750.SZ,316.3599853515625
2026-09-15,300759.SZ,42.36000061035156
2026-09-15,300760.SZ,160.3000030517578
2026-09-15,300782.SZ,69.9800033569336
2026-09-15,300832.SZ,48.95000076293945
2026-09-15,300896.SZ,88.33999633789062
2026-09-15,300979.SZ,33.65999984741211
2026-09-15,300999.SZ,25.14999961853028
2026-09-15,301236.SZ,36.630001068115234
2026-09-15,301269.SZ,84.08999633789062
2026-09-15,302132.SZ,72.18000030517578
2026-09-15,600000.SS,9.18000030517578
2026-09-15,600009.SS,23.059999465942383
2026-09-15,600010.SS,2.109999895095825
2026-09-15,600011.SS,6.949999809265137
2026-09-15,600015.SS,6.300000190734863
2026-09-15,600016.SS,3.5899999141693115
2026-09-15,600018.SS,5.46999979019165
2026-09-15,600019.SS,5.75
2026-09-15,600023.SS,5.079999923706055
2026-09-15,600025.SS,9.779999732971191
2026-09-15,600026.SS,21.049999237060547
2026-09-15,600027.SS,4.869999885559082
2026-09-15,600028.SS,5.289999961853027
2026-09-15,600029.SS,4.869999885559082
2026-09-15,600030.SS,26.350000381469727
2026-09-15,600031.SS,19.489999771118164
2026-09-15,600036.SS,41.09999847412109
2026-09-15,600039.SS,8.960000038146973
2026-09-15,600048.SS,5.019999980926514
2026-09-15,600050.SS,4.179999828338623
2026-09-15,600061.SS,6.21999979019165
2026-09-15,600066.SS,27.020000457763672
2026-09-15,600085.SS,23.31999969482422
2026-09-15,600089.SS,18.11000061035156
2026-09-15,600104.SS,11.329999923706056
2026-09-15,600111.SS,37.33000183105469
2026-09-15,600115.SS,3.359999895095825
2026-09-15,600150.SS,38.15999984741211
2026-09-15,600160.SS,35.599998474121094
2026-09-15,600161.SS,12.18000030517578
2026-09-15,600176.SS,47.09000015258789
2026-09-15,600183.SS,150.25
2026-09-15,600188.SS,20.07999992370605
2026-09-15,600196.SS,21.809999465942383
2026-09-15,600219.SS,4.71999979019165
2026-09-15,600233.SS,17.049999237060547
2026-09-15,600276.SS,43.130001068115234
2026-09-15,600309.SS,72.98999786376953
2026-09-15,600332.SS,19.600000381469727
2026-09-15,600346.SS,16.670000076293945
2026-09-15,600362.SS,42.970001220703125
2026-09-15,600372.SS,11.56999969482422
2026-09-15,600377.SS,12.81999969482422
2026-09-15,600406.SS,21.989999771118164
2026-09-15,600415.SS,11.59000015258789
2026-09-15,600426.SS,19.86000061035156
2026-09-15,600436.SS,117.30999755859376
2026-09-15,600438.SS,11.149999618530272
2026-09-15,600460.SS,30.040000915527344
2026-09-15,600482.SS,33.959999084472656
2026-09-15,600489.SS,24.479999542236328
2026-09-15,600515.SS,2.690000057220459
2026-09-15,A,150.27000427246094
2026-09-15,A2A.MI,2.305000066757202
2026-09-15,AAF.L,349.3999938964844
2026-09-15,AAL.L,3863.0
2026-09-15,AAPL,331.3399963378906
2026-09-15,ABBV,263.0400085449219
2026-09-15,ABF.L,1841.0
2026-09-15,ABNB,168.32000732421875
2026-09-15,ABT,102.02999877929688
2026-09-15,ACGL,97.04000091552734
2026-09-15,ACN,193.3999938964844
2026-09-15,ADBE,257.760009765625
2026-09-15,ADI,361.3500061035156
2026-09-15,ADM,86.61000061035156
2026-09-15,ADM.L,3888.0
2026-09-15,ADP,276.5299987792969
2026-09-15,ADS.DE,141.89999389648438
2026-09-15,ADSK,226.5
2026-09-15,AEE,103.0199966430664
2026-09-15,AEP,120.61000061035156
2026-09-15,AES,14.800000190734863
2026-09-15,AFL,117.5500030517578
2026-09-15,AIG,75.9800033569336
2026-09-15,AIR.DE,195.0800018310547
2026-09-15,AIZ,286.1099853515625
2026-09-15,AJG,248.0399932861328
2026-09-15,AKAM,105.4000015258789
2026-09-15,ALB,113.4499969482422
2026-09-15,ALGN,147.0
2026-09-15,ALL,257.2099914550781
2026-09-15,ALLE,154.60000610351562
2026-09-15,ALV.DE,444.6000061035156
2026-09-15,ALW.L,1339.0
2026-09-15,AMAT,421.1700134277344
2026-09-15,AMCR,42.459999084472656
2026-09-15,AMD,504.2000122070313
2026-09-15,AME,234.4499969482422
2026-09-15,AMGN,375.6499938964844
2026-09-15,AMP,559.3400268554688
2026-09-15,AMP.MI,11.470000267028809
2026-09-15,AMT,177.7100067138672
2026-09-15,AMZN,248.4199981689453
2026-09-15,ANET,192.83999633789065
2026-09-15,ANTO.L,3501.0
2026-09-15,AON,304.6700134277344
2026-09-15,AOS,57.220001220703125
2026-09-15,APA,47.40999984741211
2026-09-15,APD,290.5599975585937
2026-09-15,APH,77.6500015258789
2026-09-15,APO,127.0
2026-09-15,APP,331.4599914550781
2026-09-15,APTV,43.75
2026-09-15,ARE,52.93000030517578
2026-09-15,ARM,241.8300018310547
2026-09-15,ASML,1591.47998046875
2026-09-15,ATO,162.0399932861328
2026-09-15,AUTO.L,495.1000061035156
2026-09-15,AVGO,339.2699890136719
2026-09-15,AVY,171.52000427246094
2026-09-15,AWK,138.02000427246094
2026-09-15,AXON,442.0799865722656
2026-09-15,AXP,324.42999267578125
2026-09-15,AZM.MI,38.16999816894531
2026-09-15,AZN,161.85000610351562
2026-09-15,AZN.L,12116.0
2026-09-15,AZO,2860.25
2026-09-15,BA,209.69000244140625
2026-09-15,BAB.L,993.5999755859376
2026-09-15,BAC,59.52000045776367
2026-09-15,BALL,61.0099983215332
2026-09-15,BAMI.MI,16.030000686645508
2026-09-15,BARC.L,470.2999877929688
2026-09-15,BAS.DE,51.84000015258789
2026-09-15,BATS.L,4223.0
2026-09-15,BAX,23.709999084472656
2026-09-15,BAYN.DE,48.709999084472656
2026-09-15,BBY,93.23999786376952
2026-09-15,BDX,185.9199981689453
2026-09-15,BEI.DE,74.5
2026-09-15,BEN,33.290000915527344
2026-09-15,BEZ.L,1304.0
2026-09-15,BFF.MI,3.0199999809265137
2026-09-15,BG,121.76000213623048
2026-09-15,BIIB,216.1699981689453
2026-09-15,BKG.L,3252.0
2026-09-15,BKNG,171.32000732421875
2026-09-15,BKR,56.720001220703125
2026-09-15,BLDR,60.20000076293945
2026-09-15,BLK,1058.6600341796875
2026-09-15,BMED.MI,23.049999237060547
2026-09-15,BMPS.MI,11.80799961090088
2026-09-15,BMW.DE,62.86000061035156
2026-09-15,BMY,63.72999954223633
2026-09-15,BNR.DE,60.70000076293945
2026-09-15,BNZL.L,2590.0
2026-09-15,BPE.MI,14.187999725341797
2026-09-15,BR,170.25
2026-09-15,BRBY.L,977.5999755859376
2026-09-15,BRO,67.2300033569336
2026-09-15,BSX,43.869998931884766
2026-09-15,BTRW.L,276.3999938964844
2026-09-15,BX,126.6999969482422
2026-09-15,BXP,63.84000015258789
2026-09-15,BZU.MI,38.02000045776367
2026-09-15,C,136.1699981689453
2026-09-15,CAG,15.020000457763672
2026-09-15,CAH,232.6499938964844
2026-09-15,CARR,55.540000915527344
2026-09-15,CAT,783.5399780273438
2026-09-15,CB,341.8599853515625
2026-09-15,CBK.DE,42.470001220703125
2026-09-15,CBOE,270.44000244140625
2026-09-15,CBRE,140.11000061035156
2026-09-15,CCEP,103.01000213623048
2026-09-15,CCEP.L,7685.0
2026-09-15,CCH.L,4606.0
2026-09-15,CCI,73.25
2026-09-15,CCL,22.11000061035156
2026-09-15,CDNS,273.9599914550781
2026-09-15,CDW,153.74000549316406
2026-09-15,CEG,259.8900146484375
2026-09-15,CF,135.5399932861328
2026-09-15,CFG,70.23999786376953
2026-09-15,CHD,94.51000213623048
2026-09-15,CHRW,157.6300048828125
2026-09-15,CHTR,141.1999969482422
2026-09-15,CI,288.8999938964844
2026-09-15,CINF,171.6699981689453
2026-09-15,CL,87.0
2026-09-15,CLX,87.16000366210938
2026-09-15,CMCSA,24.420000076293945
2026-09-15,CME,275.0899963378906
2026-09-15,CMG,34.83000183105469
2026-09-15,CMI,538.02001953125
2026-09-15,CMS,65.91999816894531
2026-09-15,CNA.L,148.64999389648438
2026-09-15,CNC,67.66000366210938
2026-09-15,CNP,37.97999954223633
2026-09-15,COF,206.8500061035156
2026-09-15,COIN,172.11000061035156
2026-09-15,CON.DE,68.55999755859375
2026-09-15,COO,53.27000045776367
2026-09-15,COP,141.22000122070312
2026-09-15,COR,323.2900085449219
2026-09-15,COST,901.3499755859376
2026-09-15,CPAY,407.75
2026-09-15,CPB,21.36000061035156
2026-09-15,CPG.L,31.38999938964844
2026-09-15,CPR.MI,6.027999877929688
2026-09-15,CPRT,31.040000915527344
2026-09-15,CPT,102.83999633789062
2026-09-15,CRDA.L,3155.0
2026-09-15,CRL,272.8800048828125
2026-09-15,CRM,255.6499938964844
2026-09-15,CRWD,242.4900054931641
2026-09-15,CSCO,110.06999969482422
2026-09-15,CSGP,31.559999465942383
2026-09-15,CSX,48.65999984741211
2026-09-15,CTAS,198.9499969482422
2026-09-15,CTEC.L,218.3999938964844
2026-09-15,CTSH,63.27999877929688
2026-09-15,CTVA,83.38999938964844
2026-09-15,CVS,94.48999786376952
2026-09-15,CVX,217.7700042724609
2026-09-15,D,63.869998931884766
2026-09-15,DAL,78.88999938964844
2026-09-15,DASH,198.259994506836
2026-09-15,DB1.DE,277.3999938964844
2026-09-15,DBK.DE,33.34000015258789
2026-09-15,DCC.L,6335.0
2026-09-15,DD,128.0399932861328
2026-09-15,DDOG,230.2700042724609
2026-09-15,DE,684.0399780273438
2026-09-15,DECK,77.51000213623047
2026-09-15,DELL,543.510009765625
2026-09-15,DG,124.6999969482422
2026-09-15,DGE.L,1609.0
2026-09-15,DGX,247.0800018310547
2026-09-15,DHI,140.1999969482422
2026-09-15,DHL.DE,55.79999923706055
2026-09-15,DHR,209.3600006103516
2026-09-15,DIA.MI,74.18000030517578
2026-09-15,DIS,106.41999816894533
2026-09-15,DLR,179.27000427246094
2026-09-15,DLTR,112.79000091552734
2026-09-15,DOC,20.15999984741211
2026-09-15,DOV,188.97000122070312
2026-09-15,DOW,29.850000381469727
2026-09-15,DPLM.L,7105.0
2026-09-15,DPZ,310.82000732421875
2026-09-15,DRI,209.1199951171875
2026-09-15,DTE,130.39999389648438
2026-09-15,DTE.DE,28.89999961853028
2026-09-15,DTG.DE,43.2400016784668
2026-09-15,DUK,117.7699966430664
2026-09-15,DVA,190.8999938964844
2026-09-15,DVN,51.33000183105469
2026-09-15,DXCM,86.44999694824219
2026-09-15,EBAY,108.02999877929688
2026-09-15,ECL,274.6000061035156
2026-09-15,ED,105.23999786376952
2026-09-15,EDV.L,4441.0
2026-09-15,EFX,167.0800018310547
2026-09-15,EG,379.5499877929688
2026-09-15,EIX,54.560001373291016
2026-09-15,EL,96.25
2026-09-15,ELV,417.5400085449219
2026-09-15,EME,735.52001953125
2026-09-15,EMR,147.0
2026-09-15,ENEL.MI,8.741000175476074
2026-09-15,ENI.MI,24.43000030517578
2026-09-15,ENR.DE,133.0
2026-09-15,ENT.L,498.2999877929688
2026-09-15,EOAN.DE,17.385000228881836
2026-09-15,EOG,153.74000549316406
2026-09-15,EPAM,123.51000213623048
2026-09-15,EQIX,1006.97998046875
2026-09-15,EQT,53.119998931884766
2026-09-15,ERG.MI,21.71999931335449
2026-09-15,ERIE,250.6100006103516
2026-09-15,ES,67.20999908447266
2026-09-15,ESS,276.04998779296875
2026-09-15,ETN,392.3999938964844
2026-09-15,ETR,102.91999816894533
2026-09-15,EVRG,80.19999694824219
2026-09-15,EW,85.73999786376953
2026-09-15,EXC,42.19499969482422
2026-09-15,EXE,94.2300033569336
2026-09-15,EXPD,193.8999938964844
2026-09-15,EXPE,293.0799865722656
2026-09-15,EXPN.L,2800.0
2026-09-15,EXR,137.3000030517578
2026-09-15,EZJ.L,668.0
2026-09-15,F,13.5
2026-09-15,FANG,211.5249938964844
2026-09-15,FAST,49.40999984741211
2026-09-15,FCIT.L,338.3999938964844
2026-09-15,FCX,69.37999725341797
2026-09-15,FDS,277.0899963378906
2026-09-15,FDX,308.260009765625
2026-09-15,FE,45.33000183105469
2026-09-15,FFIV,430.8800048828125
2026-09-15,FICO,985.9600219726562
2026-09-15,FIS,37.34000015258789
2026-09-15,FISV,50.02000045776367
2026-09-15,FITB,54.66999816894531
2026-09-15,FME.DE,39.77999877929688
2026-09-15,FOX,60.34000015258789
2026-09-15,FOXA,67.56999969482422
2026-09-15,FRE.DE,45.38999938964844
2026-09-15,FRES.L,2851.0
2026-09-15,FRT,113.93000030517578
2026-09-15,FSLR,202.33999633789065
2026-09-15,FTNT,172.3699951171875
2026-09-15,FTV,56.45000076293945
2026-09-15,G.MI,45.630001068115234
2026-09-15,G1A.DE,64.3499984741211
2026-09-15,G24.DE,74.6500015258789
2026-09-15,GAW.L,17710.0
2026-09-15,GD,358.6000061035156
2026-09-15,GDDY,102.37999725341795
2026-09-15,GE,307.04998779296875
2026-09-15,GEHC,64.06999969482422
2026-09-15,GEN,31.229999542236328
2026-09-15,GEV,882.8099975585938
2026-09-15,GFS,42.75
2026-09-15,GILD,146.3000030517578
2026-09-15,GIS,36.58000183105469
2026-09-15,GL,173.2899932861328
2026-09-15,GLEN.L,576.0
2026-09-15,GLW,143.57000732421875
2026-09-15,GM,85.37000274658203
2026-09-15,GNRC,175.02999877929688
2026-09-15,GOOG,341.42999267578125
2026-09-15,GOOGL,344.9800109863281
2026-09-15,GPC,131.00999450683594
2026-09-15,GPN,88.9800033569336
2026-09-15,GRMN,278.9700012207031
2026-09-15,GS,976.6699829101562
2026-09-15,GSK.L,1854.0
2026-09-15,GWW,1269.530029296875
2026-09-15,HAL,35.66999816894531
2026-09-15,HAS,90.20999908447266
2026-09-15,HBAN,16.75
2026-09-15,HCA,423.8200073242188
2026-09-15,HD,305.4800109863281
2026-09-15,HEI.DE,149.0500030517578
2026-09-15,HEN3.DE,72.87999725341797
2026-09-15,HER.MI,3.578000068664551
2026-09-15,HIG,136.02999877929688
2026-09-15,HII,279.4599914550781
2026-09-15,HIK.L,1557.0
2026-09-15,HLMA.L,3422.0
2026-09-15,HLN.L,340.5
2026-09-15,HLT,307.7900085449219
2026-09-15,HNR1.DE,255.3999938964844
2026-09-15,HON,203.44000244140625
2026-09-15,HOOD,110.4499969482422
2026-09-15,HPE,55.880001068115234
2026-09-15,HPQ,33.81999969482422
2026-09-15,HRL,20.790000915527344
2026-09-15,HSBA.L,1503.800048828125
2026-09-15,HSIC,87.5199966430664
2026-09-15,HST,22.1299991607666
2026-09-15,HSX.L,1888.0
2026-09-15,HSY,170.4199981689453
2026-09-15,HUBB,438.5299987792969
2026-09-15,HUM,396.6199951171875
2026-09-15,HWDN.L,741.5
2026-09-15,HWM,224.6699981689453
2026-09-15,IAG.L,408.0
2026-09-15,IBKR,88.80000305175781
2026-09-15,IBM,248.3699951171875
2026-09-15,ICE,156.89999389648438
2026-09-15,ICG.L,1856.0
2026-09-15,IDXX,510.7300109863281
2026-09-15,IEX,222.83999633789065
2026-09-15,IFF,84.23999786376953
2026-09-15,IFX.DE,54.33000183105469
2026-09-15,IG.MI,8.17199993133545
2026-09-15,IHG.L,151.9499969482422
2026-09-15,III.L,2599.0
2026-09-15,IMB.L,2516.0
2026-09-15,IMI.L,2994.0
2026-09-15,INCY,121.73999786376952
2026-09-15,INF.L,893.2000122070312
2026-09-15,INTC,97.13999938964844
2026-09-15,INTU,329.2699890136719
2026-09-15,INVH,27.63999938964844
2026-09-15,INW.MI,6.465000152587891
2026-09-15,IP,33.9900016784668
2026-09-15,IP.MI,34.63999938964844
2026-09-15,IQV,269.6700134277344
2026-09-15,IR,71.91000366210938
2026-09-15,IRM,112.04000091552734
2026-09-15,ISP.MI,6.697999954223633
2026-09-15,ISRG,377.1600036621094
2026-09-15,IT,195.6199951171875
2026-09-15,ITRK.L,5865.0
2026-09-15,ITW,268.6000061035156
2026-09-15,IVZ,30.780000686645508
2026-09-15,J,144.91000366210938
2026-09-15,JBHT,273.04998779296875
2026-09-15,JBL,296.04998779296875
2026-09-15,JCI,138.2899932861328
2026-09-15,JKHY,154.07000732421875
2026-09-15,JNJ,267.20001220703125
2026-09-15,JPM,352.489990234375
2026-09-15,KDP,31.489999771118164
2026-09-15,KEY,21.700000762939453
2026-09-15,KEYS,313.3599853515625
2026-09-15,KGF.L,293.5
2026-09-15,KIM,22.989999771118164
2026-09-15,KKR,100.0
2026-09-15,KLAC,168.02000427246094
2026-09-15,KMB,98.6750030517578
2026-09-15,KMI,30.770000457763672
2026-09-15,KO,88.70999908447266
2026-09-15,KR,62.25
2026-09-15,KVUE,17.920000076293945
2026-09-15,L,109.20999908447266
2026-09-15,LAND.L,625.0
2026-09-15,LDO.MI,49.88999938964844
2026-09-15,LDOS,129.24000549316406
2026-09-15,LEN,80.06999969482422
2026-09-15,LGEN.L,294.29998779296875
2026-09-15,LH,323.9700012207031
2026-09-15,LHX,249.6600036621093
2026-09-15,LII,362.1900024414063
2026-09-15,LIN,462.9599914550781
2026-09-15,LKQ,23.39999961853028
2026-09-15,LLOY.L,108.9000015258789
2026-09-15,LLY,1136.1099853515625
2026-09-15,LMP.L,178.0
2026-09-15,LMT,533.4600219726562
2026-09-15,LNT,65.98999786376953
2026-09-15,LOW,194.6100006103516
2026-09-15,LRCX,270.8699951171875
2026-09-15,LSEG.L,8200.0
2026-09-15,LULU,98.37000274658205
2026-09-15,LUV,39.27999877929688
2026-09-15,LVS,41.27000045776367
2026-09-15,LW,47.09000015258789
2026-09-15,LYB,65.43000030517578
2026-09-15,LYV,170.24000549316406
2026-09-15,MA,573.27001953125
2026-09-15,MAA,124.48999786376952
2026-09-15,MAR,337.239990234375
2026-09-15,MAS,68.87999725341797
2026-09-15,MB.MI,28.3700008392334
2026-09-15,MBG.DE,46.560001373291016
2026-09-15,MCD,252.77999877929688
2026-09-15,MCHP,71.48999786376953
2026-09-15,MCK,899.5599975585938
2026-09-15,MCO,467.1600036621094
2026-09-15,MDLZ,62.09999847412109
2026-09-15,MDT,93.75
2026-09-15,MELI,1828.93994140625
2026-09-15,MET,98.22000122070312
2026-09-15,META,670.239990234375
2026-09-15,MGM,39.220001220703125
2026-09-15,MHK,128.97000122070312
2026-09-15,MKC,49.86000061035156
2026-09-15,MKS.L,375.6000061035156
2026-09-15,MLM,506.80999755859375
2026-09-15,MMM,164.6699981689453
2026-09-15,MNDI.L,829.7999877929688
2026-09-15,MNG.L,333.29998779296875
2026-09-15,MNST,44.630001068115234
2026-09-15,MO,69.80999755859375
2026-09-15,MOH,206.9900054931641
2026-09-15,MONC.MI,43.459999084472656
2026-09-15,MOS,25.459999084472656
2026-09-15,MPC,410.8399963378906
2026-09-15,MPWR,1142.4599609375
2026-09-15,MRK,143.7899932861328
2026-09-15,MRK.DE,130.89999389648438
2026-09-15,MRNA,143.77000427246094
2026-09-15,MRO.L,468.8999938964844
2026-09-15,MRVL,221.6999969482422
2026-09-15,MS,206.27999877929688
2026-09-15,MSCI,544.5999755859375
2026-09-15,MSFT,497.1199951171875
2026-09-15,MSI,469.1400146484375
2026-09-15,MSTR,129.60000610351562
2026-09-15,MTB,235.3699951171875
2026-09-15,MTCH,44.400001525878906
2026-09-15,MTD,1330.4000244140625
2026-09-15,MTLN.L,46.70000076293945
2026-09-15,MTX.DE,333.5
2026-09-15,MU,927.5999755859376
2026-09-15,MUV2.DE,512.7999877929688
2026-09-15,NCLH,14.279999732971191
2026-09-15,NDAQ,89.2300033569336
2026-09-15,NDSN,309.25
2026-09-15,NEE,81.06999969482422
2026-09-15,NEM,124.19000244140624
2026-09-15,NEXI.MI,4.2179999351501465
2026-09-15,NFLX,77.9000015258789
2026-09-15,NI,40.59000015258789
2026-09-15,NKE,36.220001220703125
2026-09-15,NOC,531.25
2026-09-15,NOW,141.89999389648438
2026-09-15,NRG,105.98999786376952
2026-09-15,NSC,320.2200012207031
2026-09-15,NTAP,189.92999267578125
2026-09-15,NTRS,178.74000549316406
2026-09-15,NUE,258.82000732421875
2026-09-15,NVDA,212.1699981689453
2026-09-15,NVR,6257.4501953125
2026-09-15,NWG.L,689.2000122070312
2026-09-15,NWS,33.779998779296875
2026-09-15,NWSA,30.434999465942383
2026-09-15,NXPI,226.3500061035156
2026-09-15,NXT.L,14690.0
2026-09-15,O,58.709999084472656
2026-09-15,ODFL,180.9600067138672
2026-09-15,OKE,94.72000122070312
2026-09-15,OMC,79.8499984741211
2026-09-15,ON,73.19999694824219
2026-09-15,ORCL,140.35000610351562
2026-09-15,ORLY,85.16000366210938
2026-09-15,OTIS,68.5
2026-09-15,OXY,63.52000045776367
2026-09-15,PAH3.DE,29.270000457763672
2026-09-15,PANW,375.0899963378906
2026-09-15,PAYC,226.759994506836
2026-09-15,PAYX,118.3000030517578
2026-09-15,PCAR,122.45999908447266
2026-09-15,PCG,13.149999618530272
2026-09-15,PCT.L,632.5
2026-09-15,PDD,78.08000183105469
2026-09-15,PEG,70.41999816894531
2026-09-15,PEP,135.5
2026-09-15,PFE,27.549999237060547
2026-09-15,PFG,118.37000274658205
2026-09-15,PG,146.6699981689453
2026-09-15,PGR,221.3099975585937
2026-09-15,PH,925.0
2026-09-15,PHM,119.47000122070312
2026-09-15,PKG,231.2100067138672
2026-09-15,PLD,135.83999633789062
2026-09-15,PLTR,172.55999755859375
2026-09-15,PM,194.1100006103516
2026-09-15,PNC,240.77999877929688
2026-09-15,PNR,56.58000183105469
2026-09-15,PNW,94.9000015258789
2026-09-15,PODD,139.24000549316406
2026-09-15,POOL,166.86000061035156
2026-09-15,PPG,104.88999938964844
2026-09-15,PPL,33.22999954223633
2026-09-15,PRU,119.30999755859376
2026-09-15,PRU.L,973.7999877929688
2026-09-15,PRY.MI,118.1999969482422
2026-09-15,PSA,296.67999267578125
2026-09-15,PSH.L,3768.0
2026-09-15,PSKY,11.010000228881836
2026-09-15,PSN.L,1098.5
2026-09-15,PSON.L,1186.0
2026-09-15,PST.MI,25.940000534057617
2026-09-15,PSX,264.92999267578125
2026-09-15,PTC,132.75
2026-09-15,PWR,613.3499755859375
2026-09-15,PYPL,53.810001373291016
2026-09-15,Q,114.58999633789062
2026-09-15,QCOM,187.8000030517578
2026-09-15,QIA.DE,37.18000030517578
2026-09-15,RACE.MI,352.70001220703125
2026-09-15,RCL,249.3000030517578
2026-09-15,REC.MI,52.650001525878906
2026-09-15,REG,74.05000305175781
2026-09-15,REGN,774.1099853515625
2026-09-15,REL.L,2536.0
2026-09-15,RF,29.68000030517578
2026-09-15,RHM.DE,1028.5999755859375
2026-09-15,RIO.L,7147.0
2026-09-15,RJF,168.75
2026-09-15,RKT.L,5066.0
2026-09-15,RL,335.2300109863281
2026-09-15,RMD,229.44000244140625
2026-09-15,RMV.L,498.0
2026-09-15,ROK,417.0
2026-09-15,ROL,33.77000045776367
2026-09-15,ROP,383.9400024414063
2026-09-15,ROST,226.259994506836
2026-09-15,RSG,223.0399932861328
2026-09-15,RTO.L,328.29998779296875
2026-09-15,RTX,195.5
2026-09-15,RVTY,140.19000244140625
2026-09-15,RWE.DE,58.27999877929688
2026-09-15,SAP.DE,187.0800018310547
2026-09-15,SBAC,183.13999938964844
2026-09-15,SBRY.L,336.79998779296875
2026-09-15,SBUX,96.58000183105467
2026-09-15,SCHW,107.79000091552734
2026-09-15,SDR.L,586.5
2026-09-15,SFER.MI,8.045000076293945
2026-09-15,SGE.L,1007.0
2026-09-15,SGRO.L,935.0
2026-09-15,SHEL.L,3652.5
2026-09-15,SHL.DE,38.869998931884766
2026-09-15,SHOP,129.86000061035156
2026-09-15,SHW,323.2200012207031
2026-09-15,SIE.DE,258.79998779296875
2026-09-15,SJM,121.6999969482422
2026-09-15,SLB,54.20000076293945
2026-09-15,SMCI,35.63999938964844
2026-09-15,SMIN.L,2519.0
2026-09-15,SMT.L,1458.0
2026-09-15,SNA,374.8200073242188
2026-09-15,SNDK,1530.9000244140625
2026-09-15,SNPS,367.7000122070313
2026-09-15,SO,85.94999694824219
2026-09-15,SOLS,57.15999984741211
2026-09-15,SOLV,90.05999755859375
2026-09-15,SPG,204.1000061035156
2026-09-15,SPGI,412.5199890136719
2026-09-15,SPM.MI,4.2220001220703125
2026-09-15,SPX.L,6785.0
2026-09-15,SRE,81.19999694824219
2026-09-15,SRG.MI,5.498000144958496
2026-09-15,SSE.L,2333.0
2026-09-15,STAN.L,2266.0
2026-09-15,STE,210.27999877929688
2026-09-15,STJ.L,1113.0
2026-09-15,STLD,239.22000122070312
2026-09-15,STT,185.1300048828125
2026-09-15,STX,771.8099975585938
2026-09-15,STZ,123.62000274658205
2026-09-15,SVT.L,2950.0
2026-09-15,SW,43.709999084472656
2026-09-15,SWK,88.58000183105469
2026-09-15,SWKS,90.0
2026-09-15,SY1.DE,89.4000015258789
2026-09-15,SYF,76.05999755859375
2026-09-15,SYK,281.5
2026-09-15,SYY,79.5999984741211
2026-09-15,T,26.71999931335449
2026-09-15,TAP,39.27000045776367
2026-09-15,TDG,1085.0
2026-09-15,TDY,598.510009765625
2026-09-15,TEAM,189.8099975585937
2026-09-15,TECH,72.33999633789062
2026-09-15,TEL,201.4199981689453
2026-09-15,TEN.MI,24.450000762939453
2026-09-15,TER,332.8500061035156
2026-09-15,TFC,50.459999084472656
2026-09-15,TGT,154.39999389648438
2026-09-15,TIT.MI,7.603000164031982
2026-09-15,TJX,124.5999984741211
2026-09-15,TKO,190.1300048828125
2026-09-15,TMO,641.3900146484375
2026-09-15,TMUS,180.47000122070312
2026-09-15,TPL,371.6300048828125
2026-09-15,TPR,117.11000061035156
2026-09-15,TRGP,285.67999267578125
2026-09-15,TRI,102.61000061035156
2026-09-15,TRMB,58.79999923706055
2026-09-15,TRN.MI,9.234000205993652
2026-09-15,TROW,104.2300033569336
2026-09-15,TRV,377.9700012207031
2026-09-15,TSCO,33.029998779296875
2026-09-15,TSCO.L,479.5
2026-09-15,TSLA,356.5799865722656
2026-09-15,TSN,52.54999923706055
2026-09-15,TT,422.7300109863281
2026-09-15,TTD,15.0
2026-09-15,TTWO,211.9100036621093
2026-09-15,TXN,263.42999267578125
2026-09-15,TXT,80.72000122070312
2026-09-15,TYL,353.1300048828125
2026-09-15,UAL,106.91999816894533
2026-09-15,UBER,71.43000030517578
2026-09-15,UCG.MI,82.58000183105469
2026-09-15,UDR,34.90999984741211
2026-09-15,UHS,176.85000610351562
2026-09-15,ULTA,544.3200073242188
2026-09-15,ULVR.L,4641.5
2026-09-15,UNH,375.9299926757813
2026-09-15,UNI.MI,27.90999984741211
2026-09-15,UNP,283.989990234375
2026-09-15,UPS,102.3499984741211
2026-09-15,URI,989.1300048828124
2026-09-15,USB,62.220001220703125
2026-09-15,V,375.6199951171875
2026-09-15,VICI,24.76000022888184
2026-09-15,VLO,397.0400085449219
2026-09-15,VLTO,95.4800033569336
2026-09-15,VMC,249.1999969482422
2026-09-15,VNA.DE,18.010000228881836
2026-09-15,VOD.L,131.1999969482422
2026-09-15,VOW3.DE,81.0199966430664
2026-09-15,VRSK,180.0800018310547
2026-09-15,VRSN,297.260009765625
2026-09-15,VRTX,514.6300048828125
2026-09-15,VST,141.52999877929688
2026-09-15,VTR,88.55999755859375
2026-09-15,VTRS,16.649999618530273
2026-09-15,VZ,51.45000076293945
2026-09-15,WAB,278.1199951171875
2026-09-15,WAT,417.0899963378906
2026-09-15,WBD,28.030000686645508
2026-09-15,WDAY,190.6699981689453
2026-09-15,WDC,411.9599914550781
2026-09-15,WEC,103.51000213623048
2026-09-15,WEIR.L,2598.0
2026-09-15,WELL,232.759994506836
2026-09-15,WFC,89.72000122070312
2026-09-15,WM,217.25
2026-09-15,WMB,71.62999725341797
2026-09-15,WMT,108.08999633789062
2026-09-15,WPP.L,384.1000061035156
2026-09-15,WRB,71.27999877929688
2026-09-15,WSM,221.47000122070312
2026-09-15,WST,365.0
2026-09-15,WTB.L,2323.0
2026-09-15,WTW,321.9700012207031
2026-09-15,WY,22.290000915527344
2026-09-15,WYNN,86.70999908447266
2026-09-15,XEL,72.48999786376953
2026-09-15,XOM,169.32000732421875
2026-09-15,XYL,107.5
2026-09-15,XYZ,78.30999755859375
2026-09-15,YUM,140.77000427246094
2026-09-15,ZAL.DE,21.75
2026-09-15,ZBH,98.41000366210938
2026-09-15,ZBRA,342.7300109863281
2026-09-15,ZS,193.88999938964844
2026-09-15,ZTS,73.43000030517578
2026-09-16,000001.SZ,11.699999809265137
2026-09-16,000002.SZ,3.0299999713897705
2026-09-16,000012.SZ,3.7300000190734863
2026-09-16,000019.SZ,6.739999771118164
2026-09-16,000025.SZ,14.56999969482422
2026-09-16,000028.SZ,19.770000457763672
2026-09-16,000029.SZ,21.299999237060547
2026-09-16,000030.SZ,3.9600000381469727
2026-09-16,000035.SZ,4.840000152587891
2026-09-16,000048.SZ,19.82999992370605
2026-09-16,000049.SZ,22.270000457763672
2026-09-16,000058.SZ,6.920000076293945
2026-09-16,000059.SZ,5.429999828338623
2026-09-16,000061.SZ,5.880000114440918
2026-09-16,000063.SZ,32.369998931884766
2026-09-16,000065.SZ,9.739999771118164
2026-09-16,000088.SZ,4.510000228881836
2026-09-16,000089.SZ,6.480000019073486
2026-09-16,000090.SZ,3.4200000762939453
2026-09-16,000099.SZ,13.010000228881836
2026-09-16,0001.HK,67.5
2026-09-16,000100.SZ,4.760000228881836
2026-09-16,000156.SZ,6.900000095367432
2026-09-16,000157.SZ,6.21999979019165
2026-09-16,000166.SZ,4.400000095367432
2026-09-16,0002.HK,77.5
2026-09-16,000301.SZ,13.630000114440918
2026-09-16,000333.SZ,85.0
2026-09-16,000338.SZ,25.520000457763672
2026-09-16,000408.SZ,72.30000305175781
2026-09-16,000420.SZ,3.5199999809265137
2026-09-16,000422.SZ,11.850000381469728
2026-09-16,000425.SZ,7.579999923706055
2026-09-16,000498.SZ,4.900000095367432
2026-09-16,000503.SZ,6.650000095367432
2026-09-16,000517.SZ,2.0
2026-09-16,000538.SZ,50.84000015258789
2026-09-16,000544.SZ,7.289999961853027
2026-09-16,000550.SZ,17.299999237060547
2026-09-16,000552.SZ,2.5199999809265137
2026-09-16,000555.SZ,10.380000114440918
2026-09-16,000557.SZ,3.680000066757202
2026-09-16,000567.SZ,5.900000095367432
2026-09-16,000568.SZ,72.3499984741211
2026-09-16,000581.SZ,18.049999237060547
2026-09-16,000589.SZ,4.230000019073486
2026-09-16,000596.SZ,93.20999908447266
2026-09-16,000597.SZ,4.619999885559082
2026-09-16,000600.SZ,7.349999904632568
2026-09-16,000603.SZ,35.27000045776367
2026-09-16,000612.SZ,11.470000267028809
2026-09-16,000617.SZ,6.820000171661377
2026-09-16,000620.SZ,3.1600000858306885
2026-09-16,000625.SZ,7.079999923706055
2026-09-16,000628.SZ,56.20000076293945
2026-09-16,000630.SZ,6.090000152587891
2026-09-16,000650.SZ,5.179999828338623
2026-09-16,000651.SZ,38.09999847412109
2026-09-16,000657.SZ,62.040000915527344
2026-09-16,000661.SZ,71.36000061035156
2026-09-16,000672.SZ,14.93000030517578
2026-09-16,000676.SZ,6.619999885559082
2026-09-16,000680.SZ,9.420000076293944
2026-09-16,000681.SZ,16.049999237060547
2026-09-16,000682.SZ,10.75
2026-09-16,000685.SZ,10.989999771118164
2026-09-16,000686.SZ,7.739999771118164
2026-09-16,000688.SZ,26.01000022888184
2026-09-16,000690.SZ,5.25
2026-09-16,000708.SZ,13.25
2026-09-16,000712.SZ,10.0
2026-09-16,000718.SZ,1.9299999475479128
2026-09-16,000719.SZ,12.149999618530272
2026-09-16,000725.SZ,5.449999809265137
2026-09-16,000727.SZ,2.240000009536743
2026-09-16,000735.SZ,5.800000190734863
2026-09-16,000737.SZ,14.420000076293944
2026-09-16,000756.SZ,12.729999542236328
2026-09-16,000758.SZ,6.039999961853027
2026-09-16,000761.SZ,2.2799999713897705
2026-09-16,000762.SZ,21.68000030517578
2026-09-16,000766.SZ,15.329999923706056
2026-09-16,000767.SZ,3.5299999713897705
2026-09-16,000768.SZ,22.350000381469727
2026-09-16,000776.SZ,20.309999465942383
2026-09-16,000786.SZ,15.850000381469728
2026-09-16,000791.SZ,7.380000114440918
2026-09-16,000792.SZ,24.75
2026-09-16,000795.SZ,8.170000076293945
2026-09-16,000800.SZ,5.940000057220459
2026-09-16,000801.SZ,12.029999732971191
2026-09-16,000807.SZ,27.15999984741211
2026-09-16,000810.SZ,9.630000114440918
2026-09-16,000811.SZ,37.61000061035156
2026-09-16,000813.SZ,3.200000047683716
2026-09-16,000821.SZ,7.389999866485596
2026-09-16,000828.SZ,10.149999618530272
2026-09-16,000829.SZ,8.8100004196167
2026-09-16,000837.SZ,9.489999771118164
2026-09-16,000848.SZ,8.1899995803833
2026-09-16,000858.SZ,69.26000213623047
2026-09-16,000860.SZ,10.25
2026-09-16,000875.SZ,4.940000057220459
2026-09-16,000876.SZ,7.199999809265137
2026-09-16,000881.SZ,6.400000095367432
2026-09-16,000885.SZ,11.699999809265137
2026-09-16,000895.SZ,23.270000457763672
2026-09-16,000899.SZ,9.5600004196167
2026-09-16,000901.SZ,14.289999961853027
2026-09-16,000902.SZ,13.850000381469728
2026-09-16,000913.SZ,10.789999961853027
2026-09-16,000915.SZ,24.25
2026-09-16,000917.SZ,6.730000019073486
2026-09-16,000923.SZ,16.34000015258789
2026-09-16,000927.SZ,2.5
2026-09-16,000928.SZ,5.5
2026-09-16,000930.SZ,5.010000228881836
2026-09-16,000935.SZ,20.600000381469727
2026-09-16,000938.SZ,33.97999954223633
2026-09-16,000950.SZ,5.170000076293945
2026-09-16,000963.SZ,26.26000022888184
2026-09-16,000966.SZ,4.139999866485596
2026-09-16,000968.SZ,7.019999980926514
2026-09-16,000969.SZ,17.15999984741211
2026-09-16,000970.SZ,11.34000015258789
2026-09-16,000975.SZ,26.520000457763672
2026-09-16,000977.SZ,71.1500015258789
2026-09-16,000983.SZ,6.599999904632568
2026-09-16,000990.SZ,6.46999979019165
2026-09-16,000999.SZ,23.84000015258789
2026-09-16,0012.HK,25.940000534057617
2026-09-16,001203.SZ,23.200000762939453
2026-09-16,001289.SZ,15.149999618530272
2026-09-16,001391.SZ,3.9700000286102295
2026-09-16,0016.HK,109.5999984741211
2026-09-16,001965.SZ,10.06999969482422
2026-09-16,001979.SZ,6.730000019073486
2026-09-16,002001.SZ,26.26000022888184
2026-09-16,002027.SZ,4.679999828338623
2026-09-16,002028.SZ,135.0800018310547
2026-09-16,002049.SZ,60.40999984741211
2026-09-16,002050.SZ,33.72999954223633
2026-09-16,002074.SZ,26.13999938964844
2026-09-16,002129.SZ,8.859999656677246
2026-09-16,002142.SZ,34.310001373291016
2026-09-16,002179.SZ,34.84000015258789
2026-09-16,002180.SZ,16.31999969482422
2026-09-16,002230.SZ,38.900001525878906
2026-09-16,002236.SZ,15.720000267028809
2026-09-16,002241.SZ,21.530000686645508
2026-09-16,002252.SZ,4.849999904632568
2026-09-16,002304.SZ,37.90999984741211
2026-09-16,002311.SZ,42.15999984741211
2026-09-16,002352.SZ,30.26000022888184
2026-09-16,002371.SZ,662.8900146484375
2026-09-16,002415.SZ,32.61000061035156
2026-09-16,002422.SZ,40.52000045776367
2026-09-16,002459.SZ,6.619999885559082
2026-09-16,002460.SZ,45.70000076293945
2026-09-16,002463.SZ,127.8000030517578
2026-09-16,002466.SZ,42.34999847412109
2026-09-16,002475.SZ,52.88999938964844
2026-09-16,002493.SZ,13.029999732971191
2026-09-16,002594.SZ,83.95999908447266
2026-09-16,002600.SZ,12.510000228881836
2026-09-16,002601.SZ,14.770000457763672
2026-09-16,002648.SZ,26.8700008392334
2026-09-16,0027.HK,32.36000061035156
2026-09-16,002709.SZ,33.099998474121094
2026-09-16,002714.SZ,41.08000183105469
2026-09-16,002736.SZ,9.869999885559082
2026-09-16,002916.SZ,392.5
2026-09-16,002920.SZ,81.56999969482422
2026-09-16,002938.SZ,89.80000305175781
2026-09-16,003816.SZ,4.289999961853027
2026-09-16,0101.HK,6.735000133514404
2026-09-16,0175.HK,16.110000610351562
2026-09-16,0241.HK,2.914999961853028
2026-09-16,0267.HK,12.93000030517578
2026-09-16,0285.HK,23.36000061035156
2026-09-16,0288.HK,6.534999847412109
2026-09-16,0291.HK,18.170000076293945
2026-09-16,0300.HK,98.6500015258789
2026-09-16,0316.HK,146.1999969482422
2026-09-16,0322.HK,11.729999542236328
2026-09-16,1024.HK,29.65999984741211
2026-09-16,1038.HK,64.0999984741211
2026-09-16,1044.HK,20.07999992370605
2026-09-16,1088.HK,45.2400016784668
2026-09-16,1093.HK,8.805000305175781
2026-09-16,1099.HK,15.029999732971191
2026-09-16,1109.HK,28.799999237060547
2026-09-16,1113.HK,46.27999877929688
2026-09-16,1177.HK,5.489999771118164
2026-09-16,1209.HK,38.060001373291016
2026-09-16,1211.HK,79.19999694824219
2026-09-16,1299.HK,77.0
2026-09-16,1378.HK,22.020000457763672
2026-09-16,1398.HK,7.534999847412109
2026-09-16,1810.HK,26.18000030517578
2026-09-16,1876.HK,5.835000038146973
2026-09-16,1928.HK,12.079999923706056
2026-09-16,1929.HK,11.289999961853027
2026-09-16,1997.HK,30.0
2026-09-16,2015.HK,46.47999954223633
2026-09-16,2020.HK,72.3499984741211
2026-09-16,2057.HK,160.1999969482422
2026-09-16,2269.HK,49.93999862670898
2026-09-16,2313.HK,34.47999954223633
2026-09-16,2318.HK,52.79999923706055
2026-09-16,2319.HK,17.979999542236328
2026-09-16,2331.HK,12.649999618530272
2026-09-16,2359.HK,195.1000061035156
2026-09-16,2382.HK,68.5
2026-09-16,2388.HK,51.34999847412109
2026-09-16,2618.HK,10.369999885559082
2026-09-16,2628.HK,28.540000915527344
2026-09-16,2688.HK,50.34999847412109
2026-09-16,2899.HK,34.41999816894531
2026-09-16,300014.SZ,48.43000030517578
2026-09-16,300015.SZ,8.0
2026-09-16,300033.SZ,207.6499938964844
2026-09-16,300059.SZ,18.38999938964844
2026-09-16,300122.SZ,12.329999923706056
2026-09-16,300124.SZ,51.43999862670898
2026-09-16,300274.SZ,85.18000030517578
2026-09-16,300308.SZ,907.7999877929688
2026-09-16,300316.SZ,40.93000030517578
2026-09-16,300347.SZ,56.79999923706055
2026-09-16,300394.SZ,268.489990234375
2026-09-16,300408.SZ,129.8800048828125
2026-09-16,300413.SZ,17.020000457763672
2026-09-16,300418.SZ,43.02999877929688
2026-09-16,300433.SZ,33.310001373291016
2026-09-16,300442.SZ,62.58000183105469
2026-09-16,300498.SZ,14.65999984741211
2026-09-16,300502.SZ,423.6900024414063
2026-09-16,300628.SZ,41.56999969482422
2026-09-16,300661.SZ,111.8000030517578
2026-09-16,300750.SZ,305.4800109863281
2026-09-16,300759.SZ,43.150001525878906
2026-09-16,300760.SZ,158.02999877929688
2026-09-16,300782.SZ,73.30000305175781
2026-09-16,300832.SZ,48.970001220703125
2026-09-16,300896.SZ,88.83999633789062
2026-09-16,300979.SZ,32.529998779296875
2026-09-16,300999.SZ,24.90999984741211
2026-09-16,301236.SZ,36.43999862670898
2026-09-16,301269.SZ,86.7300033569336
2026-09-16,302132.SZ,72.18000030517578
2026-09-16,600000.SS,9.100000381469728
2026-09-16,600009.SS,22.57999992370605
2026-09-16,600010.SS,2.140000104904175
2026-09-16,600011.SS,6.860000133514404
2026-09-16,600015.SS,6.320000171661377
2026-09-16,600016.SS,3.5799999237060547
2026-09-16,600018.SS,5.460000038146973
2026-09-16,600019.SS,5.769999980926514
2026-09-16,600023.SS,5.119999885559082
2026-09-16,600025.SS,9.8100004196167
2026-09-16,600026.SS,20.71999931335449
2026-09-16,600027.SS,4.889999866485596
2026-09-16,600028.SS,5.210000038146973
2026-09-16,600029.SS,4.840000152587891
2026-09-16,600030.SS,26.450000762939453
2026-09-16,600031.SS,18.18000030517578
2026-09-16,600036.SS,40.91999816894531
2026-09-16,600039.SS,8.829999923706055
2026-09-16,600048.SS,5.010000228881836
2026-09-16,600050.SS,4.170000076293945
2026-09-16,600061.SS,6.230000019073486
2026-09-16,600066.SS,26.6200008392334
2026-09-16,600085.SS,23.15999984741211
2026-09-16,600089.SS,18.1200008392334
2026-09-16,600104.SS,11.300000190734863
2026-09-16,600111.SS,37.4900016784668
2026-09-16,600115.SS,3.3299999237060547
2026-09-16,600150.SS,37.790000915527344
2026-09-16,600160.SS,35.619998931884766
2026-09-16,600161.SS,12.029999732971191
2026-09-16,600176.SS,47.38999938964844
2026-09-16,600183.SS,154.47999572753906
2026-09-16,600188.SS,20.11000061035156
2026-09-16,600196.SS,21.76000022888184
2026-09-16,600219.SS,4.71999979019165
2026-09-16,600233.SS,16.940000534057617
2026-09-16,600276.SS,43.52000045776367
2026-09-16,600309.SS,70.77999877929688
2026-09-16,600332.SS,19.450000762939453
2026-09-16,600346.SS,16.530000686645508
2026-09-16,600362.SS,44.09999847412109
2026-09-16,600372.SS,11.390000343322754
2026-09-16,600377.SS,12.800000190734863
2026-09-16,600406.SS,22.020000457763672
2026-09-16,600415.SS,11.470000267028809
2026-09-16,600426.SS,19.729999542236328
2026-09-16,600436.SS,116.5999984741211
2026-09-16,600438.SS,11.210000038146973
2026-09-16,600460.SS,31.34000015258789
2026-09-16,600482.SS,32.060001373291016
2026-09-16,600489.SS,25.21999931335449
2026-09-16,600515.SS,2.700000047683716
2026-09-16,A,153.69000244140625
2026-09-16,A2A.MI,2.351999998092652
2026-09-16,AAF.L,346.20001220703125
2026-09-16,AAL.L,3913.0
2026-09-16,AAPL,332.4100036621094
2026-09-16,ABBV,262.510009765625
2026-09-16,ABF.L,1839.0
2026-09-16,ABNB,167.50999450683594
2026-09-16,ABT,102.36000061035156
2026-09-16,ACGL,96.97000122070312
2026-09-16,ACN,189.63999938964844
2026-09-16,ADBE,250.5
2026-09-16,ADI,362.0400085449219
2026-09-16,ADM,85.0
2026-09-16,ADM.L,3862.0
2026-09-16,ADP,273.19000244140625
2026-09-16,ADS.DE,144.64999389648438
2026-09-16,ADSK,220.3099975585937
2026-09-16,AEE,103.04000091552734
2026-09-16,AEP,120.69000244140624
2026-09-16,AES,14.8100004196167
2026-09-16,AFL,116.80999755859376
2026-09-16,AIG,76.06999969482422
2026-09-16,AIR.DE,196.5800018310547
2026-09-16,AIZ,283.5599975585937
2026-09-16,AJG,243.77999877929688
2026-09-16,AKAM,104.4800033569336
2026-09-16,ALB,109.47000122070312
2026-09-16,ALGN,150.4499969482422
2026-09-16,ALL,254.8500061035156
2026-09-16,ALLE,152.80999755859375
2026-09-16,ALV.DE,449.2000122070313
2026-09-16,ALW.L,1347.0
2026-09-16,AMAT,415.3800048828125
2026-09-16,AMCR,41.970001220703125
2026-09-16,AMD,512.5
2026-09-16,AME,232.19000244140625
2026-09-16,AMGN,376.3500061035156
2026-09-16,AMP,540.8599853515625
2026-09-16,AMP.MI,11.505000114440918
2026-09-16,AMT,176.38999938964844
2026-09-16,AMZN,245.9600067138672
2026-09-16,ANET,197.5399932861328
2026-09-16,ANTO.L,3594.0
2026-09-16,AON,300.57000732421875
2026-09-16,AOS,56.88999938964844
2026-09-16,APA,44.790000915527344
2026-09-16,APD,287.0799865722656
2026-09-16,APH,77.26000213623047
2026-09-16,APO,124.52999877929688
2026-09-16,APP,326.5599975585937
2026-09-16,APTV,43.34000015258789
2026-09-16,ARE,53.52000045776367
2026-09-16,ARM,243.97999572753903
2026-09-16,ASML,1602.219970703125
2026-09-16,ATO,161.9600067138672
2026-09-16,AUTO.L,499.6000061035156
2026-09-16,AVGO,339.510009765625
2026-09-16,AVY,172.27999877929688
2026-09-16,AWK,137.75999450683594
2026-09-16,AXON,468.4200134277344
2026-09-16,AXP,312.42999267578125
2026-09-16,AZM.MI,38.90999984741211
2026-09-16,AZN,162.88999938964844
2026-09-16,AZN.L,12136.0
2026-09-16,AZO,2849.0400390625
2026-09-16,BA,201.9600067138672
2026-09-16,BAB.L,1021.5
2026-09-16,BAC,57.900001525878906
2026-09-16,BALL,61.2599983215332
2026-09-16,BAMI.MI,16.094999313354492
2026-09-16,BARC.L,475.3500061035156
2026-09-16,BAS.DE,52.130001068115234
2026-09-16,BATS.L,4191.0
2026-09-16,BAX,23.530000686645508
2026-09-16,BAYN.DE,48.97999954223633
2026-09-16,BBY,92.4499969482422
2026-09-16,BDX,181.8500061035156
2026-09-16,BEI.DE,74.68000030517578
2026-09-16,BEN,32.720001220703125
2026-09-16,BEZ.L,1304.0
2026-09-16,BFF.MI,3.0420000553131104
2026-09-16,BG,117.12999725341795
2026-09-16,BIIB,216.009994506836
2026-09-16,BKG.L,3366.0
2026-09-16,BKNG,171.39999389648438
2026-09-16,BKR,56.31999969482422
2026-09-16,BLDR,59.650001525878906
2026-09-16,BLK,1037.239990234375
2026-09-16,BMED.MI,23.13999938964844
2026-09-16,BMPS.MI,11.791999816894531
2026-09-16,BMW.DE,62.13999938964844
2026-09-16,BMY,63.59999847412109
2026-09-16,BNR.DE,61.63999938964844
2026-09-16,BNZL.L,2600.0
2026-09-16,BPE.MI,14.3100004196167
2026-09-16,BR,167.08999633789062
2026-09-16,BRBY.L,1009.0
2026-09-16,BRO,65.87999725341797
2026-09-16,BSX,43.90999984741211
2026-09-16,BTRW.L,308.79998779296875
2026-09-16,BX,123.4499969482422
2026-09-16,BXP,64.04000091552734
2026-09-16,BZU.MI,38.47999954223633
2026-09-16,C,132.9499969482422
2026-09-16,CAG,15.18000030517578
2026-09-16,CAH,232.5399932861328
2026-09-16,CARR,54.2599983215332
2026-09-16,CAT,782.719970703125
2026-09-16,CB,341.5299987792969
2026-09-16,CBK.DE,41.45000076293945
2026-09-16,CBOE,270.42999267578125
2026-09-16,CBRE,138.55999755859375
2026-09-16,CCEP,102.7300033569336
2026-09-16,CCEP.L,7700.0
2026-09-16,CCH.L,4584.0
2026-09-16,CCI,73.22000122070312
2026-09-16,CCL,22.350000381469727
2026-09-16,CDNS,279.8999938964844
2026-09-16,CDW,149.9600067138672
2026-09-16,CEG,259.5299987792969
2026-09-16,CF,131.99000549316406
2026-09-16,CFG,66.83999633789062
2026-09-16,CHD,95.51000213623048
2026-09-16,CHRW,153.47000122070312
2026-09-16,CHTR,135.0
2026-09-16,CI,280.45001220703125
2026-09-16,CINF,170.77000427246094
2026-09-16,CL,87.0199966430664
2026-09-16,CLX,84.86000061035156
2026-09-16,CMCSA,23.729999542236328
2026-09-16,CME,272.4599914550781
2026-09-16,CMG,33.68000030517578
2026-09-16,CMI,527.5
2026-09-16,CMS,65.98999786376953
2026-09-16,CNA.L,152.39999389648438
2026-09-16,CNC,66.01000213623047
2026-09-16,CNP,38.33000183105469
2026-09-16,COF,203.19000244140625
2026-09-16,COIN,164.50999450683594
2026-09-16,CON.DE,69.86000061035156
2026-09-16,COO,54.61000061035156
2026-09-16,COP,132.5399932861328
2026-09-16,COR,318.5
2026-09-16,COST,893.739990234375
2026-09-16,CPAY,402.2699890136719
2026-09-16,CPB,21.38999938964844
2026-09-16,CPG.L,30.90999984741211
2026-09-16,CPR.MI,6.021999835968018
2026-09-16,CPRT,30.81999969482422
2026-09-16,CPT,101.3000030517578
2026-09-16,CRDA.L,3150.0
2026-09-16,CRL,273.4100036621094
2026-09-16,CRM,250.5399932861328
2026-09-16,CRWD,241.3600006103516
2026-09-16,CSCO,107.73999786376952
2026-09-16,CSGP,30.36000061035156
2026-09-16,CSX,47.900001525878906
2026-09-16,CTAS,199.4600067138672
2026-09-16,CTEC.L,216.1999969482422
2026-09-16,CTSH,61.84999847412109
2026-09-16,CTVA,81.01000213623047
2026-09-16,CVS,91.72000122070312
2026-09-16,CVX,211.5399932861328
2026-09-16,D,63.5099983215332
2026-09-16,DAL,77.87000274658203
2026-09-16,DASH,196.759994506836
2026-09-16,DB1.DE,277.20001220703125
2026-09-16,DBK.DE,33.630001068115234
2026-09-16,DCC.L,6330.0
2026-09-16,DD,127.56999969482422
2026-09-16,DDOG,230.7899932861328
2026-09-16,DE,669.469970703125
2026-09-16,DECK,77.95999908447266
2026-09-16,DELL,563.2899780273438
2026-09-16,DG,123.01000213623048
2026-09-16,DGE.L,1623.0
2026-09-16,DGX,247.0800018310547
2026-09-16,DHI,138.32000732421875
2026-09-16,DHL.DE,55.7599983215332
2026-09-16,DHR,208.3600006103516
2026-09-16,DIA.MI,75.27999877929688
2026-09-16,DIS,106.98999786376952
2026-09-16,DLR,181.07000732421875
2026-09-16,DLTR,112.4000015258789
2026-09-16,DOC,20.350000381469727
2026-09-16,DOV,188.3600006103516
2026-09-16,DOW,30.07999992370605
2026-09-16,DPLM.L,7170.0
2026-09-16,DPZ,301.29998779296875
2026-09-16,DRI,208.0800018310547
2026-09-16,DTE,130.6999969482422
2026-09-16,DTE.DE,28.84000015258789
2026-09-16,DTG.DE,43.560001373291016
2026-09-16,DUK,117.76000213623048
2026-09-16,DVA,193.8600006103516
2026-09-16,DVN,48.43999862670898
2026-09-16,DXCM,87.33999633789062
2026-09-16,EBAY,109.16999816894533
2026-09-16,ECL,274.0799865722656
2026-09-16,ED,105.41999816894533
2026-09-16,EDV.L,4510.0
2026-09-16,EFX,163.8000030517578
2026-09-16,EG,377.7699890136719
2026-09-16,EIX,54.810001373291016
2026-09-16,EL,95.5999984741211
2026-09-16,ELV,412.55999755859375
2026-09-16,EME,739.4600219726562
2026-09-16,EMR,145.8300018310547
2026-09-16,ENEL.MI,8.89799976348877
2026-09-16,ENI.MI,24.23500061035156
2026-09-16,ENR.DE,137.1199951171875
2026-09-16,ENT.L,499.7999877929688
2026-09-16,EOAN.DE,17.665000915527344
2026-09-16,EOG,144.92999267578125
2026-09-16,EPAM,117.16999816894533
2026-09-16,EQIX,1016.1599731445312
2026-09-16,EQT,50.40999984741211
2026-09-16,ERG.MI,22.040000915527344
2026-09-16,ERIE,245.5800018310547
2026-09-16,ES,67.86000061035156
2026-09-16,ESS,271.3399963378906
2026-09-16,ETN,397.7999877929688
2026-09-16,ETR,102.31999969482422
2026-09-16,EVRG,80.38999938964844
2026-09-16,EW,89.27999877929688
2026-09-16,EXC,42.43999862670898
2026-09-16,EXE,88.73999786376953
2026-09-16,EXPD,189.0399932861328
2026-09-16,EXPE,286.9700012207031
2026-09-16,EXPN.L,2784.0
2026-09-16,EXR,136.42999267578125
2026-09-16,EZJ.L,668.0
2026-09-16,F,13.350000381469728
2026-09-16,FANG,194.5399932861328
2026-09-16,FAST,49.02999877929688
2026-09-16,FCIT.L,338.79998779296875
2026-09-16,FCX,69.23999786376953
2026-09-16,FDS,276.4100036621094
2026-09-16,FDX,301.7200012207031
2026-09-16,FE,45.380001068115234
2026-09-16,FFIV,423.5899963378906
2026-09-16,FICO,991.3499755859376
2026-09-16,FIS,36.84999847412109
2026-09-16,FISV,49.45000076293945
2026-09-16,FITB,52.40999984741211
2026-09-16,FME.DE,40.02999877929688
2026-09-16,FOX,59.150001525878906
2026-09-16,FOXA,66.16000366210938
2026-09-16,FRE.DE,46.13999938964844
2026-09-16,FRES.L,2915.0
2026-09-16,FRT,112.41999816894533
2026-09-16,FSLR,191.07000732421875
2026-09-16,FTNT,171.77000427246094
2026-09-16,FTV,55.29999923706055
2026-09-16,G.MI,45.880001068115234
2026-09-16,G1A.DE,64.5999984741211
2026-09-16,G24.DE,74.69999694824219
2026-09-16,GAW.L,17720.0
2026-09-16,GD,360.0
2026-09-16,GDDY,99.08999633789062
2026-09-16,GE,312.8999938964844
2026-09-16,GEHC,63.4900016784668
2026-09-16,GEN,30.64999961853028
2026-09-16,GEV,925.0900268554688
2026-09-16,GFS,43.02999877929688
2026-09-16,GILD,147.67999267578125
2026-09-16,GIS,36.810001373291016
2026-09-16,GL,172.97999572753906
2026-09-16,GLEN.L,570.9000244140625
2026-09-16,GLW,144.16000366210938
2026-09-16,GM,84.29000091552734
2026-09-16,GNRC,175.11000061035156
2026-09-16,GOOG,339.3599853515625
2026-09-16,GOOGL,342.8699951171875
2026-09-16,GPC,130.52000427246094
2026-09-16,GPN,86.48999786376953
2026-09-16,GRMN,276.92999267578125
2026-09-16,GS,937.97998046875
2026-09-16,GSK.L,1865.5
2026-09-16,GWW,1258.260009765625
2026-09-16,HAL,34.5099983215332
2026-09-16,HAS,89.30000305175781
2026-09-16,HBAN,15.81999969482422
2026-09-16,HCA,430.4299926757813
2026-09-16,HD,302.4700012207031
2026-09-16,HEI.DE,149.8000030517578
2026-09-16,HEN3.DE,73.80000305175781
2026-09-16,HER.MI,3.640000104904175
2026-09-16,HIG,134.94000244140625
2026-09-16,HII,278.0899963378906
2026-09-16,HIK.L,1565.0
2026-09-16,HLMA.L,3460.0
2026-09-16,HLN.L,339.79998779296875
2026-09-16,HLT,305.6300048828125
2026-09-16,HNR1.DE,255.8000030517578
2026-09-16,HON,207.6600036621093
2026-09-16,HOOD,104.41999816894533
2026-09-16,HPE,56.68000030517578
2026-09-16,HPQ,32.70000076293945
2026-09-16,HRL,20.780000686645508
2026-09-16,HSBA.L,1507.800048828125
2026-09-16,HSIC,86.7699966430664
2026-09-16,HST,21.76000022888184
2026-09-16,HSX.L,1894.0
2026-09-16,HSY,170.7899932861328
2026-09-16,HUBB,439.0700073242188
2026-09-16,HUM,384.7200012207031
2026-09-16,HWDN.L,759.5
2026-09-16,HWM,227.72999572753903
2026-09-16,IAG.L,418.2000122070313
2026-09-16,IBKR,86.73999786376953
2026-09-16,IBM,237.4900054931641
2026-09-16,ICE,154.10000610351562
2026-09-16,ICG.L,1872.0
2026-09-16,IDXX,513.6199951171875
2026-09-16,IEX,221.5
2026-09-16,IFF,84.4000015258789
2026-09-16,IFX.DE,55.0
2026-09-16,IG.MI,8.369999885559082
2026-09-16,IHG.L,153.5500030517578
2026-09-16,III.L,2668.0
2026-09-16,IMB.L,2490.0
2026-09-16,IMI.L,3046.0
2026-09-16,INCY,124.75
2026-09-16,INF.L,886.5999755859375
2026-09-16,INTC,101.0500030517578
2026-09-16,INTU,318.1300048828125
2026-09-16,INVH,27.209999084472656
2026-09-16,INW.MI,6.590000152587891
2026-09-16,IP,34.060001373291016
2026-09-16,IP.MI,34.65999984741211
2026-09-16,IQV,268.82000732421875
2026-09-16,IR,71.44000244140625
2026-09-16,IRM,112.1500015258789
2026-09-16,ISP.MI,6.73799991607666
2026-09-16,ISRG,382.2900085449219
2026-09-16,IT,191.57000732421875
2026-09-16,ITRK.L,5880.0
2026-09-16,ITW,267.3299865722656
2026-09-16,IVZ,30.07999992370605
2026-09-16,J,143.49000549316406
2026-09-16,JBHT,236.72999572753903
2026-09-16,JBL,297.239990234375
2026-09-16,JCI,140.47000122070312
2026-09-16,JKHY,158.97999572753906
2026-09-16,JNJ,267.2799987792969
2026-09-16,JPM,348.9200134277344
2026-09-16,KDP,31.799999237060547
2026-09-16,KEY,20.71999931335449
2026-09-16,KEYS,322.0400085449219
2026-09-16,KGF.L,300.6000061035156
2026-09-16,KHC,24.729999542236328
2026-09-16,KIM,22.59000015258789
2026-09-16,KKR,96.83999633789062
2026-09-16,KLAC,167.36000061035156
2026-09-16,KMB,98.0999984741211
2026-09-16,KMI,30.729999542236328
2026-09-16,KO,87.87000274658203
2026-09-16,KR,61.13999938964844
2026-09-16,KVUE,17.829999923706055
2026-09-16,L,108.79000091552734
2026-09-16,LAND.L,636.0
2026-09-16,LDO.MI,50.41999816894531
2026-09-16,LDOS,129.35000610351562
2026-09-16,LEN,78.36000061035156
2026-09-16,LGEN.L,300.6000061035156
2026-09-16,LH,324.510009765625
2026-09-16,LHX,250.7400054931641
2026-09-16,LII,361.0400085449219
2026-09-16,LIN,462.0899963378906
2026-09-16,LKQ,23.0
2026-09-16,LLOY.L,111.25
2026-09-16,LLY,1137.8199462890625
2026-09-16,LMP.L,179.8000030517578
2026-09-16,LMT,537.25
2026-09-16,LNT,66.11000061035156
2026-09-16,LOW,194.1000061035156
2026-09-16,LRCX,269.2300109863281
2026-09-16,LSEG.L,8150.0
2026-09-16,LULU,95.9800033569336
2026-09-16,LUV,39.150001525878906
2026-09-16,LVS,41.060001373291016
2026-09-16,LW,47.52999877929688
2026-09-16,LYB,64.9000015258789
2026-09-16,LYV,171.1300048828125
2026-09-16,MA,567.75
2026-09-16,MAA,121.9000015258789
2026-09-16,MAR,334.9700012207031
2026-09-16,MAS,68.27999877929688
2026-09-16,MB.MI,28.489999771118164
2026-09-16,MBG.DE,45.3650016784668
2026-09-16,MCD,248.5599975585937
2026-09-16,MCHP,69.58999633789062
2026-09-16,MCK,887.2899780273438
2026-09-16,MCO,465.2999877929688
2026-09-16,MDLZ,62.36000061035156
2026-09-16,MDT,92.5999984741211
2026-09-16,MELI,1839.7099609375
2026-09-16,MET,97.2300033569336
2026-09-16,META,673.3099975585938
2026-09-16,MGM,38.38999938964844
2026-09-16,MHK,127.6999969482422
2026-09-16,MKC,50.060001373291016
2026-09-16,MKS.L,371.1000061035156
2026-09-16,MLM,496.760009765625
2026-09-16,MMM,162.64999389648438
2026-09-16,MNDI.L,838.0
2026-09-16,MNG.L,336.70001220703125
2026-09-16,MNST,44.56999969482422
2026-09-16,MO,70.0999984741211
2026-09-16,MOH,202.22000122070312
2026-09-16,MONC.MI,43.75
2026-09-16,MOS,24.790000915527344
2026-09-16,MPC,413.9200134277344
2026-09-16,MPWR,1147.6099853515625
2026-09-16,MRK,144.91000366210938
2026-09-16,MRK.DE,131.6999969482422
2026-09-16,MRNA,145.6199951171875
2026-09-16,MRO.L,479.2999877929688
2026-09-16,MRVL,229.7100067138672
2026-09-16,MS,202.4199981689453
2026-09-16,MSCI,540.6099853515625
2026-09-16,MSFT,490.2999877929688
2026-09-16,MSI,460.5299987792969
2026-09-16,MSTR,126.18000030517578
2026-09-16,MTB,226.009994506836
2026-09-16,MTCH,43.58000183105469
2026-09-16,MTD,1378.68994140625
2026-09-16,MTLN.L,45.7400016784668
2026-09-16,MTX.DE,338.79998779296875
2026-09-16,MU,926.5499877929688
2026-09-16,MUV2.DE,511.6000061035156
2026-09-16,NCLH,14.529999732971191
2026-09-16,NDAQ,88.76000213623047
2026-09-16,NDSN,309.0199890136719
2026-09-16,NEE,80.37000274658203
2026-09-16,NEM,121.76000213623048
2026-09-16,NEXI.MI,4.163000106811523
2026-09-16,NFLX,76.41000366210938
2026-09-16,NI,40.65999984741211
2026-09-16,NKE,35.779998779296875
2026-09-16,NOC,530.780029296875
2026-09-16,NOW,139.82000732421875
2026-09-16,NRG,107.37999725341795
2026-09-16,NSC,317.0
2026-09-16,NTAP,191.4900054931641
2026-09-16,NTRS,176.63999938964844
2026-09-16,NUE,260.67999267578125
2026-09-16,NVDA,213.8999938964844
2026-09-16,NVR,6186.43017578125
2026-09-16,NWG.L,702.2000122070312
2026-09-16,NWS,33.439998626708984
2026-09-16,NWSA,30.190000534057617
2026-09-16,NXPI,218.97999572753903
2026-09-16,NXT.L,14560.0
2026-09-16,O,57.150001525878906
2026-09-16,ODFL,174.36000061035156
2026-09-16,OKE,92.6999969482422
2026-09-16,OMC,79.33000183105469
2026-09-16,ON,66.5999984741211
2026-09-16,ORCL,143.16000366210938
2026-09-16,ORLY,83.68000030517578
2026-09-16,OTIS,69.25
2026-09-16,OXY,59.36000061035156
2026-09-16,PAH3.DE,28.729999542236328
2026-09-16,PANW,375.6499938964844
2026-09-16,PAYC,227.58999633789065
2026-09-16,PAYX,116.72000122070312
2026-09-16,PCAR,118.22000122070312
2026-09-16,PCG,13.350000381469728
2026-09-16,PCT.L,643.5
2026-09-16,PDD,78.76000213623047
2026-09-16,PEG,70.38999938964844
2026-09-16,PEP,134.33999633789062
2026-09-16,PFE,27.459999084472656
2026-09-16,PFG,116.63999938964844
2026-09-16,PG,147.02000427246094
2026-09-16,PGR,216.9900054931641
2026-09-16,PH,918.75
2026-09-16,PHM,117.5500030517578
2026-09-16,PKG,231.4499969482422
2026-09-16,PLD,133.74000549316406
2026-09-16,PLTR,174.33999633789062
2026-09-16,PM,191.7100067138672
2026-09-16,PNC,231.4900054931641
2026-09-16,PNR,56.459999084472656
2026-09-16,PNW,94.98999786376952
2026-09-16,PODD,140.60000610351562
2026-09-16,POOL,167.75999450683594
2026-09-16,PPG,104.9800033569336
2026-09-16,PPL,33.40999984741211
2026-09-16,PRU,117.04000091552734
2026-09-16,PRU.L,981.0
2026-09-16,PRY.MI,122.1999969482422
2026-09-16,PSA,294.67999267578125
2026-09-16,PSH.L,3738.0
2026-09-16,PSKY,11.135000228881836
2026-09-16,PSN.L,1162.0
2026-09-16,PSON.L,1188.0
2026-09-16,PST.MI,26.18000030517578
2026-09-16,PSX,264.6300048828125
2026-09-16,PTC,131.16000366210938
2026-09-16,PWR,619.280029296875
2026-09-16,PYPL,52.709999084472656
2026-09-16,Q,114.86000061035156
2026-09-16,QCOM,184.83999633789065
2026-09-16,QIA.DE,37.19499969482422
2026-09-16,RACE.MI,356.95001220703125
2026-09-16,RCL,253.9199981689453
2026-09-16,REC.MI,52.75
2026-09-16,REG,73.26000213623047
2026-09-16,REGN,774.6099853515625
2026-09-16,REL.L,2543.0
2026-09-16,RF,28.46999931335449
2026-09-16,RHM.DE,1013.0
2026-09-16,RIO.L,7202.0
2026-09-16,RJF,164.57000732421875
2026-09-16,RKT.L,5056.0
2026-09-16,RL,338.3599853515625
2026-09-16,RMD,228.25
2026-09-16,RMV.L,501.3999938964844
2026-09-16,ROK,414.9200134277344
2026-09-16,ROL,33.529998779296875
2026-09-16,ROP,375.8200073242188
2026-09-16,ROST,224.8000030517578
2026-09-16,RSG,219.8000030517578
2026-09-16,RTO.L,328.0
2026-09-16,RTX,196.8300018310547
2026-09-16,RVTY,145.72999572753906
2026-09-16,RWE.DE,59.91999816894531
2026-09-16,SAP.DE,186.5599975585937
2026-09-16,SBAC,180.02000427246094
2026-09-16,SBRY.L,335.29998779296875
2026-09-16,SBUX,97.33999633789062
2026-09-16,SCHW,105.16000366210938
2026-09-16,SDR.L,587.5
2026-09-16,SFER.MI,8.329999923706055
2026-09-16,SGE.L,1011.5
2026-09-16,SGRO.L,942.0
2026-09-16,SHEL.L,3576.5
2026-09-16,SHL.DE,38.36000061035156
2026-09-16,SHOP,129.9600067138672
2026-09-16,SHW,321.4599914550781
2026-09-16,SIE.DE,260.5
2026-09-16,SJM,123.55999755859376
2026-09-16,SLB,52.29999923706055
2026-09-16,SMCI,36.84999847412109
2026-09-16,SMIN.L,2557.0
2026-09-16,SMT.L,1478.0
2026-09-16,SNA,372.9800109863281
2026-09-16,SNDK,1519.969970703125
2026-09-16,SNPS,378.4700012207031
2026-09-16,SO,86.2300033569336
2026-09-16,SOLS,58.47999954223633
2026-09-16,SOLV,88.83000183105469
2026-09-16,SPG,202.94000244140625
2026-09-16,SPGI,406.760009765625
2026-09-16,SPM.MI,4.281000137329102
2026-09-16,SPX.L,6855.0
2026-09-16,SRE,81.69999694824219
2026-09-16,SRG.MI,5.546000003814697
2026-09-16,SSE.L,2401.0
2026-09-16,STAN.L,2287.0
2026-09-16,STE,209.8999938964844
2026-09-16,STJ.L,1085.0
2026-09-16,STLD,238.22999572753903
2026-09-16,STT,182.8999938964844
2026-09-16,STX,783.1799926757812
2026-09-16,STZ,123.02999877929688
2026-09-16,SVT.L,3008.0
2026-09-16,SW,44.58000183105469
2026-09-16,SWK,89.05000305175781
2026-09-16,SWKS,85.58999633789062
2026-09-16,SY1.DE,91.45999908447266
2026-09-16,SYF,74.87999725341797
2026-09-16,SYK,284.760009765625
2026-09-16,SYY,78.70999908447266
2026-09-16,T,25.86000061035156
2026-09-16,TAP,39.11000061035156
2026-09-16,TDG,1080.1099853515625
2026-09-16,TDY,601.0999755859375
2026-09-16,TEAM,190.27999877929688
2026-09-16,TECH,72.33000183105469
2026-09-16,TEL,202.1999969482422
2026-09-16,TEN.MI,24.700000762939453
2026-09-16,TER,341.1499938964844
2026-09-16,TFC,48.43999862670898
2026-09-16,TGT,154.67999267578125
2026-09-16,TIT.MI,7.646999835968018
2026-09-16,TJX,122.83999633789062
2026-09-16,TKO,192.42999267578125
2026-09-16,TMO,648.4299926757812
2026-09-16,TMUS,176.25999450683594
2026-09-16,TPL,348.57000732421875
2026-09-16,TPR,117.94000244140624
2026-09-16,TRGP,284.7699890136719
2026-09-16,TRI,101.30999755859376
2026-09-16,TRMB,57.31999969482422
2026-09-16,TRN.MI,9.265999794006348
2026-09-16,TROW,102.4000015258789
2026-09-16,TRV,378.9200134277344
2026-09-16,TSCO,32.779998779296875
2026-09-16,TSCO.L,476.2000122070313
2026-09-16,TSLA,358.0799865722656
2026-09-16,TSN,52.119998931884766
2026-09-16,TT,421.6799926757813
2026-09-16,TTD,14.489999771118164
2026-09-16,TTWO,211.8099975585937
2026-09-16,TXN,260.6700134277344
2026-09-16,TXT,80.70999908447266
2026-09-16,TYL,346.44000244140625
2026-09-16,UAL,106.3000030517578
2026-09-16,UBER,70.97000122070312
2026-09-16,UCG.MI,82.91999816894531
2026-09-16,UDR,34.400001525878906
2026-09-16,UHS,181.2100067138672
2026-09-16,ULTA,530.52001953125
2026-09-16,ULVR.L,4640.0
2026-09-16,UNH,375.260009765625
2026-09-16,UNI.MI,28.229999542236328
2026-09-16,UNP,280.9200134277344
2026-09-16,UPS,98.7699966430664
2026-09-16,URI,1006.25
2026-09-16,USB,59.72999954223633
2026-09-16,V,370.9299926757813
2026-09-16,VICI,24.530000686645508
2026-09-16,VLO,403.2799987792969
2026-09-16,VLTO,95.75
2026-09-16,VMC,244.3000030517578
2026-09-16,VNA.DE,17.885000228881836
2026-09-16,VOD.L,131.39999389648438
2026-09-16,VOW3.DE,78.87999725341797
2026-09-16,VRSK,181.75
2026-09-16,VRSN,298.4599914550781
2026-09-16,VRTX,513.260009765625
2026-09-16,VST,140.38999938964844
2026-09-16,VTR,88.20999908447266
2026-09-16,VTRS,17.020000457763672
2026-09-16,VZ,49.7599983215332
2026-09-16,WAB,276.3699951171875
2026-09-16,WAT,418.6400146484375
2026-09-16,WBD,28.06999969482422
2026-09-16,WDAY,187.759994506836
2026-09-16,WDC,416.9700012207031
2026-09-16,WEC,103.37999725341795
2026-09-16,WEIR.L,2638.0
2026-09-16,WELL,234.5
2026-09-16,WFC,87.05000305175781
2026-09-16,WM,214.0
2026-09-16,WMB,70.9000015258789
2026-09-16,WMT,107.5
2026-09-16,WPP.L,381.2000122070313
2026-09-16,WRB,69.94999694824219
2026-09-16,WSM,218.1999969482422
2026-09-16,WST,362.010009765625
2026-09-16,WTB.L,2341.0
2026-09-16,WTW,312.9100036621094
2026-09-16,WY,21.809999465942383
2026-09-16,WYNN,84.2249984741211
2026-09-16,XEL,72.70999908447266
2026-09-16,XOM,163.32000732421875
2026-09-16,XYL,107.2699966430664
2026-09-16,XYZ,76.62999725341797
2026-09-16,YUM,137.9600067138672
2026-09-16,ZAL.DE,21.479999542236328
2026-09-16,ZBH,96.77999877929688
2026-09-16,ZBRA,341.17999267578125
2026-09-16,ZS,191.5800018310547
2026-09-16,ZTS,73.0
2026-09-17,000001.SZ,11.609999656677246
2026-09-17,000002.SZ,3.0199999809265137
2026-09-17,000012.SZ,3.75
2026-09-17,000019.SZ,6.880000114440918
2026-09-17,000025.SZ,14.520000457763672
2026-09-17,000028.SZ,19.770000457763672
2026-09-17,000029.SZ,21.1299991607666
2026-09-17,000030.SZ,3.9700000286102295
2026-09-17,000035.SZ,4.75
2026-09-17,000048.SZ,19.43000030517578
2026-09-17,000049.SZ,22.200000762939453
2026-09-17,000058.SZ,6.960000038146973
2026-09-17,000059.SZ,5.409999847412109
2026-09-17,000061.SZ,6.019999980926514
2026-09-17,000063.SZ,31.8700008392334
2026-09-17,000065.SZ,9.630000114440918
2026-09-17,000088.SZ,4.550000190734863
2026-09-17,000089.SZ,6.460000038146973
2026-09-17,000090.SZ,3.4800000190734863
2026-09-17,000099.SZ,12.869999885559082
2026-09-17,0001.HK,67.55000305175781
2026-09-17,000100.SZ,4.829999923706055
2026-09-17,000156.SZ,6.949999809265137
2026-09-17,000157.SZ,6.159999847412109
2026-09-17,000166.SZ,4.369999885559082
2026-09-17,0002.HK,77.1500015258789
2026-09-17,000301.SZ,13.420000076293944
2026-09-17,000333.SZ,85.04000091552734
2026-09-17,000338.SZ,26.64999961853028
2026-09-17,000408.SZ,70.94999694824219
2026-09-17,000420.SZ,3.490000009536743
2026-09-17,000422.SZ,11.779999732971191
2026-09-17,000425.SZ,7.539999961853027
2026-09-17,000498.SZ,4.940000057220459
2026-09-17,000503.SZ,6.699999809265137
2026-09-17,000517.SZ,2.009999990463257
2026-09-17,000538.SZ,51.38999938964844
2026-09-17,000544.SZ,7.260000228881836
2026-09-17,000550.SZ,17.34000015258789
2026-09-17,000552.SZ,2.4800000190734863
2026-09-17,000555.SZ,10.300000190734863
2026-09-17,000557.SZ,3.690000057220459
2026-09-17,000567.SZ,5.989999771118164
2026-09-17,000568.SZ,71.6500015258789
2026-09-17,000581.SZ,18.15999984741211
2026-09-17,000589.SZ,4.230000019073486
2026-09-17,000596.SZ,92.5
2026-09-17,000597.SZ,4.670000076293945
2026-09-17,000600.SZ,7.210000038146973
2026-09-17,000603.SZ,32.83000183105469
2026-09-17,000612.SZ,11.34000015258789
2026-09-17,000617.SZ,6.809999942779541
2026-09-17,000620.SZ,3.150000095367432
2026-09-17,000625.SZ,7.150000095367432
2026-09-17,000628.SZ,56.18999862670898
2026-09-17,000630.SZ,6.019999980926514
2026-09-17,000650.SZ,5.179999828338623
2026-09-17,000651.SZ,37.97999954223633
2026-09-17,000657.SZ,60.900001525878906
2026-09-17,000661.SZ,72.33000183105469
2026-09-17,000672.SZ,14.920000076293944
2026-09-17,000676.SZ,6.769999980926514
2026-09-17,000680.SZ,9.25
2026-09-17,000681.SZ,16.18000030517578
2026-09-17,000682.SZ,10.6899995803833
2026-09-17,000685.SZ,10.789999961853027
2026-09-17,000686.SZ,7.659999847412109
2026-09-17,000688.SZ,26.049999237060547
2026-09-17,000690.SZ,5.179999828338623
2026-09-17,000708.SZ,13.100000381469728
2026-09-17,000712.SZ,9.920000076293944
2026-09-17,000718.SZ,1.940000057220459
2026-09-17,000719.SZ,12.039999961853027
2026-09-17,000725.SZ,5.75
2026-09-17,000727.SZ,2.240000009536743
2026-09-17,000735.SZ,5.940000057220459
2026-09-17,000737.SZ,14.0600004196167
2026-09-17,000756.SZ,12.760000228881836
2026-09-17,000758.SZ,5.900000095367432
2026-09-17,000761.SZ,2.25
2026-09-17,000762.SZ,21.65999984741211
2026-09-17,000766.SZ,15.619999885559082
2026-09-17,000767.SZ,3.430000066757202
2026-09-17,000768.SZ,22.21999931335449
2026-09-17,000776.SZ,20.020000457763672
2026-09-17,000786.SZ,15.710000038146973
2026-09-17,000791.SZ,7.150000095367432
2026-09-17,000792.SZ,24.989999771118164
2026-09-17,000795.SZ,8.130000114440918
2026-09-17,000800.SZ,5.96999979019165
2026-09-17,000801.SZ,12.220000267028809
2026-09-17,000807.SZ,26.90999984741211
2026-09-17,000810.SZ,9.600000381469728
2026-09-17,000811.SZ,38.65999984741211
2026-09-17,000813.SZ,3.2100000381469727
2026-09-17,000821.SZ,7.389999866485596
2026-09-17,000828.SZ,10.140000343322754
2026-09-17,000829.SZ,8.880000114440918
2026-09-17,000837.SZ,9.56999969482422
2026-09-17,000848.SZ,8.109999656677246
2026-09-17,000858.SZ,69.12999725341797
2026-09-17,000860.SZ,10.149999618530272
2026-09-17,000875.SZ,4.849999904632568
2026-09-17,000876.SZ,7.210000038146973
2026-09-17,000881.SZ,6.409999847412109
2026-09-17,000885.SZ,11.640000343322754
2026-09-17,000895.SZ,23.31999969482422
2026-09-17,000899.SZ,9.279999732971191
2026-09-17,000901.SZ,14.100000381469728
2026-09-17,000902.SZ,13.859999656677246
2026-09-17,000913.SZ,10.760000228881836
2026-09-17,000915.SZ,24.020000457763672
2026-09-17,000917.SZ,6.78000020980835
2026-09-17,000923.SZ,16.1299991607666
2026-09-17,000927.SZ,2.490000009536743
2026-09-17,000928.SZ,5.420000076293945
2026-09-17,000930.SZ,5.210000038146973
2026-09-17,000935.SZ,20.489999771118164
2026-09-17,000938.SZ,32.79999923706055
2026-09-17,000950.SZ,5.170000076293945
2026-09-17,000963.SZ,25.799999237060547
2026-09-17,000966.SZ,4.039999961853027
2026-09-17,000968.SZ,6.889999866485596
2026-09-17,000969.SZ,17.030000686645508
2026-09-17,000970.SZ,11.18000030517578
2026-09-17,000975.SZ,25.020000457763672
2026-09-17,000977.SZ,69.80999755859375
2026-09-17,000983.SZ,6.519999980926514
2026-09-17,000990.SZ,6.360000133514404
2026-09-17,000999.SZ,23.84000015258789
2026-09-17,0012.HK,25.71999931335449
2026-09-17,001203.SZ,23.270000457763672
2026-09-17,001289.SZ,14.869999885559082
2026-09-17,001391.SZ,3.9600000381469727
2026-09-17,0016.HK,108.1999969482422
2026-09-17,001965.SZ,10.170000076293944
2026-09-17,001979.SZ,6.670000076293945
2026-09-17,002001.SZ,26.40999984741211
2026-09-17,002027.SZ,4.659999847412109
2026-09-17,002028.SZ,134.4199981689453
2026-09-17,002049.SZ,59.75
2026-09-17,002050.SZ,34.63999938964844
2026-09-17,002074.SZ,25.850000381469727
2026-09-17,002129.SZ,8.619999885559082
2026-09-17,002142.SZ,34.59000015258789
2026-09-17,002179.SZ,34.779998779296875
2026-09-17,002180.SZ,16.040000915527344
2026-09-17,002230.SZ,38.34000015258789
2026-09-17,002236.SZ,15.6899995803833
2026-09-17,002241.SZ,22.280000686645508
2026-09-17,002252.SZ,4.900000095367432
2026-09-17,002304.SZ,37.95000076293945
2026-09-17,002311.SZ,42.150001525878906
2026-09-17,002352.SZ,30.75
2026-09-17,002371.SZ,665.5
2026-09-17,002415.SZ,32.45000076293945
2026-09-17,002422.SZ,40.02000045776367
2026-09-17,002459.SZ,6.579999923706055
2026-09-17,002460.SZ,45.90999984741211
2026-09-17,002463.SZ,123.4800033569336
2026-09-17,002466.SZ,42.7400016784668
2026-09-17,002475.SZ,52.130001068115234
2026-09-17,002493.SZ,12.93000030517578
2026-09-17,002594.SZ,84.97000122070312
2026-09-17,002600.SZ,12.470000267028809
2026-09-17,002601.SZ,15.039999961853027
2026-09-17,002648.SZ,26.34000015258789
2026-09-17,0027.HK,32.70000076293945
2026-09-17,002709.SZ,32.880001068115234
2026-09-17,002714.SZ,41.27999877929688
2026-09-17,002736.SZ,9.75
2026-09-17,002916.SZ,383.6799926757813
2026-09-17,002920.SZ,84.43000030517578
2026-09-17,002938.SZ,90.70999908447266
2026-09-17,003816.SZ,4.25
2026-09-17,0101.HK,6.599999904632568
2026-09-17,0175.HK,16.0
2026-09-17,0241.HK,2.944999933242798
2026-09-17,0267.HK,12.869999885559082
2026-09-17,0285.HK,23.71999931335449
2026-09-17,0288.HK,6.474999904632568
2026-09-17,0291.HK,18.170000076293945
2026-09-17,0300.HK,99.1999969482422
2026-09-17,0316.HK,145.1999969482422
2026-09-17,0322.HK,11.829999923706056
2026-09-17,1024.HK,29.940000534057617
2026-09-17,1038.HK,64.6500015258789
2026-09-17,1044.HK,19.700000762939453
2026-09-17,1088.HK,44.720001220703125
2026-09-17,1093.HK,8.850000381469727
2026-09-17,1099.HK,15.029999732971191
2026-09-17,1109.HK,28.5
2026-09-17,1113.HK,46.18000030517578
2026-09-17,1177.HK,5.494999885559082
2026-09-17,1209.HK,37.20000076293945
2026-09-17,1211.HK,81.1500015258789
2026-09-17,1299.HK,77.3499984741211
2026-09-17,1378.HK,21.84000015258789
2026-09-17,1398.HK,7.519999980926514
2026-09-17,1810.HK,26.13999938964844
2026-09-17,1876.HK,5.909999847412109
2026-09-17,1928.HK,12.199999809265137
2026-09-17,1929.HK,11.029999732971191
2026-09-17,1997.HK,30.26000022888184
2026-09-17,2015.HK,46.880001068115234
2026-09-17,2020.HK,72.0
2026-09-17,2057.HK,162.5
2026-09-17,2269.HK,50.09999847412109
2026-09-17,2313.HK,34.939998626708984
2026-09-17,2318.HK,52.84999847412109
2026-09-17,2319.HK,18.09000015258789
2026-09-17,2331.HK,12.579999923706056
2026-09-17,2359.HK,198.0
2026-09-17,2382.HK,67.5
2026-09-17,2388.HK,51.95000076293945
2026-09-17,2618.HK,10.399999618530272
2026-09-17,2628.HK,28.63999938964844
2026-09-17,2688.HK,49.08000183105469
2026-09-17,2899.HK,33.86000061035156
2026-09-17,300014.SZ,48.22999954223633
2026-09-17,300015.SZ,7.949999809265137
2026-09-17,300033.SZ,201.0399932861328
2026-09-17,300059.SZ,18.09000015258789
2026-09-17,300122.SZ,12.350000381469728
2026-09-17,300124.SZ,51.59000015258789
2026-09-17,300274.SZ,84.66999816894531
2026-09-17,300308.SZ,896.0
2026-09-17,300316.SZ,40.36000061035156
2026-09-17,300347.SZ,57.0099983215332
2026-09-17,300394.SZ,277.6499938964844
2026-09-17,300408.SZ,128.00999450683594
2026-09-17,300413.SZ,18.13999938964844
2026-09-17,300418.SZ,43.5
2026-09-17,300433.SZ,33.439998626708984
2026-09-17,300442.SZ,62.2400016784668
2026-09-17,300498.SZ,14.630000114440918
2026-09-17,300502.SZ,424.3399963378906
2026-09-17,300628.SZ,41.4900016784668
2026-09-17,300661.SZ,116.45999908447266
2026-09-17,300750.SZ,304.29998779296875
2026-09-17,300759.SZ,43.75
2026-09-17,300760.SZ,156.8000030517578
2026-09-17,300782.SZ,71.6500015258789
2026-09-17,300832.SZ,49.08000183105469
2026-09-17,300896.SZ,88.80000305175781
2026-09-17,300979.SZ,31.959999084472656
2026-09-17,300999.SZ,24.88999938964844
2026-09-17,301236.SZ,36.470001220703125
2026-09-17,301269.SZ,85.56999969482422
2026-09-17,302132.SZ,72.18000030517578
2026-09-17,600000.SS,9.0600004196167
2026-09-17,600009.SS,22.46999931335449
2026-09-17,600010.SS,2.109999895095825
2026-09-17,600011.SS,6.769999980926514
2026-09-17,600015.SS,6.269999980926514
2026-09-17,600016.SS,3.549999952316284
2026-09-17,600018.SS,5.429999828338623
2026-09-17,600019.SS,5.71999979019165
2026-09-17,600023.SS,5.059999942779541
2026-09-17,600025.SS,9.729999542236328
2026-09-17,600026.SS,22.09000015258789
2026-09-17,600027.SS,4.78000020980835
2026-09-17,600028.SS,5.139999866485596
2026-09-17,600029.SS,4.860000133514404
2026-09-17,600030.SS,26.15999984741211
2026-09-17,600031.SS,18.06999969482422
2026-09-17,600036.SS,40.59999847412109
2026-09-17,600039.SS,8.8100004196167
2026-09-17,600048.SS,5.039999961853027
2026-09-17,600050.SS,4.199999809265137
2026-09-17,600061.SS,6.190000057220459
2026-09-17,600066.SS,26.32999992370605
2026-09-17,600085.SS,23.21999931335449
2026-09-17,600089.SS,17.90999984741211
2026-09-17,600104.SS,11.1899995803833
2026-09-17,600111.SS,36.72999954223633
2026-09-17,600115.SS,3.3499999046325684
2026-09-17,600150.SS,38.959999084472656
2026-09-17,600160.SS,34.970001220703125
2026-09-17,600161.SS,12.100000381469728
2026-09-17,600176.SS,47.150001525878906
2026-09-17,600183.SS,146.02999877929688
2026-09-17,600188.SS,20.14999961853028
2026-09-17,600196.SS,21.780000686645508
2026-09-17,600219.SS,4.659999847412109
2026-09-17,600233.SS,17.56999969482422
2026-09-17,600276.SS,43.22999954223633
2026-09-17,600309.SS,70.33000183105469
2026-09-17,600332.SS,19.39999961853028
2026-09-17,600346.SS,16.3799991607666
2026-09-17,600362.SS,43.2599983215332
2026-09-17,600372.SS,11.420000076293944
2026-09-17,600377.SS,12.789999961853027
2026-09-17,600406.SS,21.950000762939453
2026-09-17,600415.SS,11.619999885559082
2026-09-17,600426.SS,19.420000076293945
2026-09-17,600436.SS,117.83999633789062
2026-09-17,600438.SS,11.09000015258789
2026-09-17,600460.SS,31.989999771118164
2026-09-17,600482.SS,32.599998474121094
2026-09-17,600489.SS,23.89999961853028
2026-09-17,600515.SS,2.7100000381469727
2026-09-17,A,156.33999633789062
2026-09-17,A2A.MI,2.381999969482422
2026-09-17,AAF.L,356.6000061035156
2026-09-17,AAL.L,4053.0
2026-09-17,AAPL,337.0
2026-09-17,ABBV,264.0199890136719
2026-09-17,ABF.L,1843.0
2026-09-17,ABNB,165.92999267578125
2026-09-17,ABT,102.2300033569336
2026-09-17,ACGL,96.6999969482422
2026-09-17,ACN,190.2899932861328
2026-09-17,ADBE,252.6699981689453
2026-09-17,ADI,362.6499938964844
2026-09-17,ADM,88.08999633789062
2026-09-17,ADM.L,3894.0
2026-09-17,ADP,272.239990234375
2026-09-17,ADS.DE,142.39999389648438
2026-09-17,ADSK,218.63999938964844
2026-09-17,AEE,103.9000015258789
2026-09-17,AEP,121.62000274658205
2026-09-17,AES,14.850000381469728
2026-09-17,AFL,116.5999984741211
2026-09-17,AIG,75.68000030517578
2026-09-17,AIR.DE,195.5800018310547
2026-09-17,AIZ,283.8099975585937
2026-09-17,AJG,241.4100036621093
2026-09-17,AKAM,107.08000183105467
2026-09-17,ALB,115.0500030517578
2026-09-17,ALGN,149.7100067138672
2026-09-17,ALL,252.2100067138672
2026-09-17,ALLE,153.6300048828125
2026-09-17,ALV.DE,451.1000061035156
2026-09-17,ALW.L,1364.0
2026-09-17,AMAT,417.3999938964844
2026-09-17,AMCR,42.380001068115234
2026-09-17,AMD,545.0900268554688
2026-09-17,AME,234.32000732421875
2026-09-17,AMGN,379.7799987792969
2026-09-17,AMP,545.7000122070312
2026-09-17,AMP.MI,11.59000015258789
2026-09-17,AMT,175.5800018310547
2026-09-17,AMZN,251.19000244140625
2026-09-17,ANET,199.52999877929688
2026-09-17,ANTO.L,3702.0
2026-09-17,AON,296.04998779296875
2026-09-17,AOS,56.93000030517578
2026-09-17,APA,45.459999084472656
2026-09-17,APD,286.1199951171875
2026-09-17,APH,78.37000274658203
2026-09-17,APO,126.0
2026-09-17,APP,321.6000061035156
2026-09-17,APTV,43.619998931884766
2026-09-17,ARE,56.34000015258789
2026-09-17,ARM,264.8999938964844
2026-09-17,ASML,1629.6700439453125
2026-09-17,ATO,162.02999877929688
2026-09-17,AUTO.L,496.7999877929688
2026-09-17,AVGO,347.29998779296875
2026-09-17,AVY,171.08999633789062
2026-09-17,AWK,138.24000549316406
2026-09-17,AXON,453.5
2026-09-17,AXP,311.1700134277344
2026-09-17,AZM.MI,39.47999954223633
2026-09-17,AZN,166.13999938964844
2026-09-17,AZN.L,12428.0
2026-09-17,AZO,2844.31005859375
2026-09-17,BA,197.0
2026-09-17,BAB.L,1017.5
2026-09-17,BAC,58.18000030517578
2026-09-17,BALL,60.75
2026-09-17,BAMI.MI,16.024999618530273
2026-09-17,BARC.L,478.8500061035156
2026-09-17,BAS.DE,52.369998931884766
2026-09-17,BATS.L,4184.0
2026-09-17,BAX,23.020000457763672
2026-09-17,BAYN.DE,49.040000915527344
2026-09-17,BBY,94.55999755859376
2026-09-17,BDX,181.3800048828125
2026-09-17,BEI.DE,75.04000091552734
2026-09-17,BEN,33.06999969482422
2026-09-17,BEZ.L,1305.0
2026-09-17,BFF.MI,3.059999942779541
2026-09-17,BG,119.30999755859376
2026-09-17,BIIB,219.0500030517578
2026-09-17,BKG.L,3360.0
2026-09-17,BKNG,170.52000427246094
2026-09-17,BKR,56.56499862670898
2026-09-17,BLDR,57.68000030517578
2026-09-17,BLK,1053.9599609375
2026-09-17,BMED.MI,23.40999984741211
2026-09-17,BMPS.MI,11.949999809265137
2026-09-17,BMW.DE,63.220001220703125
2026-09-17,BMY,62.84000015258789
2026-09-17,BNR.DE,60.81999969482422
2026-09-17,BNZL.L,2638.0
2026-09-17,BPE.MI,14.45400047302246
2026-09-17,BR,164.30999755859375
2026-09-17,BRBY.L,1013.5
2026-09-17,BRO,65.12000274658203
2026-09-17,BSX,43.54999923706055
2026-09-17,BTRW.L,314.29998779296875
2026-09-17,BX,125.41000366210938
2026-09-17,BXP,63.93000030517578
2026-09-17,BZU.MI,38.130001068115234
2026-09-17,C,132.6999969482422
2026-09-17,CAG,15.18000030517578
2026-09-17,CAH,226.33999633789065
2026-09-17,CARR,54.38999938964844
2026-09-17,CAT,798.5700073242188
2026-09-17,CB,341.8999938964844
2026-09-17,CBK.DE,41.720001220703125
2026-09-17,CBOE,266.6700134277344
2026-09-17,CBRE,139.32000732421875
2026-09-17,CCEP,100.4800033569336
2026-09-17,CCEP.L,7600.0
2026-09-17,CCH.L,4610.0
2026-09-17,CCI,73.73999786376953
2026-09-17,CCL,22.170000076293945
2026-09-17,CDNS,280.760009765625
2026-09-17,CDW,149.1999969482422
2026-09-17,CEG,262.79998779296875
2026-09-17,CF,133.82000732421875
2026-09-17,CFG,67.38999938964844
2026-09-17,CHD,95.0500030517578
2026-09-17,CHRW,153.82000732421875
2026-09-17,CHTR,133.3699951171875
2026-09-17,CI,276.0
2026-09-17,CINF,169.89999389648438
2026-09-17,CL,87.7300033569336
2026-09-17,CLX,85.0
2026-09-17,CMCSA,22.90999984741211
2026-09-17,CME,271.1499938964844
2026-09-17,CMG,33.5099983215332
2026-09-17,CMI,523.8800048828125
2026-09-17,CMS,66.19999694824219
2026-09-17,CNA.L,152.5
2026-09-17,CNC,67.0999984741211
2026-09-17,CNP,38.560001373291016
2026-09-17,COF,202.0399932861328
2026-09-17,COIN,173.97000122070312
2026-09-17,CON.DE,70.73999786376953
2026-09-17,COO,53.775001525878906
2026-09-17,COP,133.19000244140625
2026-09-17,COR,309.4100036621094
2026-09-17,COST,893.9299926757812
2026-09-17,CPAY,404.260009765625
2026-09-17,CPB,21.18000030517578
2026-09-17,CPG.L,31.100000381469727
2026-09-17,CPR.MI,5.927999973297119
2026-09-17,CPRT,29.65999984741211
2026-09-17,CPT,100.93000030517578
2026-09-17,CRDA.L,3208.0
2026-09-17,CRL,281.6700134277344
2026-09-17,CRM,242.8500061035156
2026-09-17,CRWD,245.6999969482422
2026-09-17,CSCO,110.23999786376952
2026-09-17,CSGP,29.295000076293945
2026-09-17,CSX,47.900001525878906
2026-09-17,CTAS,197.9600067138672
2026-09-17,CTEC.L,218.6000061035156
2026-09-17,CTSH,61.880001068115234
2026-09-17,CTVA,81.52999877929688
2026-09-17,CVS,90.2699966430664
2026-09-17,CVX,211.57000732421875
2026-09-17,D,64.29000091552734
2026-09-17,DAL,79.43000030517578
2026-09-17,DASH,194.5599975585937
2026-09-17,DB1.DE,279.79998779296875
2026-09-17,DBK.DE,34.244998931884766
2026-09-17,DCC.L,6390.0
2026-09-17,DD,128.4600067138672
2026-09-17,DDOG,236.0
2026-09-17,DE,685.6300048828125
2026-09-17,DECK,79.70999908447266
2026-09-17,DELL,588.4000244140625
2026-09-17,DG,124.9499969482422
2026-09-17,DGE.L,1626.0
2026-09-17,DGX,247.4499969482422
2026-09-17,DHI,140.3800048828125
2026-09-17,DHL.DE,56.5
2026-09-17,DHR,212.5
2026-09-17,DIA.MI,76.26000213623047
2026-09-17,DIS,105.3499984741211
2026-09-17,DLR,184.259994506836
2026-09-17,DLTR,114.4000015258789
2026-09-17,DOC,20.5
2026-09-17,DOV,189.2400054931641
2026-09-17,DOW,29.489999771118164
2026-09-17,DPLM.L,7330.0
2026-09-17,DPZ,297.6499938964844
2026-09-17,DRI,206.7400054931641
2026-09-17,DTE,130.44000244140625
2026-09-17,DTE.DE,28.299999237060547
2026-09-17,DTG.DE,44.25
2026-09-17,DUK,118.54000091552734
2026-09-17,DVA,183.08999633789065
2026-09-17,DVN,48.720001220703125
2026-09-17,DXCM,87.93000030517578
2026-09-17,EBAY,112.9000015258789
2026-09-17,ECL,271.67999267578125
2026-09-17,ED,107.08000183105467
2026-09-17,EDV.L,4674.0
2026-09-17,EFX,161.1699981689453
2026-09-17,EG,380.1199951171875
2026-09-17,EIX,55.5
2026-09-17,EL,93.86000061035156
2026-09-17,ELV,414.260009765625
2026-09-17,EME,729.260009765625
2026-09-17,EMR,147.39999389648438
2026-09-17,ENEL.MI,9.050000190734863
2026-09-17,ENI.MI,24.09000015258789
2026-09-17,ENR.DE,141.8000030517578
2026-09-17,ENT.L,502.6000061035156
2026-09-17,EOAN.DE,17.774999618530273
2026-09-17,EOG,145.47000122070312
2026-09-17,EPAM,117.0999984741211
2026-09-17,EQIX,1025.93994140625
2026-09-17,EQT,50.34999847412109
2026-09-17,ERG.MI,22.559999465942383
2026-09-17,ERIE,244.38999938964844
2026-09-17,ES,68.98999786376953
2026-09-17,ESS,270.79998779296875
2026-09-17,ETN,409.4599914550781
2026-09-17,ETR,103.30999755859376
2026-09-17,EVRG,80.83999633789062
2026-09-17,EW,88.25
2026-09-17,EXC,42.63999938964844
2026-09-17,EXE,88.33000183105469
2026-09-17,EXPD,189.0800018310547
2026-09-17,EXPE,284.54998779296875
2026-09-17,EXPN.L,2800.0
2026-09-17,EXR,139.02999877929688
2026-09-17,EZJ.L,668.0
2026-09-17,F,13.609999656677246
2026-09-17,FANG,196.94000244140625
2026-09-17,FAST,49.18000030517578
2026-09-17,FCIT.L,342.3999938964844
2026-09-17,FCX,70.8499984741211
2026-09-17,FDS,278.8500061035156
2026-09-17,FDX,305.8800048828125
2026-09-17,FE,45.72999954223633
2026-09-17,FFIV,434.6199951171875
2026-09-17,FICO,966.2999877929688
2026-09-17,FIS,36.43000030517578
2026-09-17,FISV,49.29999923706055
2026-09-17,FITB,53.27000045776367
2026-09-17,FME.DE,39.0
2026-09-17,FOX,58.43000030517578
2026-09-17,FOXA,64.9800033569336
2026-09-17,FRE.DE,46.1150016784668
2026-09-17,FRES.L,3004.0
2026-09-17,FRT,111.76000213623048
2026-09-17,FSLR,201.1600036621093
2026-09-17,FTNT,172.5800018310547
2026-09-17,FTV,55.06999969482422
2026-09-17,G.MI,46.18999862670898
2026-09-17,G1A.DE,65.25
2026-09-17,G24.DE,74.80000305175781
2026-09-17,GAW.L,17760.0
2026-09-17,GD,355.95001220703125
2026-09-17,GDDY,98.1500015258789
2026-09-17,GE,313.4700012207031
2026-09-17,GEHC,64.44499969482422
2026-09-17,GEN,30.209999084472656
2026-09-17,GEV,924.9299926757812
2026-09-17,GFS,45.84000015258789
2026-09-17,GILD,150.88999938964844
2026-09-17,GIS,36.65999984741211
2026-09-17,GL,172.25999450683594
2026-09-17,GLEN.L,580.2000122070312
2026-09-17,GLW,147.8000030517578
2026-09-17,GM,86.62000274658203
2026-09-17,GNRC,207.22999572753903
2026-09-17,GOOG,343.67999267578125
2026-09-17,GOOGL,347.3299865722656
2026-09-17,GPC,130.8800048828125
2026-09-17,GPN,85.4000015258789
2026-09-17,GRMN,275.3500061035156
2026-09-17,GS,951.469970703125
2026-09-17,GSK.L,1900.0
2026-09-17,GWW,1262.6099853515625
2026-09-17,HAL,34.029998779296875
2026-09-17,HAS,88.76000213623047
2026-09-17,HBAN,15.880000114440918
2026-09-17,HCA,429.0400085449219
2026-09-17,HD,302.510009765625
2026-09-17,HEI.DE,146.14999389648438
2026-09-17,HEN3.DE,74.0199966430664
2026-09-17,HER.MI,3.711999893188477
2026-09-17,HIG,133.13999938964844
2026-09-17,HII,277.1400146484375
2026-09-17,HIK.L,1596.0
2026-09-17,HLMA.L,3528.0
2026-09-17,HLN.L,339.70001220703125
2026-09-17,HLT,302.5400085449219
2026-09-17,HNR1.DE,255.1999969482422
2026-09-17,HON,206.4900054931641
2026-09-17,HOOD,109.80999755859376
2026-09-17,HPE,61.040000915527344
2026-09-17,HPQ,34.65999984741211
2026-09-17,HRL,20.76000022888184
2026-09-17,HSBA.L,1537.4000244140625
2026-09-17,HSIC,85.04000091552734
2026-09-17,HST,21.89999961853028
2026-09-17,HSX.L,1937.0
2026-09-17,HSY,168.3300018310547
2026-09-17,HUBB,443.2300109863281
2026-09-17,HUM,384.5199890136719
2026-09-17,HWDN.L,761.5
2026-09-17,HWM,225.759994506836
2026-09-17,IAG.L,422.6000061035156
2026-09-17,IBKR,88.37999725341797
2026-09-17,IBM,237.75
2026-09-17,ICE,153.3000030517578
2026-09-17,ICG.L,1908.0
2026-09-17,IDXX,506.4800109863281
2026-09-17,IEX,221.88999938964844
2026-09-17,IFF,84.91000366210938
2026-09-17,IFX.DE,54.400001525878906
2026-09-17,IG.MI,8.4399995803833
2026-09-17,IHG.L,153.4499969482422
2026-09-17,III.L,2715.0
2026-09-17,IMB.L,2496.0
2026-09-17,IMI.L,3078.0
2026-09-17,INCY,127.62000274658205
2026-09-17,INF.L,893.0
2026-09-17,INTC,108.8000030517578
2026-09-17,INTU,313.1300048828125
2026-09-17,INVH,27.14999961853028
2026-09-17,INW.MI,6.590000152587891
2026-09-17,IP,35.54999923706055
2026-09-17,IP.MI,34.880001068115234
2026-09-17,IQV,269.44000244140625
2026-09-17,IR,72.6500015258789
2026-09-17,IRM,114.0
2026-09-17,ISP.MI,6.814000129699707
2026-09-17,ISRG,383.5400085449219
2026-09-17,IT,187.8000030517578
2026-09-17,ITRK.L,5840.0
2026-09-17,ITW,267.510009765625
2026-09-17,IVZ,30.21999931335449
2026-09-17,J,144.16000366210938
2026-09-17,JBHT,236.8000030517578
2026-09-17,JBL,295.94000244140625
2026-09-17,JCI,141.05999755859375
2026-09-17,JKHY,156.2100067138672
2026-09-17,JNJ,270.2200012207031
2026-09-17,JPM,349.3099975585937
2026-09-17,KDP,31.43000030517578
2026-09-17,KEY,20.950000762939453
2026-09-17,KEYS,331.44000244140625
2026-09-17,KGF.L,309.3999938964844
2026-09-17,KHC,24.729999542236328
2026-09-17,KIM,22.56999969482422
2026-09-17,KKR,98.19000244140624
2026-09-17,KLAC,168.97999572753906
2026-09-17,KMB,98.19000244140624
2026-09-17,KMI,31.309999465942383
2026-09-17,KO,88.05999755859375
2026-09-17,KR,60.75
2026-09-17,KVUE,17.8700008392334
2026-09-17,L,108.36000061035156
2026-09-17,LAND.L,637.5
2026-09-17,LDO.MI,50.68999862670898
2026-09-17,LDOS,130.9600067138672
2026-09-17,LEN,79.69999694824219
2026-09-17,LGEN.L,301.6000061035156
2026-09-17,LH,322.7300109863281
2026-09-17,LHX,250.4600067138672
2026-09-17,LII,359.0799865722656
2026-09-17,LIN,458.4800109863281
2026-09-17,LKQ,23.82999992370605
2026-09-17,LLOY.L,112.1999969482422
2026-09-17,LLY,1152.43994140625
2026-09-17,LMP.L,180.6000061035156
2026-09-17,LMT,538.0900268554688
2026-09-17,LNT,66.63999938964844
2026-09-17,LOW,194.19000244140625
2026-09-17,LRCX,269.3099975585937
2026-09-17,LSEG.L,8262.0
2026-09-17,LULU,99.38999938964844
2026-09-17,LUV,40.34000015258789
2026-09-17,LVS,40.66999816894531
2026-09-17,LW,46.459999084472656
2026-09-17,LYB,64.25
2026-09-17,LYV,168.33999633789062
2026-09-17,MA,565.72998046875
2026-09-17,MAA,121.16999816894533
2026-09-17,MAR,334.0
2026-09-17,MAS,68.2300033569336
2026-09-17,MB.MI,28.88999938964844
2026-09-17,MBG.DE,46.19499969482422
2026-09-17,MCD,248.47999572753903
2026-09-17,MCHP,70.81999969482422
2026-09-17,MCK,879.5700073242188
2026-09-17,MCO,461.8800048828125
2026-09-17,MDLZ,62.040000915527344
2026-09-17,MDT,92.7699966430664
2026-09-17,MELI,1825.2099609375
2026-09-17,MET,97.3499984741211
2026-09-17,META,682.3099975585938
2026-09-17,MGM,38.310001373291016
2026-09-17,MHK,128.38999938964844
2026-09-17,MKC,49.70000076293945
2026-09-17,MKS.L,365.0
2026-09-17,MLM,494.4400024414063
2026-09-17,MMM,164.7100067138672
2026-09-17,MNDI.L,853.5999755859375
2026-09-17,MNG.L,341.0
2026-09-17,MNST,44.5099983215332
2026-09-17,MO,69.69999694824219
2026-09-17,MOH,205.08999633789065
2026-09-17,MONC.MI,43.9900016784668
2026-09-17,MOS,25.38999938964844
2026-09-17,MPC,421.9599914550781
2026-09-17,MPWR,1169.5799560546875
2026-09-17,MRK,147.14999389648438
2026-09-17,MRK.DE,131.4499969482422
2026-09-17,MRNA,158.07000732421875
2026-09-17,MRO.L,485.8999938964844
2026-09-17,MRVL,240.759994506836
2026-09-17,MS,203.5200042724609
2026-09-17,MSCI,549.469970703125
2026-09-17,MSFT,497.75
2026-09-17,MSI,459.6799926757813
2026-09-17,MSTR,132.25
2026-09-17,MTB,226.3600006103516
2026-09-17,MTCH,43.77000045776367
2026-09-17,MTD,1410.43994140625
2026-09-17,MTLN.L,46.79999923706055
2026-09-17,MTX.DE,345.70001220703125
2026-09-17,MU,977.5
2026-09-17,MUV2.DE,510.6000061035156
2026-09-17,NCLH,14.390000343322754
2026-09-17,NDAQ,91.30999755859376
2026-09-17,NDSN,311.739990234375
2026-09-17,NEE,81.27999877929688
2026-09-17,NEM,124.38999938964844
2026-09-17,NEXI.MI,4.195000171661377
2026-09-17,NFLX,75.30999755859375
2026-09-17,NI,40.90999984741211
2026-09-17,NKE,36.36000061035156
2026-09-17,NOC,524.0
2026-09-17,NOW,138.47000122070312
2026-09-17,NRG,106.2300033569336
2026-09-17,NSC,318.9700012207031
2026-09-17,NTAP,196.9199981689453
2026-09-17,NTRS,176.94000244140625
2026-09-17,NUE,265.1400146484375
2026-09-17,NVDA,219.33999633789065
2026-09-17,NVR,6242.22998046875
2026-09-17,NWG.L,712.7999877929688
2026-09-17,NWS,33.369998931884766
2026-09-17,NWSA,30.18000030517578
2026-09-17,NXPI,227.9499969482422
2026-09-17,NXT.L,14920.0
2026-09-17,O,57.31999969482422
2026-09-17,ODFL,175.08999633789062
2026-09-17,OKE,93.22000122070312
2026-09-17,OMC,78.5999984741211
2026-09-17,ON,68.30000305175781
2026-09-17,ORCL,150.58999633789062
2026-09-17,ORLY,84.88999938964844
2026-09-17,OTIS,68.69999694824219
2026-09-17,OXY,59.290000915527344
2026-09-17,PAH3.DE,29.8700008392334
2026-09-17,PANW,375.05999755859375
2026-09-17,PAYC,226.0599975585937
2026-09-17,PAYX,116.51000213623048
2026-09-17,PCAR,117.36000061035156
2026-09-17,PCG,13.380000114440918
2026-09-17,PCT.L,657.0
2026-09-17,PDD,77.7300033569336
2026-09-17,PEG,70.9800033569336
2026-09-17,PEP,133.66000366210938
2026-09-17,PFE,27.63999938964844
2026-09-17,PFG,115.94000244140624
2026-09-17,PG,147.5500030517578
2026-09-17,PGR,216.2899932861328
2026-09-17,PH,925.2899780273438
2026-09-17,PHM,118.83999633789062
2026-09-17,PKG,235.57000732421875
2026-09-17,PLD,135.17999267578125
2026-09-17,PLTR,176.24000549316406
2026-09-17,PM,190.47999572753903
2026-09-17,PNC,232.009994506836
2026-09-17,PNR,55.720001220703125
2026-09-17,PNW,95.58999633789062
2026-09-17,PODD,141.5500030517578
2026-09-17,POOL,167.64999389648438
2026-09-17,PPG,105.4499969482422
2026-09-17,PPL,33.599998474121094
2026-09-17,PRU,117.93000030517578
2026-09-17,PRU.L,993.7999877929688
2026-09-17,PRY.MI,121.6500015258789
2026-09-17,PSA,300.760009765625
2026-09-17,PSH.L,3666.0
2026-09-17,PSKY,10.619999885559082
2026-09-17,PSN.L,1173.0
2026-09-17,PSON.L,1203.5
2026-09-17,PST.MI,27.06999969482422
2026-09-17,PSX,274.2099914550781
2026-09-17,PTC,134.44000244140625
2026-09-17,PWR,616.5399780273438
2026-09-17,PYPL,52.93999862670898
2026-09-17,Q,117.12999725341795
2026-09-17,QCOM,188.7100067138672
2026-09-17,QIA.DE,38.60499954223633
2026-09-17,RACE.MI,359.29998779296875
2026-09-17,RCL,249.7400054931641
2026-09-17,REC.MI,52.75
2026-09-17,REG,73.12000274658203
2026-09-17,REGN,789.4500122070312
2026-09-17,REL.L,2570.0
2026-09-17,RF,28.479999542236328
2026-09-17,RHM.DE,1016.2000122070312
2026-09-17,RIO.L,7327.0
2026-09-17,RJF,163.77000427246094
2026-09-17,RKT.L,5006.0
2026-09-17,RL,333.0799865722656
2026-09-17,RMD,228.4199981689453
2026-09-17,RMV.L,496.8999938964844
2026-09-17,ROK,410.0499877929688
2026-09-17,ROL,33.0
2026-09-17,ROP,374.760009765625
2026-09-17,ROST,229.47999572753903
2026-09-17,RSG,218.92999267578125
2026-09-17,RTO.L,326.20001220703125
2026-09-17,RTX,193.5399932861328
2026-09-17,RVTY,146.72999572753906
2026-09-17,RWE.DE,60.619998931884766
2026-09-17,SAP.DE,188.0
2026-09-17,SBAC,181.1300048828125
2026-09-17,SBRY.L,339.5
2026-09-17,SBUX,96.66999816894533
2026-09-17,SCHW,104.62999725341795
2026-09-17,SDR.L,587.5
2026-09-17,SFER.MI,8.0
2026-09-17,SGE.L,1034.0
2026-09-17,SGRO.L,942.4000244140624
2026-09-17,SHEL.L,3571.0
2026-09-17,SHL.DE,38.41999816894531
2026-09-17,SHOP,128.60000610351562
2026-09-17,SHW,320.94000244140625
2026-09-17,SIE.DE,266.6000061035156
2026-09-17,SJM,123.75
2026-09-17,SLB,52.08000183105469
2026-09-17,SMCI,40.34999847412109
2026-09-17,SMIN.L,2550.0
2026-09-17,SMT.L,1519.0
2026-09-17,SNA,371.6199951171875
2026-09-17,SNDK,1614.3900146484375
2026-09-17,SNPS,381.1700134277344
2026-09-17,SO,86.76000213623047
2026-09-17,SOLS,58.79999923706055
2026-09-17,SOLV,87.52999877929688
2026-09-17,SPG,204.47000122070312
2026-09-17,SPGI,404.1099853515625
2026-09-17,SPM.MI,4.333000183105469
2026-09-17,SPX.L,6970.0
2026-09-17,SRE,82.18000030517578
2026-09-17,SRG.MI,5.622000217437744
2026-09-17,SSE.L,2487.0
2026-09-17,STAN.L,2338.0
2026-09-17,STE,208.0399932861328
2026-09-17,STJ.L,1113.0
2026-09-17,STLD,245.3500061035156
2026-09-17,STT,183.07000732421875
2026-09-17,STX,803.1300048828125
2026-09-17,STZ,122.4499969482422
2026-09-17,SVT.L,3076.0
2026-09-17,SW,45.47999954223633
2026-09-17,SWK,89.12000274658203
2026-09-17,SWKS,91.31999969482422
2026-09-17,SY1.DE,90.0999984741211
2026-09-17,SYF,74.41000366210938
2026-09-17,SYK,280.1300048828125
2026-09-17,SYY,79.11000061035156
2026-09-17,T,25.38999938964844
2026-09-17,TAP,39.08000183105469
2026-09-17,TDG,1076.010009765625
2026-09-17,TDY,601.97998046875
2026-09-17,TEAM,192.52999877929688
2026-09-17,TECH,72.41000366210938
2026-09-17,TEL,206.6000061035156
2026-09-17,TEN.MI,24.51000022888184
2026-09-17,TER,353.1300048828125
2026-09-17,TFC,48.45000076293945
2026-09-17,TGT,159.8300018310547
2026-09-17,TIT.MI,7.875
2026-09-17,TJX,126.5500030517578
2026-09-17,TKO,189.3000030517578
2026-09-17,TMO,658.3200073242188
2026-09-17,TMUS,166.4499969482422
2026-09-17,TPL,347.20001220703125
2026-09-17,TPR,116.04000091552734
2026-09-17,TRGP,285.07000732421875
2026-09-17,TRI,99.4800033569336
2026-09-17,TRMB,57.33000183105469
2026-09-17,TRN.MI,9.420000076293944
2026-09-17,TROW,102.83999633789062
2026-09-17,TRV,379.489990234375
2026-09-17,TSCO,32.81999969482422
2026-09-17,TSCO.L,481.2999877929688
2026-09-17,TSLA,366.2000122070313
2026-09-17,TSN,52.2599983215332
2026-09-17,TT,423.3299865722656
2026-09-17,TTD,14.260000228881836
2026-09-17,TTWO,210.6199951171875
2026-09-17,TXN,258.1400146484375
2026-09-17,TXT,80.91000366210938
2026-09-17,TYL,341.57000732421875
2026-09-17,UAL,107.63999938964844
2026-09-17,UBER,70.87000274658203
2026-09-17,UCG.MI,83.68000030517578
2026-09-17,UDR,34.209999084472656
2026-09-17,UHS,180.75
2026-09-17,ULTA,543.72998046875
2026-09-17,ULVR.L,4632.5
2026-09-17,UNH,375.2099914550781
2026-09-17,UNI.MI,28.3700008392334
2026-09-17,UNP,282.4800109863281
2026-09-17,UPS,100.16999816894533
2026-09-17,URI,1002.530029296875
2026-09-17,USB,60.25
2026-09-17,V,369.9299926757813
2026-09-17,VICI,24.11000061035156
2026-09-17,VLO,412.5299987792969
2026-09-17,VLTO,95.25
2026-09-17,VMC,244.5
2026-09-17,VNA.DE,17.979999542236328
2026-09-17,VOD.L,131.75
2026-09-17,VOW3.DE,81.04000091552734
2026-09-17,VRSK,176.47999572753906
2026-09-17,VRSN,302.04998779296875
2026-09-17,VRTX,516.3400268554688
2026-09-17,VST,143.55999755859375
2026-09-17,VTR,87.70999908447266
2026-09-17,VTRS,17.1299991607666
2026-09-17,VZ,48.33000183105469
2026-09-17,WAB,278.82000732421875
2026-09-17,WAT,429.7200012207031
2026-09-17,WBD,28.239999771118164
2026-09-17,WDAY,199.27999877929688
2026-09-17,WDC,423.8699951171875
2026-09-17,WEC,104.7300033569336
2026-09-17,WEIR.L,2676.0
2026-09-17,WELL,232.259994506836
2026-09-17,WFC,86.88999938964844
2026-09-17,WM,213.3300018310547
2026-09-17,WMB,71.80999755859375
2026-09-17,WMT,106.79000091552734
2026-09-17,WPP.L,388.7999877929688
2026-09-17,WRB,70.0999984741211
2026-09-17,WSM,218.9199981689453
2026-09-17,WST,366.6000061035156
2026-09-17,WTB.L,2342.0
2026-09-17,WTW,310.989990234375
2026-09-17,WY,21.65999984741211
2026-09-17,WYNN,82.95999908447266
2026-09-17,XEL,73.62999725341797
2026-09-17,XOM,163.27000427246094
2026-09-17,XYL,107.5999984741211
2026-09-17,XYZ,76.47000122070312
2026-09-17,YUM,135.75
2026-09-17,ZAL.DE,21.799999237060547
2026-09-17,ZBH,94.25
2026-09-17,ZBRA,347.8099975585937
2026-09-17,ZS,197.47000122070312
2026-09-17,ZTS,73.0199966430664
2026-09-18,000001.SZ,11.699999809265137
2026-09-18,000002.SZ,3.319999933242798
2026-09-18,000012.SZ,3.7200000286102295
2026-09-18,000019.SZ,7.150000095367432
2026-09-18,000025.SZ,14.729999542236328
2026-09-18,000028.SZ,19.81999969482422
2026-09-18,000029.SZ,22.270000457763672
2026-09-18,000030.SZ,3.950000047683716
2026-09-18,000035.SZ,4.769999980926514
2026-09-18,000048.SZ,18.46999931335449
2026-09-18,000049.SZ,22.290000915527344
2026-09-18,000058.SZ,7.03000020980835
2026-09-18,000059.SZ,5.400000095367432
2026-09-18,000061.SZ,6.019999980926514
2026-09-18,000063.SZ,32.439998626708984
2026-09-18,000065.SZ,9.779999732971191
2026-09-18,000088.SZ,4.480000019073486
2026-09-18,000089.SZ,6.460000038146973
2026-09-18,000090.SZ,3.539999961853028
2026-09-18,000099.SZ,12.949999809265137
2026-09-18,0001.HK,67.9000015258789
2026-09-18,000100.SZ,4.989999771118164
2026-09-18,000156.SZ,7.03000020980835
2026-09-18,000157.SZ,6.199999809265137
2026-09-18,000166.SZ,4.400000095367432
2026-09-18,0002.HK,77.44999694824219
2026-09-18,000301.SZ,13.68000030517578
2026-09-18,000333.SZ,84.4000015258789
2026-09-18,000338.SZ,27.229999542236328
2026-09-18,000408.SZ,72.16000366210938
2026-09-18,000420.SZ,3.539999961853028
2026-09-18,000422.SZ,11.84000015258789
2026-09-18,000425.SZ,7.449999809265137
2026-09-18,000498.SZ,5.050000190734863
2026-09-18,000503.SZ,6.699999809265137
2026-09-18,000517.SZ,2.0
2026-09-18,000538.SZ,51.04999923706055
2026-09-18,000544.SZ,7.260000228881836
2026-09-18,000550.SZ,16.690000534057617
2026-09-18,000552.SZ,2.4600000381469727
2026-09-18,000555.SZ,10.399999618530272
2026-09-18,000557.SZ,3.670000076293945
2026-09-18,000567.SZ,6.110000133514404
2026-09-18,000568.SZ,71.91999816894531
2026-09-18,000581.SZ,18.14999961853028
2026-09-18,000589.SZ,4.239999771118164
2026-09-18,000596.SZ,93.77999877929688
2026-09-18,000597.SZ,4.659999847412109
2026-09-18,000600.SZ,7.300000190734863
2026-09-18,000603.SZ,34.7599983215332
2026-09-18,000612.SZ,11.399999618530272
2026-09-18,000617.SZ,6.880000114440918
2026-09-18,000620.SZ,3.200000047683716
2026-09-18,000625.SZ,7.119999885559082
2026-09-18,000628.SZ,60.47999954223633
2026-09-18,000630.SZ,6.090000152587891
2026-09-18,000650.SZ,5.179999828338623
2026-09-18,000651.SZ,38.560001373291016
2026-09-18,000657.SZ,61.7599983215332
2026-09-18,000661.SZ,71.5
2026-09-18,000672.SZ,15.020000457763672
2026-09-18,000676.SZ,6.699999809265137
2026-09-18,000680.SZ,9.380000114440918
2026-09-18,000681.SZ,16.31999969482422
2026-09-18,000682.SZ,10.720000267028809
2026-09-18,000685.SZ,10.90999984741211
2026-09-18,000686.SZ,7.730000019073486
2026-09-18,000688.SZ,25.600000381469727
2026-09-18,000690.SZ,5.309999942779541
2026-09-18,000708.SZ,13.0
2026-09-18,000712.SZ,10.0
2026-09-18,000718.SZ,2.009999990463257
2026-09-18,000719.SZ,12.239999771118164
2026-09-18,000725.SZ,5.920000076293945
2026-09-18,000727.SZ,2.240000009536743
2026-09-18,000735.SZ,5.960000038146973
2026-09-18,000737.SZ,14.399999618530272
2026-09-18,000756.SZ,13.34000015258789
2026-09-18,000758.SZ,5.980000019073486
2026-09-18,000761.SZ,2.2699999809265137
2026-09-18,000762.SZ,21.86000061035156
2026-09-18,000766.SZ,15.579999923706056
2026-09-18,000767.SZ,3.450000047683716
2026-09-18,000768.SZ,22.350000381469727
2026-09-18,000776.SZ,20.790000915527344
2026-09-18,000786.SZ,15.93000030517578
2026-09-18,000791.SZ,7.409999847412109
2026-09-18,000792.SZ,24.739999771118164
2026-09-18,000795.SZ,8.170000076293945
2026-09-18,000800.SZ,5.909999847412109
2026-09-18,000801.SZ,12.149999618530272
2026-09-18,000807.SZ,27.3700008392334
2026-09-18,000810.SZ,9.699999809265137
2026-09-18,000811.SZ,41.52000045776367
2026-09-18,000813.SZ,3.25
2026-09-18,000821.SZ,7.5
2026-09-18,000828.SZ,10.100000381469728
2026-09-18,000829.SZ,8.880000114440918
2026-09-18,000837.SZ,9.68000030517578
2026-09-18,000848.SZ,8.149999618530273
2026-09-18,000858.SZ,70.0
2026-09-18,000860.SZ,10.1899995803833
2026-09-18,000875.SZ,4.860000133514404
2026-09-18,000876.SZ,7.159999847412109
2026-09-18,000881.SZ,6.449999809265137
2026-09-18,000885.SZ,11.739999771118164
2026-09-18,000895.SZ,23.290000915527344
2026-09-18,000899.SZ,9.369999885559082
2026-09-18,000901.SZ,14.369999885559082
2026-09-18,000902.SZ,13.81999969482422
2026-09-18,000913.SZ,10.6899995803833
2026-09-18,000915.SZ,24.030000686645508
2026-09-18,000917.SZ,6.789999961853027
2026-09-18,000923.SZ,16.450000762939453
2026-09-18,000927.SZ,2.4800000190734863
2026-09-18,000928.SZ,5.409999847412109
2026-09-18,000930.SZ,5.170000076293945
2026-09-18,000935.SZ,21.239999771118164
2026-09-18,000938.SZ,33.95000076293945
2026-09-18,000950.SZ,5.210000038146973
2026-09-18,000963.SZ,26.100000381469727
2026-09-18,000966.SZ,4.059999942779541
2026-09-18,000968.SZ,6.940000057220459
2026-09-18,000969.SZ,17.260000228881836
2026-09-18,000970.SZ,11.4399995803833
2026-09-18,000975.SZ,25.51000022888184
2026-09-18,000977.SZ,71.87999725341797
2026-09-18,000983.SZ,6.440000057220459
2026-09-18,000990.SZ,6.460000038146973
2026-09-18,000999.SZ,23.600000381469727
2026-09-18,0012.HK,25.959999084472656
2026-09-18,001203.SZ,23.489999771118164
2026-09-18,001289.SZ,15.039999961853027
2026-09-18,001391.SZ,4.019999980926514
2026-09-18,0016.HK,107.6999969482422
2026-09-18,001965.SZ,9.920000076293944
2026-09-18,001979.SZ,7.070000171661377
2026-09-18,002001.SZ,26.31999969482422
2026-09-18,002027.SZ,4.659999847412109
2026-09-18,002028.SZ,138.0
2026-09-18,002049.SZ,61.27999877929688
2026-09-18,002050.SZ,35.310001373291016
2026-09-18,002074.SZ,26.13999938964844
2026-09-18,002129.SZ,8.770000457763672
2026-09-18,002142.SZ,34.650001525878906
2026-09-18,002179.SZ,35.52000045776367
2026-09-18,002180.SZ,16.09000015258789
2026-09-18,002230.SZ,38.47999954223633
2026-09-18,002236.SZ,15.739999771118164
2026-09-18,002241.SZ,23.32999992370605
2026-09-18,002252.SZ,4.929999828338623
2026-09-18,002304.SZ,38.060001373291016
2026-09-18,002311.SZ,41.97999954223633
2026-09-18,002352.SZ,30.780000686645508
2026-09-18,002371.SZ,686.510009765625
2026-09-18,002415.SZ,32.939998626708984
2026-09-18,002422.SZ,39.77000045776367
2026-09-18,002459.SZ,6.840000152587891
2026-09-18,002460.SZ,46.20000076293945
2026-09-18,002463.SZ,123.5
2026-09-18,002466.SZ,42.7599983215332
2026-09-18,002475.SZ,54.09999847412109
2026-09-18,002493.SZ,12.850000381469728
2026-09-18,002594.SZ,84.30000305175781
2026-09-18,002600.SZ,12.579999923706056
2026-09-18,002601.SZ,15.289999961853027
2026-09-18,002648.SZ,26.61000061035156
2026-09-18,0027.HK,32.619998931884766
2026-09-18,002709.SZ,33.36000061035156
2026-09-18,002714.SZ,41.34999847412109
2026-09-18,002736.SZ,9.81999969482422
2026-09-18,002916.SZ,384.5
2026-09-18,002920.SZ,84.7300033569336
2026-09-18,002938.SZ,89.87999725341797
2026-09-18,003816.SZ,4.239999771118164
2026-09-18,0101.HK,6.599999904632568
2026-09-18,0175.HK,15.9399995803833
2026-09-18,0241.HK,3.065000057220459
2026-09-18,0267.HK,13.039999961853027
2026-09-18,0285.HK,23.780000686645508
2026-09-18,0288.HK,6.605000019073486
2026-09-18,0291.HK,18.21999931335449
2026-09-18,0300.HK,99.3000030517578
2026-09-18,0316.HK,146.3000030517578
2026-09-18,0322.HK,11.720000267028809
2026-09-18,1024.HK,30.739999771118164
2026-09-18,1038.HK,65.4000015258789
2026-09-18,1044.HK,19.700000762939453
2026-09-18,1088.HK,44.459999084472656
2026-09-18,1093.HK,8.930000305175781
2026-09-18,1099.HK,15.020000457763672
2026-09-18,1109.HK,28.63999938964844
2026-09-18,1113.HK,46.18000030517578
2026-09-18,1177.HK,5.46999979019165
2026-09-18,1209.HK,37.540000915527344
2026-09-18,1211.HK,81.5
2026-09-18,1299.HK,76.75
2026-09-18,1378.HK,22.1200008392334
2026-09-18,1398.HK,7.5
2026-09-18,1810.HK,26.39999961853028
2026-09-18,1876.HK,5.925000190734863
2026-09-18,1928.HK,12.239999771118164
2026-09-18,1929.HK,11.050000190734863
2026-09-18,1997.HK,30.479999542236328
2026-09-18,2015.HK,47.560001373291016
2026-09-18,2020.HK,71.69999694824219
2026-09-18,2057.HK,163.0
2026-09-18,2269.HK,50.34999847412109
2026-09-18,2313.HK,35.040000915527344
2026-09-18,2318.HK,53.20000076293945
2026-09-18,2319.HK,17.770000457763672
2026-09-18,2331.HK,12.56999969482422
2026-09-18,2359.HK,200.0
2026-09-18,2382.HK,67.05000305175781
2026-09-18,2388.HK,52.04999923706055
2026-09-18,2618.HK,10.470000267028809
2026-09-18,2628.HK,29.3799991607666
2026-09-18,2688.HK,49.68000030517578
2026-09-18,2899.HK,34.13999938964844
2026-09-18,300014.SZ,51.560001373291016
2026-09-18,300015.SZ,8.039999961853027
2026-09-18,300033.SZ,207.1999969482422
2026-09-18,300059.SZ,18.3700008392334
2026-09-18,300122.SZ,12.75
2026-09-18,300124.SZ,52.45000076293945
2026-09-18,300274.SZ,87.25
2026-09-18,300308.SZ,926.4299926757812
2026-09-18,300316.SZ,42.720001220703125
2026-09-18,300347.SZ,57.38999938964844
2026-09-18,300394.SZ,284.6600036621094
2026-09-18,300408.SZ,130.9600067138672
2026-09-18,300413.SZ,18.07999992370605
2026-09-18,300418.SZ,43.790000915527344
2026-09-18,300433.SZ,33.47999954223633
2026-09-18,300442.SZ,63.290000915527344
2026-09-18,300498.SZ,14.789999961853027
2026-09-18,300502.SZ,445.0
2026-09-18,300628.SZ,40.959999084472656
2026-09-18,300661.SZ,125.12999725341795
2026-09-18,300750.SZ,301.95001220703125
2026-09-18,300759.SZ,43.29999923706055
2026-09-18,300760.SZ,156.8699951171875
2026-09-18,300782.SZ,73.73999786376953
2026-09-18,300832.SZ,48.93999862670898
2026-09-18,300896.SZ,89.47000122070312
2026-09-18,300979.SZ,32.369998931884766
2026-09-18,300999.SZ,25.0
2026-09-18,301236.SZ,36.9900016784668
2026-09-18,301269.SZ,88.94999694824219
2026-09-18,302132.SZ,59.13999938964844
2026-09-18,600000.SS,9.06999969482422
2026-09-18,600009.SS,22.68000030517578
2026-09-18,600010.SS,2.119999885559082
2026-09-18,600011.SS,6.800000190734863
2026-09-18,600015.SS,6.230000019073486
2026-09-18,600016.SS,3.4600000381469727
2026-09-18,600018.SS,5.360000133514404
2026-09-18,600019.SS,5.760000228881836
2026-09-18,600023.SS,5.079999923706055
2026-09-18,600025.SS,9.68000030517578
2026-09-18,600026.SS,22.06999969482422
2026-09-18,600027.SS,4.809999942779541
2026-09-18,600028.SS,5.159999847412109
2026-09-18,600029.SS,4.929999828338623
2026-09-18,600030.SS,26.540000915527344
2026-09-18,600031.SS,17.889999389648438
2026-09-18,600036.SS,40.59000015258789
2026-09-18,600039.SS,8.710000038146973
2026-09-18,600048.SS,5.320000171661377
2026-09-18,600050.SS,4.21999979019165
2026-09-18,600061.SS,6.230000019073486
2026-09-18,600066.SS,26.01000022888184
2026-09-18,600085.SS,23.21999931335449
2026-09-18,600089.SS,18.1299991607666
2026-09-18,600104.SS,11.100000381469728
2026-09-18,600111.SS,36.86000061035156
2026-09-18,600115.SS,3.4100000858306885
2026-09-18,600150.SS,39.470001220703125
2026-09-18,600160.SS,34.7400016784668
2026-09-18,600161.SS,12.170000076293944
2026-09-18,600176.SS,45.02000045776367
2026-09-18,600183.SS,143.92999267578125
2026-09-18,600188.SS,19.68000030517578
2026-09-18,600196.SS,22.030000686645508
2026-09-18,600219.SS,4.78000020980835
2026-09-18,600233.SS,18.32999992370605
2026-09-18,600276.SS,43.90999984741211
2026-09-18,600309.SS,71.1500015258789
2026-09-18,600332.SS,19.520000457763672
2026-09-18,600346.SS,16.420000076293945
2026-09-18,600362.SS,44.02999877929688
2026-09-18,600372.SS,11.40999984741211
2026-09-18,600377.SS,12.65999984741211
2026-09-18,600406.SS,22.049999237060547
2026-09-18,600415.SS,11.81999969482422
2026-09-18,600426.SS,19.46999931335449
2026-09-18,600436.SS,118.30999755859376
2026-09-18,600438.SS,11.350000381469728
2026-09-18,600460.SS,32.77000045776367
2026-09-18,600482.SS,33.95000076293945
2026-09-18,600489.SS,24.049999237060547
2026-09-18,600515.SS,2.75
2026-09-18,A,156.47000122070312
2026-09-18,A2A.MI,2.319000005722046
2026-09-18,AAF.L,316.3999938964844
2026-09-18,AAL.L,3955.0
2026-09-18,AAPL,336.1300048828125
2026-09-18,ABBV,263.9599914550781
2026-09-18,ABF.L,1806.0
2026-09-18,ABNB,166.22000122070312
2026-09-18,ABT,102.61000061035156
2026-09-18,ACGL,96.88999938964844
2026-09-18,ACN,181.2899932861328
2026-09-18,ADBE,248.9199981689453
2026-09-18,ADI,375.7200012207031
2026-09-18,ADM,85.18000030517578
2026-09-18,ADM.L,3818.0
2026-09-18,ADP,271.2200012207031
2026-09-18,ADS.DE,142.25
2026-09-18,ADSK,216.9499969482422
2026-09-18,AEE,102.2300033569336
2026-09-18,AEP,120.0
2026-09-18,AES,14.829999923706056
2026-09-18,AFL,116.33000183105467
2026-09-18,AIG,75.33000183105469
2026-09-18,AIR.DE,193.33999633789065
2026-09-18,AIZ,282.2300109863281
2026-09-18,AJG,239.47999572753903
2026-09-18,AKAM,104.5199966430664
2026-09-18,ALB,110.91000366210938
2026-09-18,ALGN,147.61000061035156
2026-09-18,ALL,249.8300018310547
2026-09-18,ALLE,152.27999877929688
2026-09-18,ALV.DE,443.2999877929688
2026-09-18,ALW.L,1350.0
2026-09-18,AMAT,444.5700073242188
2026-09-18,AMCR,41.900001525878906
2026-09-18,AMD,559.8200073242188
2026-09-18,AME,237.63999938964844
2026-09-18,AMGN,385.6499938964844
2026-09-18,AMP,544.3300170898438
2026-09-18,AMP.MI,11.395000457763672
2026-09-18,AMT,173.97999572753906
2026-09-18,AMZN,253.7100067138672
2026-09-18,ANET,199.38999938964844
2026-09-18,ANTO.L,3657.0
2026-09-18,AON,295.6400146484375
2026-09-18,AOS,56.95000076293945
2026-09-18,APA,44.869998931884766
2026-09-18,APD,284.17999267578125
2026-09-18,APH,77.55000305175781
2026-09-18,APO,125.91000366210938
2026-09-18,APP,308.0599975585937
2026-09-18,APTV,43.59000015258789
2026-09-18,ARE,53.29999923706055
2026-09-18,ARM,275.6099853515625
2026-09-18,ASML,1679.9200439453125
2026-09-18,ATO,160.3000030517578
2026-09-18,AUTO.L,488.2000122070313
2026-09-18,AVGO,357.6099853515625
2026-09-18,AVY,167.7100067138672
2026-09-18,AWK,135.89999389648438
2026-09-18,AXON,447.760009765625
2026-09-18,AXP,311.5599975585937
2026-09-18,AZM.MI,39.04999923706055
2026-09-18,AZN,166.0800018310547
2026-09-18,AZN.L,12500.0
2026-09-18,AZO,2855.31005859375
2026-09-18,BA,198.1999969482422
2026-09-18,BAB.L,986.0
2026-09-18,BAC,57.72999954223633
2026-09-18,BALL,60.150001525878906
2026-09-18,BAMI.MI,15.699999809265137
2026-09-18,BARC.L,462.2000122070313
2026-09-18,BAS.DE,51.619998931884766
2026-09-18,BATS.L,4196.0
2026-09-18,BAX,22.799999237060547
2026-09-18,BAYN.DE,48.09000015258789
2026-09-18,BBY,92.8499984741211
2026-09-18,BDX,180.94000244140625
2026-09-18,BEI.DE,74.30000305175781
2026-09-18,BEN,33.0099983215332
2026-09-18,BEZ.L,1305.0
2026-09-18,BFF.MI,3.009999990463257
2026-09-18,BG,115.58000183105467
2026-09-18,BIIB,215.5
2026-09-18,BKG.L,3288.0
2026-09-18,BKNG,167.89999389648438
2026-09-18,BKR,57.25
2026-09-18,BLDR,58.119998931884766
2026-09-18,BLK,1069.780029296875
2026-09-18,BMED.MI,23.270000457763672
2026-09-18,BMPS.MI,11.763999938964844
2026-09-18,BMW.DE,60.400001525878906
2026-09-18,BMY,63.060001373291016
2026-09-18,BNR.DE,59.93999862670898
2026-09-18,BNZL.L,2614.0
2026-09-18,BPE.MI,14.20199966430664
2026-09-18,BR,163.1300048828125
2026-09-18,BRBY.L,996.0
2026-09-18,BRO,65.0199966430664
2026-09-18,BSX,43.34000015258789
2026-09-18,BTRW.L,305.70001220703125
2026-09-18,BX,124.95999908447266
2026-09-18,BXP,63.16999816894531
2026-09-18,BZU.MI,37.29999923706055
2026-09-18,C,131.77000427246094
2026-09-18,CAG,15.130000114440918
2026-09-18,CAH,225.3800048828125
2026-09-18,CARR,53.880001068115234
2026-09-18,CAT,808.989990234375
2026-09-18,CB,340.6400146484375
2026-09-18,CBK.DE,40.63999938964844
2026-09-18,CBOE,272.8599853515625
2026-09-18,CBRE,139.5
2026-09-18,CCEP,99.7699966430664
2026-09-18,CCEP.L,7495.0
2026-09-18,CCH.L,4248.0
2026-09-18,CCI,73.05999755859375
2026-09-18,CCL,21.84000015258789
2026-09-18,CDNS,282.8999938964844
2026-09-18,CDW,146.19000244140625
2026-09-18,CEG,254.7100067138672
2026-09-18,CF,127.6999969482422
2026-09-18,CFG,67.04000091552734
2026-09-18,CHD,94.75
2026-09-18,CHRW,152.99000549316406
2026-09-18,CHTR,128.1699981689453
2026-09-18,CI,275.2799987792969
2026-09-18,CINF,169.0
2026-09-18,CL,87.47000122070312
2026-09-18,CLX,83.0999984741211
2026-09-18,CMCSA,22.739999771118164
2026-09-18,CME,276.010009765625
2026-09-18,CMG,33.43000030517578
2026-09-18,CMI,532.22998046875
2026-09-18,CMS,65.33999633789062
2026-09-18,CNA.L,147.0500030517578
2026-09-18,CNC,65.11000061035156
2026-09-18,CNP,38.220001220703125
2026-09-18,COF,202.42999267578125
2026-09-18,COIN,194.25
2026-09-18,CON.DE,67.55999755859375
2026-09-18,COO,55.290000915527344
2026-09-18,COP,131.8300018310547
2026-09-18,COR,308.7799987792969
2026-09-18,COST,895.3099975585938
2026-09-18,CPAY,397.760009765625
2026-09-18,CPB,20.690000534057617
2026-09-18,CPG.L,29.96999931335449
2026-09-18,CPR.MI,5.8979997634887695
2026-09-18,CPRT,29.280000686645508
2026-09-18,CPT,99.12000274658205
2026-09-18,CRDA.L,3163.0
2026-09-18,CRL,278.0599975585937
2026-09-18,CRM,237.9199981689453
2026-09-18,CRWD,237.6499938964844
2026-09-18,CSCO,109.51000213623048
2026-09-18,CSGP,29.09000015258789
2026-09-18,CSX,47.09999847412109
2026-09-18,CTAS,197.63999938964844
2026-09-18,CTEC.L,214.0
2026-09-18,CTSH,59.869998931884766
2026-09-18,CTVA,80.52999877929688
2026-09-18,CVS,88.83999633789062
2026-09-18,CVX,209.509994506836
2026-09-18,D,63.58000183105469
2026-09-18,DAL,79.62000274658203
2026-09-18,DASH,192.94000244140625
2026-09-18,DB1.DE,278.0
2026-09-18,DBK.DE,33.04999923706055
2026-09-18,DCC.L,6425.0
2026-09-18,DD,129.00999450683594
2026-09-18,DDOG,229.9199981689453
2026-09-18,DE,683.989990234375
2026-09-18,DECK,78.43000030517578
2026-09-18,DELL,568.0599975585938
2026-09-18,DG,122.41000366210938
2026-09-18,DGE.L,1606.0
2026-09-18,DGX,246.4499969482422
2026-09-18,DHI,138.02000427246094
2026-09-18,DHL.DE,56.0
2026-09-18,DHR,211.8099975585937
2026-09-18,DIA.MI,76.62000274658203
2026-09-18,DIS,102.66999816894533
2026-09-18,DLR,182.1199951171875
2026-09-18,DLTR,111.95999908447266
2026-09-18,DOC,20.32999992370605
2026-09-18,DOV,187.4199981689453
2026-09-18,DOW,28.729999542236328
2026-09-18,DPLM.L,7320.0
2026-09-18,DPZ,294.20001220703125
2026-09-18,DRI,209.27999877929688
2026-09-18,DTE,128.52000427246094
2026-09-18,DTE.DE,27.11000061035156
2026-09-18,DTG.DE,43.4900016784668
2026-09-18,DUK,117.52999877929688
2026-09-18,DVA,183.8600006103516
2026-09-18,DVN,48.61000061035156
2026-09-18,DXCM,89.3499984741211
2026-09-18,EBAY,111.83999633789062
2026-09-18,ECL,269.4599914550781
2026-09-18,ED,105.43000030517578
2026-09-18,EDV.L,4647.0
2026-09-18,EFX,158.8699951171875
2026-09-18,EG,374.8500061035156
2026-09-18,EIX,55.310001373291016
2026-09-18,EL,93.43000030517578
2026-09-18,ELV,410.9500122070313
2026-09-18,EME,750.0900268554688
2026-09-18,EMR,149.9199981689453
2026-09-18,ENEL.MI,8.869000434875488
2026-09-18,ENI.MI,23.68000030517578
2026-09-18,ENR.DE,140.1999969482422
2026-09-18,ENT.L,476.7000122070313
2026-09-18,EOAN.DE,17.3700008392334
2026-09-18,EOG,144.22999572753906
2026-09-18,EPAM,114.0
2026-09-18,EQIX,1021.3400268554688
2026-09-18,EQT,50.0
2026-09-18,ERG.MI,22.63999938964844
2026-09-18,ERIE,239.0500030517578
2026-09-18,ES,67.72000122070312
2026-09-18,ESS,270.04998779296875
2026-09-18,ETN,424.7699890136719
2026-09-18,ETR,102.01000213623048
2026-09-18,EVRG,79.77999877929688
2026-09-18,EW,88.26000213623047
2026-09-18,EXC,42.06999969482422
2026-09-18,EXE,87.48999786376953
2026-09-18,EXPD,190.94000244140625
2026-09-18,EXPE,279.3500061035156
2026-09-18,EXPN.L,2727.0
2026-09-18,EXR,136.7100067138672
2026-09-18,EZJ.L,667.4000244140625
2026-09-18,F,13.210000038146973
2026-09-18,FANG,192.4199981689453
2026-09-18,FAST,49.0099983215332
2026-09-18,FCIT.L,338.6000061035156
2026-09-18,FCX,71.54000091552734
2026-09-18,FDS,283.8299865722656
2026-09-18,FDX,303.6499938964844
2026-09-18,FE,45.2599983215332
2026-09-18,FFIV,432.0299987792969
2026-09-18,FICO,949.6799926757812
2026-09-18,FIS,35.619998931884766
2026-09-18,FISV,47.18999862670898
2026-09-18,FITB,52.90999984741211
2026-09-18,FME.DE,38.68999862670898
2026-09-18,FOX,57.7400016784668
2026-09-18,FOXA,64.44999694824219
2026-09-18,FRE.DE,45.91999816894531
2026-09-18,FRES.L,3035.0
2026-09-18,FRT,110.91000366210938
2026-09-18,FSLR,195.9600067138672
2026-09-18,FTNT,169.83999633789062
2026-09-18,FTV,55.0
2026-09-18,G.MI,45.27999877929688
2026-09-18,G1A.DE,64.5
2026-09-18,G24.DE,73.75
2026-09-18,GAW.L,17660.0
2026-09-18,GD,353.04998779296875
2026-09-18,GDDY,97.45999908447266
2026-09-18,GE,314.2699890136719
2026-09-18,GEHC,64.12999725341797
2026-09-18,GEN,29.01000022888184
2026-09-18,GEV,940.3300170898438
2026-09-18,GFS,47.81999969482422
2026-09-18,GILD,150.11000061035156
2026-09-18,GIS,36.31999969482422
2026-09-18,GL,173.4199981689453
2026-09-18,GLEN.L,556.7999877929688
2026-09-18,GLW,150.1300048828125
2026-09-18,GM,82.19999694824219
2026-09-18,GNRC,207.44000244140625
2026-09-18,GOOG,344.4100036621094
2026-09-18,GOOGL,349.5400085449219
2026-09-18,GPC,128.0800018310547
2026-09-18,GPN,85.05999755859375
2026-09-18,GRMN,274.0599975585937
2026-09-18,GS,942.0
2026-09-18,GSK.L,1877.5
2026-09-18,GWW,1266.6099853515625
2026-09-18,HAL,33.63999938964844
2026-09-18,HAS,87.56999969482422
2026-09-18,HBAN,15.880000114440918
2026-09-18,HCA,427.7099914550781
2026-09-18,HD,299.9800109863281
2026-09-18,HEI.DE,143.89999389648438
2026-09-18,HEN3.DE,72.94000244140625
2026-09-18,HER.MI,3.5999999046325684
2026-09-18,HIG,131.88999938964844
2026-09-18,HII,272.8599853515625
2026-09-18,HIK.L,1600.0
2026-09-18,HLMA.L,3490.0
2026-09-18,HLN.L,340.70001220703125
2026-09-18,HLT,305.7300109863281
2026-09-18,HNR1.DE,252.3999938964844
2026-09-18,HON,206.4600067138672
2026-09-18,HOOD,119.81999969482422
2026-09-18,HPE,60.7599983215332
2026-09-18,HPQ,34.400001525878906
2026-09-18,HRL,20.82999992370605
2026-09-18,HSBA.L,1512.5999755859375
2026-09-18,HSIC,84.83999633789062
2026-09-18,HST,21.84000015258789
2026-09-18,HSX.L,1924.0
2026-09-18,HSY,169.7899932861328
2026-09-18,HUBB,446.9200134277344
2026-09-18,HUM,386.2200012207031
2026-09-18,HWDN.L,750.0
2026-09-18,HWM,229.6699981689453
2026-09-18,IAG.L,419.2999877929688
2026-09-18,IBKR,90.69000244140624
2026-09-18,IBM,229.5500030517578
2026-09-18,ICE,155.47000122070312
2026-09-18,ICG.L,1860.0
2026-09-18,IDXX,511.6499938964844
2026-09-18,IEX,223.72000122070312
2026-09-18,IFF,82.95999908447266
2026-09-18,IFX.DE,55.86000061035156
2026-09-18,IG.MI,8.449999809265137
2026-09-18,IHG.L,151.85000610351562
2026-09-18,III.L,2664.0
2026-09-18,IMB.L,2492.0
2026-09-18,IMI.L,3094.0
2026-09-18,INCY,125.30999755859376
2026-09-18,INF.L,874.5999755859375
2026-09-18,INTC,108.5999984741211
2026-09-18,INTU,303.19000244140625
2026-09-18,INVH,26.90999984741211
2026-09-18,INW.MI,6.514999866485596
2026-09-18,IP,34.529998779296875
2026-09-18,IP.MI,35.2599983215332
2026-09-18,IQV,266.4200134277344
2026-09-18,IR,71.83000183105469
2026-09-18,IRM,114.33999633789062
2026-09-18,ISP.MI,6.668000221252441
2026-09-18,ISRG,393.3299865722656
2026-09-18,IT,185.77999877929688
2026-09-18,ITRK.L,5865.0
2026-09-18,ITW,269.4200134277344
2026-09-18,IVZ,30.530000686645508
2026-09-18,J,143.39999389648438
2026-09-18,JBHT,234.25
2026-09-18,JBL,299.57000732421875
2026-09-18,JCI,143.27999877929688
2026-09-18,JKHY,154.85000610351562
2026-09-18,JNJ,269.989990234375
2026-09-18,JPM,349.6700134277344
2026-09-18,KDP,30.959999084472656
2026-09-18,KEY,20.809999465942383
2026-09-18,KEYS,335.0
2026-09-18,KGF.L,301.79998779296875
2026-09-18,KHC,24.43000030517578
2026-09-18,KIM,22.530000686645508
2026-09-18,KKR,98.80999755859376
2026-09-18,KLAC,176.99000549316406
2026-09-18,KMB,97.86000061035156
2026-09-18,KMI,31.84000015258789
2026-09-18,KO,88.25
2026-09-18,KR,60.0
2026-09-18,KVUE,17.809999465942383
2026-09-18,L,107.7699966430664
2026-09-18,LAND.L,625.5
2026-09-18,LDO.MI,50.45000076293945
2026-09-18,LDOS,127.69000244140624
2026-09-18,LEN,76.43000030517578
2026-09-18,LGEN.L,293.5
2026-09-18,LH,320.7099914550781
2026-09-18,LHX,247.2899932861328
2026-09-18,LII,359.2300109863281
2026-09-18,LIN,460.3999938964844
2026-09-18,LKQ,23.299999237060547
2026-09-18,LLOY.L,108.9499969482422
2026-09-18,LLY,1152.9300537109375
2026-09-18,LMP.L,178.3000030517578
2026-09-18,LMT,533.3800048828125
2026-09-18,LNT,65.6050033569336
2026-09-18,LOW,192.4900054931641
2026-09-18,LRCX,288.1099853515625
2026-09-18,LSEG.L,8246.0
2026-09-18,LULU,98.05999755859376
2026-09-18,LUV,40.97999954223633
2026-09-18,LVS,39.97999954223633
2026-09-18,LW,46.66999816894531
2026-09-18,LYB,61.93000030517578
2026-09-18,LYV,167.1199951171875
2026-09-18,MA,565.239990234375
2026-09-18,MAA,118.93000030517578
2026-09-18,MAR,338.9200134277344
2026-09-18,MAS,68.05999755859375
2026-09-18,MB.MI,28.479999542236328
2026-09-18,MBG.DE,43.994998931884766
2026-09-18,MCD,248.2400054931641
2026-09-18,MCHP,73.2699966430664
2026-09-18,MCK,874.6500244140625
2026-09-18,MCO,468.5899963378906
2026-09-18,MDLZ,60.84999847412109
2026-09-18,MDT,92.12999725341795
2026-09-18,MELI,1787.3900146484375
2026-09-18,MET,97.04000091552734
2026-09-18,META,665.75
2026-09-18,MGM,37.810001373291016
2026-09-18,MHK,126.08999633789062
2026-09-18,MKC,48.720001220703125
2026-09-18,MKS.L,355.29998779296875
2026-09-18,MLM,490.6400146484375
2026-09-18,MMM,165.88999938964844
2026-09-18,MNDI.L,832.5999755859375
2026-09-18,MNG.L,332.1000061035156
2026-09-18,MNST,44.709999084472656
2026-09-18,MO,69.5199966430664
2026-09-18,MOH,200.7899932861328
2026-09-18,MONC.MI,43.25
2026-09-18,MOS,24.479999542236328
2026-09-18,MPC,424.8900146484375
2026-09-18,MPWR,1217.800048828125
2026-09-18,MRK,146.8699951171875
2026-09-18,MRK.DE,129.85000610351562
2026-09-18,MRNA,154.0399932861328
2026-09-18,MRO.L,478.2000122070313
2026-09-18,MRVL,244.25
2026-09-18,MS,202.5800018310547
2026-09-18,MSCI,552.8699951171875
2026-09-18,MSFT,493.7799987792969
2026-09-18,MSI,458.6700134277344
2026-09-18,MSTR,153.9199981689453
2026-09-18,MTB,227.3099975585937
2026-09-18,MTCH,43.20000076293945
2026-09-18,MTD,1392.3199462890625
2026-09-18,MTLN.L,44.220001220703125
2026-09-18,MTX.DE,339.8999938964844
2026-09-18,MU,1015.7999877929688
2026-09-18,MUV2.DE,505.7999877929688
2026-09-18,NCLH,14.119999885559082
2026-09-18,NDAQ,93.54000091552734
2026-09-18,NDSN,311.57000732421875
2026-09-18,NEE,80.47000122070312
2026-09-18,NEM,123.41000366210938
2026-09-18,NEXI.MI,4.145999908447266
2026-09-18,NFLX,71.79000091552734
2026-09-18,NI,40.58000183105469
2026-09-18,NKE,35.5099983215332
2026-09-18,NOC,527.3900146484375
2026-09-18,NOW,135.47000122070312
2026-09-18,NRG,103.66000366210938
2026-09-18,NSC,314.1600036621094
2026-09-18,NTAP,197.7899932861328
2026-09-18,NTRS,177.88999938964844
2026-09-18,NUE,248.3800048828125
2026-09-18,NVDA,222.2700042724609
2026-09-18,NVR,6150.47021484375
2026-09-18,NWG.L,699.4000244140625
2026-09-18,NWS,32.68000030517578
2026-09-18,NWSA,29.780000686645508
2026-09-18,NXPI,227.9900054931641
2026-09-18,NXT.L,14210.0
2026-09-18,O,56.65999984741211
2026-09-18,ODFL,173.0
2026-09-18,OKE,93.45999908447266
2026-09-18,OMC,76.56999969482422
2026-09-18,ON,69.9800033569336
2026-09-18,ORCL,147.61000061035156
2026-09-18,ORLY,84.70999908447266
2026-09-18,OTIS,68.5199966430664
2026-09-18,OXY,58.84000015258789
2026-09-18,PAH3.DE,28.420000076293945
2026-09-18,PANW,363.5799865722656
2026-09-18,PAYC,226.27999877929688
2026-09-18,PAYX,116.13999938964844
2026-09-18,PCAR,116.05999755859376
2026-09-18,PCG,13.199999809265137
2026-09-18,PCT.L,660.0
2026-09-18,PDD,78.9000015258789
2026-09-18,PEG,69.7699966430664
2026-09-18,PEP,129.75
2026-09-18,PFE,27.65999984741211
2026-09-18,PFG,117.66999816894533
2026-09-18,PG,146.38999938964844
2026-09-18,PGR,213.47999572753903
2026-09-18,PH,943.5399780273438
2026-09-18,PHM,117.26000213623048
2026-09-18,PKG,232.7700042724609
2026-09-18,PLD,134.83999633789062
2026-09-18,PLTR,177.63999938964844
2026-09-18,PM,188.6199951171875
2026-09-18,PNC,233.1699981689453
2026-09-18,PNR,55.91999816894531
2026-09-18,PNW,94.20999908447266
2026-09-18,PODD,140.60000610351562
2026-09-18,POOL,167.9600067138672
2026-09-18,PPG,104.5199966430664
2026-09-18,PPL,33.34000015258789
2026-09-18,PRU,118.4000015258789
2026-09-18,PRU.L,970.0
2026-09-18,PRY.MI,122.4499969482422
2026-09-18,PSA,296.3099975585937
2026-09-18,PSH.L,3662.0
2026-09-18,PSKY,10.210000038146973
2026-09-18,PSN.L,1151.5
2026-09-18,PSON.L,1178.5
2026-09-18,PST.MI,26.88999938964844
2026-09-18,PSX,273.1300048828125
2026-09-18,PTC,135.88999938964844
2026-09-18,PWR,636.7100219726562
2026-09-18,PYPL,52.40999984741211
2026-09-18,Q,120.0500030517578
2026-09-18,QCOM,177.72000122070312
2026-09-18,QIA.DE,38.40999984741211
2026-09-18,RACE.MI,353.75
2026-09-18,RCL,245.8099975585937
2026-09-18,REC.MI,52.70000076293945
2026-09-18,REG,72.94999694824219
2026-09-18,REGN,784.6680297851562
2026-09-18,REL.L,2499.0
2026-09-18,RF,28.5
2026-09-18,RHM.DE,1011.7999877929688
2026-09-18,RIO.L,7218.0
2026-09-18,RJF,164.75
2026-09-18,RKT.L,4928.0
2026-09-18,RL,335.1000061035156
2026-09-18,RMD,224.9900054931641
2026-09-18,RMV.L,488.8999938964844
2026-09-18,ROK,415.6199951171875
2026-09-18,ROL,32.43000030517578
2026-09-18,ROP,372.739990234375
2026-09-18,ROST,226.6100006103516
2026-09-18,RSG,218.07000732421875
2026-09-18,RTO.L,319.29998779296875
2026-09-18,RTX,194.0
2026-09-18,RVTY,143.4499969482422
2026-09-18,RWE.DE,60.43999862670898
2026-09-18,SAP.DE,183.1199951171875
2026-09-18,SBAC,178.58999633789062
2026-09-18,SBRY.L,334.8999938964844
2026-09-18,SBUX,95.83000183105467
2026-09-18,SCHW,105.25
2026-09-18,SDR.L,587.5
2026-09-18,SFER.MI,7.605000019073486
2026-09-18,SGE.L,1008.5
2026-09-18,SGRO.L,936.7999877929688
2026-09-18,SHEL.L,3539.0
2026-09-18,SHL.DE,37.77000045776367
2026-09-18,SHOP,128.5
2026-09-18,SHW,320.7300109863281
2026-09-18,SIE.DE,264.0
2026-09-18,SJM,122.9499969482422
2026-09-18,SLB,51.119998931884766
2026-09-18,SMCI,39.09000015258789
2026-09-18,SMIN.L,2537.0
2026-09-18,SMT.L,1513.5
2026-09-18,SNA,372.1499938964844
2026-09-18,SNDK,1791.8199462890625
2026-09-18,SNPS,384.9700012207031
2026-09-18,SO,85.5199966430664
2026-09-18,SOLS,57.310001373291016
2026-09-18,SOLV,88.83999633789062
2026-09-18,SPG,205.32000732421875
2026-09-18,SPGI,405.3200073242188
2026-09-18,SPM.MI,4.264999866485596
2026-09-18,SPX.L,6905.0
2026-09-18,SRE,81.30999755859375
2026-09-18,SRG.MI,5.5960001945495605
2026-09-18,SSE.L,2432.0
2026-09-18,STAN.L,2280.0
2026-09-18,STE,205.0399932861328
2026-09-18,STJ.L,1096.5
2026-09-18,STLD,235.259994506836
2026-09-18,STT,182.8699951171875
2026-09-18,STX,858.7899780273438
2026-09-18,STZ,118.97000122070312
2026-09-18,SVT.L,3054.0
2026-09-18,SW,44.33000183105469
2026-09-18,SWK,89.58000183105469
2026-09-18,SWKS,88.76000213623047
2026-09-18,SY1.DE,89.0199966430664
2026-09-18,SYF,75.04000091552734
2026-09-18,SYK,275.1199951171875
2026-09-18,SYY,79.05000305175781
2026-09-18,T,25.39999961853028
2026-09-18,TAP,37.52999877929688
2026-09-18,TDG,1086.050048828125
2026-09-18,TDY,603.4600219726562
2026-09-18,TEAM,192.0200042724609
2026-09-18,TECH,72.37000274658203
2026-09-18,TEL,205.4199981689453
2026-09-18,TEN.MI,24.43000030517578
2026-09-18,TER,371.4700012207031
2026-09-18,TFC,48.560001373291016
2026-09-18,TGT,158.19000244140625
2026-09-18,TIT.MI,7.744999885559082
2026-09-18,TJX,127.23999786376952
2026-09-18,TKO,189.259994506836
2026-09-18,TMO,651.4500122070312
2026-09-18,TMUS,168.17999267578125
2026-09-18,TPL,352.6700134277344
2026-09-18,TPR,115.0
2026-09-18,TRGP,292.19000244140625
2026-09-18,TRI,94.38999938964844
2026-09-18,TRMB,57.560001373291016
2026-09-18,TRN.MI,9.326000213623049
2026-09-18,TROW,104.16000366210938
2026-09-18,TRV,374.6199951171875
2026-09-18,TSCO,32.209999084472656
2026-09-18,TSCO.L,476.2000122070313
2026-09-18,TSLA,364.2699890136719
2026-09-18,TSN,52.77000045776367
2026-09-18,TT,429.1099853515625
2026-09-18,TTD,13.920000076293944
2026-09-18,TTWO,205.4499969482422
2026-09-18,TXN,266.6400146484375
2026-09-18,TXT,79.69000244140625
2026-09-18,TYL,337.5
2026-09-18,UAL,108.70999908447266
2026-09-18,UBER,70.5
2026-09-18,UCG.MI,81.12999725341797
2026-09-18,UDR,33.900001525878906
2026-09-18,UHS,176.69000244140625
2026-09-18,ULTA,540.97998046875
2026-09-18,ULVR.L,4621.0
2026-09-18,UNH,376.8999938964844
2026-09-18,UNI.MI,27.59000015258789
2026-09-18,UNP,279.3699951171875
2026-09-18,UPS,99.05999755859376
2026-09-18,URI,1013.9099731445312
2026-09-18,USB,60.060001373291016
2026-09-18,V,368.2900085449219
2026-09-18,VICI,23.71999931335449
2026-09-18,VLO,413.2799987792969
2026-09-18,VLTO,94.48999786376952
2026-09-18,VMC,240.8300018310547
2026-09-18,VNA.DE,17.700000762939453
2026-09-18,VOD.L,126.1500015258789
2026-09-18,VOW3.DE,76.5199966430664
2026-09-18,VRSK,175.41000366210938
2026-09-18,VRSN,303.1199951171875
2026-09-18,VRTX,508.3399963378906
2026-09-18,VST,140.6699981689453
2026-09-18,VTR,86.69000244140625
2026-09-18,VTRS,16.950000762939453
2026-09-18,VZ,48.09000015258789
2026-09-18,WAB,280.2300109863281
2026-09-18,WAT,421.6300048828125
2026-09-18,WBD,27.799999237060547
2026-09-18,WDAY,193.8699951171875
2026-09-18,WDC,441.3599853515625
2026-09-18,WEC,103.16999816894533
2026-09-18,WEIR.L,2620.0
2026-09-18,WELL,228.8699951171875
2026-09-18,WFC,86.12000274658203
2026-09-18,WM,211.1000061035156
2026-09-18,WMB,72.05000305175781
2026-09-18,WMT,106.7300033569336
2026-09-18,WPP.L,384.3999938964844
2026-09-18,WRB,69.98999786376953
2026-09-18,WSM,224.1999969482422
2026-09-18,WST,362.30999755859375
2026-09-18,WTB.L,2310.0
2026-09-18,WTW,309.9800109863281
2026-09-18,WY,21.21999931335449
2026-09-18,WYNN,81.68000030517578
2026-09-18,XEL,72.30000305175781
2026-09-18,XOM,163.5399932861328
2026-09-18,XYL,107.55999755859376
2026-09-18,XYZ,76.27999877929688
2026-09-18,YUM,137.99000549316406
2026-09-18,ZAL.DE,21.520000457763672
2026-09-18,ZBH,95.36000061035156
2026-09-18,ZBRA,346.6300048828125
2026-09-18,ZS,197.3099975585937
2026-09-18,ZTS,71.4000015258789
2026-09-21,000001.SZ,11.729999542236328
2026-09-21,000002.SZ,3.650000095367432
2026-09-21,000012.SZ,3.7799999713897705
2026-09-21,000019.SZ,7.199999809265137
2026-09-21,000025.SZ,15.279999732971191
2026-09-21,000028.SZ,20.030000686645508
2026-09-21,000029.SZ,21.14999961853028
2026-09-21,000030.SZ,3.9600000381469727
2026-09-21,000035.SZ,5.050000190734863
2026-09-21,000048.SZ,18.170000076293945
2026-09-21,000049.SZ,22.43000030517578
2026-09-21,000058.SZ,7.300000190734863
2026-09-21,000059.SZ,5.75
2026-09-21,000061.SZ,6.110000133514404
2026-09-21,000063.SZ,33.150001525878906
2026-09-21,000065.SZ,10.170000076293944
2026-09-21,000088.SZ,4.559999942779541
2026-09-21,000089.SZ,6.650000095367432
2026-09-21,000090.SZ,3.650000095367432
2026-09-21,000099.SZ,13.050000190734863
2026-09-21,0001.HK,67.55000305175781
2026-09-21,000100.SZ,5.079999923706055
2026-09-21,000156.SZ,7.170000076293945
2026-09-21,000157.SZ,6.199999809265137
2026-09-21,000166.SZ,4.46999979019165
2026-09-21,0002.HK,77.8499984741211
2026-09-21,000301.SZ,13.899999618530272
2026-09-21,000333.SZ,80.9000015258789
2026-09-21,000338.SZ,27.07999992370605
2026-09-21,000408.SZ,72.30999755859375
2026-09-21,000420.SZ,3.569999933242798
2026-09-21,000422.SZ,11.979999542236328
2026-09-21,000425.SZ,7.389999866485596
2026-09-21,000498.SZ,5.070000171661377
2026-09-21,000503.SZ,6.889999866485596
2026-09-21,000517.SZ,2.059999942779541
2026-09-21,000538.SZ,51.09000015258789
2026-09-21,000544.SZ,7.300000190734863
2026-09-21,000550.SZ,16.59000015258789
2026-09-21,000552.SZ,2.5299999713897705
2026-09-21,000555.SZ,10.520000457763672
2026-09-21,000557.SZ,3.7100000381469727
2026-09-21,000567.SZ,6.28000020980835
2026-09-21,000568.SZ,72.19999694824219
2026-09-21,000581.SZ,18.010000228881836
2026-09-21,000589.SZ,4.269999980926514
2026-09-21,000596.SZ,95.45999908447266
2026-09-21,000597.SZ,4.889999866485596
2026-09-21,000600.SZ,7.340000152587891
2026-09-21,000603.SZ,34.18000030517578
2026-09-21,000612.SZ,11.31999969482422
2026-09-21,000617.SZ,6.96999979019165
2026-09-21,000620.SZ,3.2699999809265137
2026-09-21,000625.SZ,7.150000095367432
2026-09-21,000628.SZ,60.0099983215332
2026-09-21,000630.SZ,6.090000152587891
2026-09-21,000650.SZ,5.329999923706055
2026-09-21,000651.SZ,38.0
2026-09-21,000657.SZ,60.4900016784668
2026-09-21,000661.SZ,74.12999725341797
2026-09-21,000672.SZ,15.510000228881836
2026-09-21,000676.SZ,6.769999980926514
2026-09-21,000680.SZ,9.390000343322754
2026-09-21,000681.SZ,16.40999984741211
2026-09-21,000682.SZ,10.729999542236328
2026-09-21,000685.SZ,10.949999809265137
2026-09-21,000686.SZ,7.809999942779541
2026-09-21,000688.SZ,26.030000686645508
2026-09-21,000690.SZ,5.230000019073486
2026-09-21,000708.SZ,12.84000015258789
2026-09-21,000712.SZ,10.350000381469728
2026-09-21,000718.SZ,2.0799999237060547
2026-09-21,000719.SZ,12.010000228881836
2026-09-21,000725.SZ,6.070000171661377
2026-09-21,000727.SZ,2.289999961853028
2026-09-21,000735.SZ,6.090000152587891
2026-09-21,000737.SZ,14.43000030517578
2026-09-21,000756.SZ,14.670000076293944
2026-09-21,000758.SZ,5.989999771118164
2026-09-21,000761.SZ,2.3299999237060547
2026-09-21,000762.SZ,22.170000076293945
2026-09-21,000766.SZ,15.8100004196167
2026-09-21,000767.SZ,3.440000057220459
2026-09-21,000768.SZ,22.90999984741211
2026-09-21,000776.SZ,20.979999542236328
2026-09-21,000786.SZ,16.270000457763672
2026-09-21,000791.SZ,7.300000190734863
2026-09-21,000792.SZ,24.959999084472656
2026-09-21,000795.SZ,8.289999961853027
2026-09-21,000800.SZ,5.929999828338623
2026-09-21,000801.SZ,12.149999618530272
2026-09-21,000807.SZ,26.770000457763672
2026-09-21,000810.SZ,9.68000030517578
2026-09-21,000811.SZ,40.02999877929688
2026-09-21,000813.SZ,3.359999895095825
2026-09-21,000821.SZ,7.519999980926514
2026-09-21,000828.SZ,10.100000381469728
2026-09-21,000829.SZ,9.770000457763672
2026-09-21,000837.SZ,9.829999923706056
2026-09-21,000848.SZ,8.170000076293945
2026-09-21,000858.SZ,70.2699966430664
2026-09-21,000860.SZ,10.670000076293944
2026-09-21,000875.SZ,4.808000087738037
2026-09-21,000876.SZ,7.28000020980835
2026-09-21,000881.SZ,6.599999904632568
2026-09-21,000885.SZ,11.800000190734863
2026-09-21,000895.SZ,23.26000022888184
2026-09-21,000899.SZ,9.390000343322754
2026-09-21,000901.SZ,14.479999542236328
2026-09-21,000902.SZ,14.029999732971191
2026-09-21,000913.SZ,10.760000228881836
2026-09-21,000915.SZ,24.3799991607666
2026-09-21,000917.SZ,7.03000020980835
2026-09-21,000923.SZ,16.399999618530273
2026-09-21,000927.SZ,2.5
2026-09-21,000928.SZ,5.489999771118164
2026-09-21,000930.SZ,5.409999847412109
2026-09-21,000935.SZ,21.14999961853028
2026-09-21,000938.SZ,33.84000015258789
2026-09-21,000950.SZ,5.340000152587891
2026-09-21,000963.SZ,26.76000022888184
2026-09-21,000966.SZ,4.059999942779541
2026-09-21,000968.SZ,7.159999847412109
2026-09-21,000969.SZ,17.479999542236328
2026-09-21,000970.SZ,11.68000030517578
2026-09-21,000975.SZ,24.6200008392334
2026-09-21,000977.SZ,71.8499984741211
2026-09-21,000983.SZ,6.599999904632568
2026-09-21,000990.SZ,6.679999828338623
2026-09-21,000999.SZ,23.950000762939453
2026-09-21,0012.HK,26.34000015258789
2026-09-21,001203.SZ,24.739999771118164
2026-09-21,001289.SZ,15.050000190734863
2026-09-21,001391.SZ,4.019999980926514
2026-09-21,0016.HK,110.5
2026-09-21,001965.SZ,9.699999809265137
2026-09-21,001979.SZ,7.380000114440918
2026-09-21,002001.SZ,26.76000022888184
2026-09-21,002027.SZ,4.760000228881836
2026-09-21,002028.SZ,138.88999938964844
2026-09-21,002049.SZ,61.369998931884766
2026-09-21,002050.SZ,36.18000030517578
2026-09-21,002074.SZ,26.670000076293945
2026-09-21,002129.SZ,9.020000457763672
2026-09-21,002142.SZ,34.88999938964844
2026-09-21,002179.SZ,35.630001068115234
2026-09-21,002180.SZ,17.450000762939453
2026-09-21,002230.SZ,38.810001373291016
2026-09-21,002236.SZ,15.81999969482422
2026-09-21,002241.SZ,23.799999237060547
2026-09-21,002252.SZ,5.0
2026-09-21,002304.SZ,38.400001525878906
2026-09-21,002311.SZ,42.41999816894531
2026-09-21,002352.SZ,30.940000534057617
2026-09-21,002371.SZ,676.6099853515625
2026-09-21,002415.SZ,32.58000183105469
2026-09-21,002422.SZ,42.47999954223633
2026-09-21,002459.SZ,6.949999809265137
2026-09-21,002460.SZ,46.560001373291016
2026-09-21,002463.SZ,126.0
2026-09-21,002466.SZ,43.2599983215332
2026-09-21,002475.SZ,54.43999862670898
2026-09-21,002493.SZ,13.109999656677246
2026-09-21,002594.SZ,85.22000122070312
2026-09-21,002600.SZ,12.539999961853027
2026-09-21,002601.SZ,15.40999984741211
2026-09-21,002648.SZ,27.229999542236328
2026-09-21,0027.HK,32.63999938964844
2026-09-21,002709.SZ,33.529998779296875
2026-09-21,002714.SZ,42.380001068115234
2026-09-21,002736.SZ,9.93000030517578
2026-09-21,002916.SZ,395.0199890136719
2026-09-21,002920.SZ,84.56999969482422
2026-09-21,002938.SZ,90.5
2026-09-21,003816.SZ,4.230000019073486
2026-09-21,0101.HK,6.659999847412109
2026-09-21,0175.HK,15.90999984741211
2026-09-21,0241.HK,2.930000066757202
2026-09-21,0267.HK,13.329999923706056
2026-09-21,0285.HK,23.520000457763672
2026-09-21,0288.HK,6.659999847412109
2026-09-21,0291.HK,18.46999931335449
2026-09-21,0300.HK,95.8000030517578
2026-09-21,0316.HK,149.39999389648438
2026-09-21,0322.HK,11.699999809265137
2026-09-21,1024.HK,30.81999969482422
2026-09-21,1038.HK,65.55000305175781
2026-09-21,1044.HK,19.89999961853028
2026-09-21,1088.HK,45.09999847412109
2026-09-21,1093.HK,9.604999542236328
2026-09-21,1099.HK,15.109999656677246
2026-09-21,1109.HK,29.18000030517578
2026-09-21,1113.HK,46.0
2026-09-21,1177.HK,5.920000076293945
2026-09-21,1209.HK,37.880001068115234
2026-09-21,1211.HK,81.19999694824219
2026-09-21,1299.HK,77.3499984741211
2026-09-21,1378.HK,21.65999984741211
2026-09-21,1398.HK,7.579999923706055
2026-09-21,1810.HK,27.57999992370605
2026-09-21,1876.HK,6.03000020980835
2026-09-21,1928.HK,12.100000381469728
2026-09-21,1929.HK,11.06999969482422
2026-09-21,1997.HK,31.0
2026-09-21,2015.HK,45.47999954223633
2026-09-21,2020.HK,72.0
2026-09-21,2057.HK,164.10000610351562
2026-09-21,2269.HK,53.0
2026-09-21,2313.HK,34.70000076293945
2026-09-21,2318.HK,53.75
2026-09-21,2319.HK,17.979999542236328
2026-09-21,2331.HK,12.8100004196167
2026-09-21,2359.HK,208.0
2026-09-21,2382.HK,67.3499984741211
2026-09-21,2388.HK,52.400001525878906
2026-09-21,2618.HK,10.460000038146973
2026-09-21,2628.HK,29.07999992370605
2026-09-21,2688.HK,49.58000183105469
2026-09-21,2899.HK,34.220001220703125
2026-09-21,300014.SZ,49.970001220703125
2026-09-21,300015.SZ,8.109999656677246
2026-09-21,300033.SZ,210.6600036621093
2026-09-21,300059.SZ,18.690000534057617
2026-09-21,300122.SZ,13.0
2026-09-21,300124.SZ,52.84000015258789
2026-09-21,300274.SZ,88.47000122070312
2026-09-21,300308.SZ,941.0
2026-09-21,300316.SZ,42.08000183105469
2026-09-21,300347.SZ,58.9900016784668
2026-09-21,300394.SZ,279.260009765625
2026-09-21,300408.SZ,129.83999633789062
2026-09-21,300413.SZ,19.020000457763672
2026-09-21,300418.SZ,43.61000061035156
2026-09-21,300433.SZ,34.83000183105469
2026-09-21,300442.SZ,62.54999923706055
2026-09-21,300498.SZ,14.920000076293944
2026-09-21,300502.SZ,456.7300109863281
2026-09-21,300628.SZ,41.43999862670898
2026-09-21,300661.SZ,122.61000061035156
2026-09-21,300750.SZ,297.1000061035156
2026-09-21,300759.SZ,45.130001068115234
2026-09-21,300760.SZ,158.0500030517578
2026-09-21,300782.SZ,76.33999633789062
2026-09-21,300832.SZ,49.04999923706055
2026-09-21,300896.SZ,93.83999633789062
2026-09-21,300979.SZ,33.369998931884766
2026-09-21,300999.SZ,25.14999961853028
2026-09-21,301236.SZ,38.22999954223633
2026-09-21,301269.SZ,89.38999938964844
2026-09-21,302132.SZ,72.18000030517578
2026-09-21,600000.SS,9.010000228881836
2026-09-21,600009.SS,22.90999984741211
2026-09-21,600010.SS,2.150000095367432
2026-09-21,600011.SS,6.789999961853027
2026-09-21,600015.SS,6.239999771118164
2026-09-21,600016.SS,3.5
2026-09-21,600018.SS,5.429999828338623
2026-09-21,600019.SS,5.78000020980835
2026-09-21,600023.SS,5.010000228881836
2026-09-21,600025.SS,9.65999984741211
2026-09-21,600026.SS,22.920000076293945
2026-09-21,600027.SS,4.789999961853027
2026-09-21,600028.SS,5.300000190734863
2026-09-21,600029.SS,4.949999809265137
2026-09-21,600030.SS,26.739999771118164
2026-09-21,600031.SS,17.760000228881836
2026-09-21,600036.SS,41.040000915527344
2026-09-21,600039.SS,8.789999961853027
2026-09-21,600048.SS,5.679999828338623
2026-09-21,600050.SS,4.230000019073486
2026-09-21,600061.SS,6.329999923706055
2026-09-21,600066.SS,25.729999542236328
2026-09-21,600085.SS,23.65999984741211
2026-09-21,600089.SS,18.299999237060547
2026-09-21,600104.SS,11.0600004196167
2026-09-21,600111.SS,37.880001068115234
2026-09-21,600115.SS,3.450000047683716
2026-09-21,600150.SS,41.02000045776367
2026-09-21,600160.SS,34.849998474121094
2026-09-21,600161.SS,12.479999542236328
2026-09-21,600176.SS,45.869998931884766
2026-09-21,600183.SS,146.27000427246094
2026-09-21,600188.SS,20.440000534057617
2026-09-21,600196.SS,23.049999237060547
2026-09-21,600219.SS,4.769999980926514
2026-09-21,600233.SS,18.459999084472656
2026-09-21,600276.SS,46.040000915527344
2026-09-21,600309.SS,70.51000213623047
2026-09-21,600332.SS,19.729999542236328
2026-09-21,600346.SS,16.600000381469727
2026-09-21,600362.SS,44.2400016784668
2026-09-21,600372.SS,11.479999542236328
2026-09-21,600377.SS,12.520000457763672
2026-09-21,600406.SS,22.100000381469727
2026-09-21,600415.SS,11.93000030517578
2026-09-21,600426.SS,20.530000686645508
2026-09-21,600436.SS,121.0199966430664
2026-09-21,600438.SS,11.59000015258789
2026-09-21,600460.SS,33.27000045776367
2026-09-21,600482.SS,35.54999923706055
2026-09-21,600489.SS,23.61000061035156
2026-09-21,600515.SS,2.799999952316284
2026-09-21,A,161.94000244140625
2026-09-21,A2A.MI,2.3499999046325684
2026-09-21,AAF.L,318.20001220703125
2026-09-21,AAL.L,4069.0
2026-09-21,AAPL,338.9800109863281
2026-09-21,ABBV,264.4800109863281
2026-09-21,ABF.L,1824.0
2026-09-21,ABNB,166.83999633789062
2026-09-21,ABT,102.9800033569336
2026-09-21,ACGL,95.77999877929688
2026-09-21,ACN,186.1100006103516
2026-09-21,ADBE,249.5200042724609
2026-09-21,ADI,383.0
2026-09-21,ADM,83.37999725341797
2026-09-21,ADM.L,3836.0
2026-09-21,ADP,269.94000244140625
2026-09-21,ADS.DE,143.14999389648438
2026-09-21,ADSK,218.8500061035156
2026-09-21,AEE,101.83000183105467
2026-09-21,AEP,120.02999877929688
2026-09-21,AES,14.829999923706056
2026-09-21,AFL,115.18000030517578
2026-09-21,AIG,74.54000091552734
2026-09-21,AIR.DE,194.8800048828125
2026-09-21,AIZ,277.3800048828125
2026-09-21,AJG,236.6100006103516
2026-09-21,AKAM,117.41000366210938
2026-09-21,ALB,112.91999816894533
2026-09-21,ALGN,146.8800048828125
2026-09-21,ALL,242.8600006103516
2026-09-21,ALLE,151.36000061035156
2026-09-21,ALV.DE,445.1000061035156
2026-09-21,ALW.L,1367.0
2026-09-21,AMAT,464.239990234375
2026-09-21,AMCR,42.150001525878906
2026-09-21,AMD,615.52001953125
2026-09-21,AME,241.22999572753903
2026-09-21,AMGN,393.1600036621094
2026-09-21,AMP,535.719970703125
2026-09-21,AMP.MI,11.550000190734863
2026-09-21,AMT,174.60000610351562
2026-09-21,AMZN,258.45001220703125
2026-09-21,ANET,205.4199981689453
2026-09-21,ANTO.L,3773.0
2026-09-21,AON,290.82000732421875
2026-09-21,AOS,56.959999084472656
2026-09-21,APA,43.810001373291016
2026-09-21,APD,279.4599914550781
2026-09-21,APH,80.72000122070312
2026-09-21,APO,127.91000366210938
2026-09-21,APP,330.1700134277344
2026-09-21,APTV,43.56999969482422
2026-09-21,ARE,53.34000015258789
2026-09-21,ARM,322.8999938964844
2026-09-21,ASML,1711.3199462890625
2026-09-21,ATO,158.27000427246094
2026-09-21,AUTO.L,498.1000061035156
2026-09-21,AVGO,362.6600036621094
2026-09-21,AVY,169.3300018310547
2026-09-21,AWK,133.97000122070312
2026-09-21,AXON,452.05999755859375
2026-09-21,AXP,313.5899963378906
2026-09-21,AZM.MI,39.58000183105469
2026-09-21,AZN,168.10000610351562
2026-09-21,AZN.L,12560.0
2026-09-21,AZO,2803.25
2026-09-21,BA,201.1499938964844
2026-09-21,BAB.L,997.4000244140624
2026-09-21,BAC,57.959999084472656
2026-09-21,BALL,59.709999084472656
2026-09-21,BAMI.MI,16.375
2026-09-21,BARC.L,471.1000061035156
2026-09-21,BAS.DE,51.36000061035156
2026-09-21,BATS.L,4166.0
2026-09-21,BAX,22.93000030517578
2026-09-21,BAYN.DE,49.02999877929688
2026-09-21,BBY,93.22000122070312
2026-09-21,BDX,180.6999969482422
2026-09-21,BEI.DE,74.5199966430664
2026-09-21,BEN,33.63999938964844
2026-09-21,BEZ.L,1306.0
2026-09-21,BFF.MI,2.990000009536743
2026-09-21,BG,112.61000061035156
2026-09-21,BIIB,219.07000732421875
2026-09-21,BKG.L,3332.0
2026-09-21,BKNG,168.52000427246094
2026-09-21,BKR,57.83000183105469
2026-09-21,BLDR,58.52000045776367
2026-09-21,BLK,1090.27001953125
2026-09-21,BMED.MI,23.6200008392334
2026-09-21,BMPS.MI,11.979999542236328
2026-09-21,BMW.DE,60.13999938964844
2026-09-21,BMY,62.619998931884766
2026-09-21,BNR.DE,59.27999877929688
2026-09-21,BNZL.L,2614.0
2026-09-21,BPE.MI,14.473999977111816
2026-09-21,BR,164.6199951171875
2026-09-21,BRBY.L,1025.5
2026-09-21,BRO,64.30000305175781
2026-09-21,BSX,43.720001220703125
2026-09-21,BTRW.L,303.79998779296875
2026-09-21,BX,126.41000366210938
2026-09-21,BXP,64.12999725341797
2026-09-21,BZU.MI,37.400001525878906
2026-09-21,C,135.0500030517578
2026-09-21,CAG,14.859999656677246
2026-09-21,CAH,225.75
2026-09-21,CARR,54.619998931884766
2026-09-21,CAT,816.5
2026-09-21,CB,337.260009765625
2026-09-21,CBK.DE,41.84999847412109
2026-09-21,CBOE,271.42999267578125
2026-09-21,CBRE,143.2100067138672
2026-09-21,CCEP,100.52999877929688
2026-09-21,CCEP.L,7540.0
2026-09-21,CCH.L,4278.0
2026-09-21,CCI,73.22000122070312
2026-09-21,CCL,22.309999465942383
2026-09-21,CDNS,294.8999938964844
2026-09-21,CDW,146.41000366210938
2026-09-21,CEG,262.1099853515625
2026-09-21,CF,123.2699966430664
2026-09-21,CFG,67.36000061035156
2026-09-21,CHD,95.48999786376952
2026-09-21,CHRW,152.83999633789062
2026-09-21,CHTR,123.3499984741211
2026-09-21,CI,274.4700012207031
2026-09-21,CINF,166.85000610351562
2026-09-21,CL,86.26000213623047
2026-09-21,CLX,84.87999725341797
2026-09-21,CMCSA,22.93000030517578
2026-09-21,CME,275.5299987792969
2026-09-21,CMG,33.13999938964844
2026-09-21,CMI,534.780029296875
2026-09-21,CMS,64.69999694824219
2026-09-21,CNA.L,149.3000030517578
2026-09-21,CNC,64.98999786376953
2026-09-21,CNP,37.9900016784668
2026-09-21,COF,204.9199981689453
2026-09-21,COIN,201.0500030517578
2026-09-21,CON.DE,69.04000091552734
2026-09-21,COO,54.119998931884766
2026-09-21,COP,127.52999877929688
2026-09-21,COR,316.489990234375
2026-09-21,COST,898.47998046875
2026-09-21,CPAY,397.2200012207031
2026-09-21,CPB,19.93000030517578
2026-09-21,CPG.L,30.07999992370605
2026-09-21,CPR.MI,5.960000038146973
2026-09-21,CPRT,28.90999984741211
2026-09-21,CPT,98.81999969482422
2026-09-21,CRDA.L,3209.0
2026-09-21,CRL,279.010009765625
2026-09-21,CRM,236.4199981689453
2026-09-21,CRWD,249.3500061035156
2026-09-21,CSCO,111.45999908447266
2026-09-21,CSGP,29.040000915527344
2026-09-21,CSX,45.9900016784668
2026-09-21,CTAS,196.8800048828125
2026-09-21,CTEC.L,214.8000030517578
2026-09-21,CTSH,59.380001068115234
2026-09-21,CTVA,79.11000061035156
2026-09-21,CVS,87.5999984741211
2026-09-21,CVX,203.6699981689453
2026-09-21,D,62.81999969482422
2026-09-21,DAL,82.5
2026-09-21,DASH,193.8300018310547
2026-09-21,DB1.DE,279.8999938964844
2026-09-21,DBK.DE,33.189998626708984
2026-09-21,DCC.L,6435.0
2026-09-21,DD,129.7899932861328
2026-09-21,DDOG,245.0500030517578
2026-09-21,DE,684.72998046875
2026-09-21,DECK,80.2300033569336
2026-09-21,DELL,575.3099975585938
2026-09-21,DG,121.91000366210938
2026-09-21,DGE.L,1614.5
2026-09-21,DGX,244.8800048828125
2026-09-21,DHI,139.25
2026-09-21,DHL.DE,57.380001068115234
2026-09-21,DHR,215.83999633789065
2026-09-21,DIA.MI,77.9800033569336
2026-09-21,DIS,104.2300033569336
2026-09-21,DLR,186.3300018310547
2026-09-21,DLTR,112.33000183105467
2026-09-21,DOC,20.71999931335449
2026-09-21,DOV,186.08999633789065
2026-09-21,DOW,28.270000457763672
2026-09-21,DPLM.L,7485.0
2026-09-21,DPZ,295.94000244140625
2026-09-21,DRI,211.3099975585937
2026-09-21,DTE,126.12999725341795
2026-09-21,DTE.DE,27.290000915527344
2026-09-21,DTG.DE,43.18999862670898
2026-09-21,DUK,116.73999786376952
2026-09-21,DVA,182.33999633789065
2026-09-21,DVN,47.59000015258789
2026-09-21,DXCM,89.16999816894531
2026-09-21,EBAY,108.3000030517578
2026-09-21,ECL,269.9800109863281
2026-09-21,ED,103.86000061035156
2026-09-21,EDV.L,4662.0
2026-09-21,EFX,158.6199951171875
2026-09-21,EG,369.4200134277344
2026-09-21,EIX,54.95000076293945
2026-09-21,EL,96.33999633789062
2026-09-21,ELV,409.30999755859375
2026-09-21,EME,757.7100219726562
2026-09-21,EMR,151.72000122070312
2026-09-21,ENEL.MI,8.947999954223633
2026-09-21,ENI.MI,23.46999931335449
2026-09-21,ENR.DE,143.16000366210938
2026-09-21,ENT.L,470.7999877929688
2026-09-21,EOAN.DE,17.375
2026-09-21,EOG,141.3800048828125
2026-09-21,EPAM,113.12999725341795
2026-09-21,EQIX,1057.260009765625
2026-09-21,EQT,50.130001068115234
2026-09-21,ERG.MI,22.6200008392334
2026-09-21,ERIE,235.9499969482422
2026-09-21,ES,66.88999938964844
2026-09-21,ESS,271.3900146484375
2026-09-21,ETN,435.4299926757813
2026-09-21,ETR,101.58000183105467
2026-09-21,EVRG,79.26000213623047
2026-09-21,EW,88.33999633789062
2026-09-21,EXC,41.97999954223633
2026-09-21,EXE,87.6500015258789
2026-09-21,EXPD,192.1499938964844
2026-09-21,EXPE,281.0199890136719
2026-09-21,EXPN.L,2715.0
2026-09-21,EXR,137.4600067138672
2026-09-21,EZJ.L,670.5999755859375
2026-09-21,F,13.170000076293944
2026-09-21,FANG,189.2700042724609
2026-09-21,FAST,49.650001525878906
2026-09-21,FCIT.L,344.20001220703125
2026-09-21,FCX,72.16000366210938
2026-09-21,FDS,284.1000061035156
2026-09-21,FDX,295.7900085449219
2026-09-21,FE,44.970001220703125
2026-09-21,FFIV,450.1000061035156
2026-09-21,FICO,924.52001953125
2026-09-21,FIS,35.189998626708984
2026-09-21,FISV,46.470001220703125
2026-09-21,FITB,53.310001373291016
2026-09-21,FME.DE,38.84999847412109
2026-09-21,FOX,57.900001525878906
2026-09-21,FOXA,64.79000091552734
2026-09-21,FRE.DE,45.09999847412109
2026-09-21,FRES.L,2985.0
2026-09-21,FRT,110.62999725341795
2026-09-21,FSLR,199.83999633789065
2026-09-21,FTNT,175.22999572753906
2026-09-21,FTV,55.09000015258789
2026-09-21,G.MI,45.77000045776367
2026-09-21,G1A.DE,65.5
2026-09-21,G24.DE,74.9000015258789
2026-09-21,GAW.L,17940.0
2026-09-21,GD,353.8999938964844
2026-09-21,GDDY,104.7699966430664
2026-09-21,GE,319.010009765625
2026-09-21,GEHC,64.80999755859375
2026-09-21,GEN,29.14999961853028
2026-09-21,GEV,946.219970703125
2026-09-21,GFS,48.56999969482422
2026-09-21,GILD,150.55999755859375
2026-09-21,GIS,35.40999984741211
2026-09-21,GL,172.16000366210938
2026-09-21,GLEN.L,542.2000122070312
2026-09-21,GLW,158.97999572753906
2026-09-21,GM,83.94999694824219
2026-09-21,GNRC,204.9600067138672
2026-09-21,GOOG,350.8699951171875
2026-09-21,GOOGL,354.9700012207031
2026-09-21,GPC,126.4499969482422
2026-09-21,GPN,85.29000091552734
2026-09-21,GRMN,280.3099975585937
2026-09-21,GS,959.3900146484376
2026-09-21,GSK.L,1911.0
2026-09-21,GWW,1277.7900390625
2026-09-21,HAL,33.38999938964844
2026-09-21,HAS,87.72000122070312
2026-09-21,HBAN,16.040000915527344
2026-09-21,HCA,425.9700012207031
2026-09-21,HD,297.20001220703125
2026-09-21,HEI.DE,144.3000030517578
2026-09-21,HEN3.DE,73.30000305175781
2026-09-21,HER.MI,3.6480000019073486
2026-09-21,HIG,130.72999572753906
2026-09-21,HII,276.1000061035156
2026-09-21,HIK.L,1611.0
2026-09-21,HLMA.L,3580.0
2026-09-21,HLN.L,342.79998779296875
2026-09-21,HLT,307.0799865722656
2026-09-21,HNR1.DE,254.6000061035156
2026-09-21,HON,206.47999572753903
2026-09-21,HOOD,123.3000030517578
2026-09-21,HPE,61.75
2026-09-21,HPQ,32.95000076293945
2026-09-21,HRL,20.459999084472656
2026-09-21,HSBA.L,1533.800048828125
2026-09-21,HSIC,85.19999694824219
2026-09-21,HST,22.309999465942383
2026-09-21,HSX.L,1943.0
2026-09-21,HSY,167.89999389648438
2026-09-21,HUBB,457.489990234375
2026-09-21,HUM,378.5799865722656
2026-09-21,HWDN.L,759.0
2026-09-21,HWM,227.3699951171875
2026-09-21,IAG.L,432.2000122070313
2026-09-21,IBKR,93.20999908447266
2026-09-21,IBM,231.92999267578125
2026-09-21,ICE,155.3699951171875
2026-09-21,ICG.L,1902.0
2026-09-21,IDXX,515.2999877929688
2026-09-21,IEX,222.52999877929688
2026-09-21,IFF,83.5999984741211
2026-09-21,IFX.DE,58.290000915527344
2026-09-21,IG.MI,8.5
2026-09-21,IHG.L,153.89999389648438
2026-09-21,III.L,2711.0
2026-09-21,IMB.L,2477.0
2026-09-21,IMI.L,3078.0
2026-09-21,INCY,124.6500015258789
2026-09-21,INF.L,896.4000244140625
2026-09-21,INTC,121.77999877929688
2026-09-21,INTU,304.1199951171875
2026-09-21,INVH,27.07999992370605
2026-09-21,INW.MI,6.679999828338623
2026-09-21,IP,35.33000183105469
2026-09-21,IP.MI,35.720001220703125
2026-09-21,IQV,269.8800048828125
2026-09-21,IR,72.30999755859375
2026-09-21,IRM,116.88999938964844
2026-09-21,ISP.MI,6.78000020980835
2026-09-21,ISRG,401.6499938964844
2026-09-21,IT,183.32000732421875
2026-09-21,ITRK.L,5870.0
2026-09-21,ITW,267.5199890136719
2026-09-21,IVZ,31.3799991607666
2026-09-21,J,143.75999450683594
2026-09-21,JBHT,236.1699981689453
2026-09-21,JBL,303.6700134277344
2026-09-21,JCI,145.17999267578125
2026-09-21,JKHY,151.55999755859375
2026-09-21,JNJ,269.4700012207031
2026-09-21,JPM,352.0400085449219
2026-09-21,KDP,30.6200008392334
2026-09-21,KEY,20.8700008392334
2026-09-21,KEYS,342.0299987792969
2026-09-21,KGF.L,305.70001220703125
2026-09-21,KHC,24.3700008392334
2026-09-21,KIM,22.540000915527344
2026-09-21,KKR,100.83000183105467
2026-09-21,KLAC,183.97000122070312
2026-09-21,KMB,97.73999786376952
2026-09-21,KMI,31.71999931335449
2026-09-21,KO,87.12000274658203
2026-09-21,KR,59.68999862670898
2026-09-21,KVUE,17.670000076293945
2026-09-21,L,106.75
2026-09-21,LAND.L,637.5
2026-09-21,LDO.MI,50.61000061035156
2026-09-21,LDOS,128.22999572753906
2026-09-21,LEN,78.08000183105469
2026-09-21,LGEN.L,299.1000061035156
2026-09-21,LH,320.989990234375
2026-09-21,LHX,246.92999267578125
2026-09-21,LII,363.6400146484375
2026-09-21,LIN,457.5
2026-09-21,LKQ,23.200000762939453
2026-09-21,LLOY.L,110.0
2026-09-21,LLY,1164.8900146484375
2026-09-21,LMP.L,181.1000061035156
2026-09-21,LMT,535.4000244140625
2026-09-21,LNT,64.97000122070312
2026-09-21,LOW,190.97999572753903
2026-09-21,LRCX,302.2799987792969
2026-09-21,LSEG.L,8350.0
2026-09-21,LULU,101.3000030517578
2026-09-21,LUV,41.77000045776367
2026-09-21,LVS,40.2599983215332
2026-09-21,LW,47.290000915527344
2026-09-21,LYB,60.2400016784668
2026-09-21,LYV,169.17999267578125
2026-09-21,MA,567.6500244140625
2026-09-21,MAA,118.86000061035156
2026-09-21,MAR,342.6600036621094
2026-09-21,MAS,67.73999786376953
2026-09-21,MB.MI,28.959999084472656
2026-09-21,MBG.DE,43.665000915527344
2026-09-21,MCD,247.8800048828125
2026-09-21,MCHP,74.77999877929688
2026-09-21,MCK,886.469970703125
2026-09-21,MCO,467.2200012207031
2026-09-21,MDLZ,60.16999816894531
2026-09-21,MDT,91.75
2026-09-21,MELI,1820.469970703125
2026-09-21,MET,96.63999938964844
2026-09-21,META,741.2449951171875
2026-09-21,MGM,38.72999954223633
2026-09-21,MHK,117.2699966430664
2026-09-21,MKC,48.88999938964844
2026-09-21,MKS.L,368.1000061035156
2026-09-21,MLM,499.6700134277344
2026-09-21,MMM,164.97000122070312
2026-09-21,MNDI.L,838.5999755859375
2026-09-21,MNG.L,336.20001220703125
2026-09-21,MNST,44.0
2026-09-21,MO,68.52999877929688
2026-09-21,MOH,197.8000030517578
2026-09-21,MONC.MI,43.47999954223633
2026-09-21,MOS,24.06999969482422
2026-09-21,MPC,402.3800048828125
2026-09-21,MPWR,1277.6800537109375
2026-09-21,MRK,149.5
2026-09-21,MRK.DE,132.60000610351562
2026-09-21,MRNA,172.94000244140625
2026-09-21,MRO.L,487.6000061035156
2026-09-21,MRVL,257.3800048828125
2026-09-21,MS,206.1199951171875
2026-09-21,MSCI,558.969970703125
2026-09-21,MSFT,501.6099853515625
2026-09-21,MSI,461.3599853515625
2026-09-21,MSTR,168.5
2026-09-21,MTB,226.9600067138672
2026-09-21,MTCH,43.15999984741211
2026-09-21,MTD,1430.43994140625
2026-09-21,MTLN.L,47.59999847412109
2026-09-21,MTX.DE,350.20001220703125
2026-09-21,MU,1043.9599609375
2026-09-21,MUV2.DE,508.7999877929688
2026-09-21,NCLH,14.239999771118164
2026-09-21,NDAQ,94.69000244140624
2026-09-21,NDSN,314.3500061035156
2026-09-21,NEE,79.62999725341797
2026-09-21,NEM,123.0500030517578
2026-09-21,NEXI.MI,4.136000156402588
2026-09-21,NFLX,73.36000061035156
2026-09-21,NI,40.52000045776367
2026-09-21,NKE,36.09999847412109
2026-09-21,NOC,526.6599731445312
2026-09-21,NOW,137.67999267578125
2026-09-21,NRG,103.27999877929688
2026-09-21,NSC,309.07000732421875
2026-09-21,NTAP,198.1499938964844
2026-09-21,NTRS,178.9499969482422
2026-09-21,NUE,242.3999938964844
2026-09-21,NVDA,227.3800048828125
2026-09-21,NVR,6188.9501953125
2026-09-21,NWG.L,709.0
2026-09-21,NWS,32.86000061035156
2026-09-21,NWSA,29.700000762939453
2026-09-21,NXPI,232.4100036621093
2026-09-21,NXT.L,14520.0
2026-09-21,O,56.650001525878906
2026-09-21,ODFL,175.36000061035156
2026-09-21,OKE,91.8000030517578
2026-09-21,OMC,75.58999633789062
2026-09-21,ON,71.72000122070312
2026-09-21,ORCL,148.55999755859375
2026-09-21,ORLY,82.87999725341797
2026-09-21,OTIS,66.63999938964844
2026-09-21,OXY,57.25
2026-09-21,PAH3.DE,27.459999084472656
2026-09-21,PANW,371.760009765625
2026-09-21,PAYC,226.2400054931641
2026-09-21,PAYX,115.01000213623048
2026-09-21,PCAR,114.7300033569336
2026-09-21,PCG,12.9399995803833
2026-09-21,PCT.L,681.0
2026-09-21,PDD,79.29499816894531
2026-09-21,PEG,69.30999755859375
2026-09-21,PEP,129.58999633789062
2026-09-21,PFE,27.739999771118164
2026-09-21,PFG,116.47000122070312
2026-09-21,PG,146.0800018310547
2026-09-21,PGR,212.2400054931641
2026-09-21,PH,958.1699829101562
2026-09-21,PHM,118.97000122070312
2026-09-21,PKG,238.3099975585937
2026-09-21,PLD,135.82000732421875
2026-09-21,PLTR,183.08999633789065
2026-09-21,PM,187.47999572753903
2026-09-21,PNC,233.25
2026-09-21,PNR,55.77999877929688
2026-09-21,PNW,93.30999755859376
2026-09-21,PODD,140.52999877929688
2026-09-21,POOL,167.9199981689453
2026-09-21,PPG,104.93000030517578
2026-09-21,PPL,33.04999923706055
2026-09-21,PRU,118.52999877929688
2026-09-21,PRU.L,977.4000244140624
2026-09-21,PRY.MI,126.0999984741211
2026-09-21,PSA,296.6700134277344
2026-09-21,PSH.L,3700.0
2026-09-21,PSKY,9.90999984741211
2026-09-21,PSN.L,1168.5
2026-09-21,PSON.L,1192.0
2026-09-21,PST.MI,26.670000076293945
2026-09-21,PSX,261.75
2026-09-21,PTC,135.27999877929688
2026-09-21,PWR,642.6099853515625
2026-09-21,PYPL,52.619998931884766
2026-09-21,Q,121.81999969482422
2026-09-21,QCOM,194.22999572753903
2026-09-21,QIA.DE,38.69499969482422
2026-09-21,RACE.MI,363.3500061035156
2026-09-21,RCL,250.25
2026-09-21,REC.MI,52.84999847412109
2026-09-21,REG,72.91999816894531
2026-09-21,REGN,798.1699829101562
2026-09-21,REL.L,2480.0
2026-09-21,RF,28.549999237060547
2026-09-21,RHM.DE,1010.5999755859376
2026-09-21,RIO.L,7225.0
2026-09-21,RJF,165.19000244140625
2026-09-21,RKT.L,4979.0
2026-09-21,RL,339.82000732421875
2026-09-21,RMD,223.6100006103516
2026-09-21,RMV.L,505.3999938964844
2026-09-21,ROK,424.8900146484375
2026-09-21,ROL,32.349998474121094
2026-09-21,ROP,365.3999938964844
2026-09-21,ROST,231.25
2026-09-21,RSG,213.92999267578125
2026-09-21,RTO.L,317.79998779296875
2026-09-21,RTX,194.33999633789065
2026-09-21,RVTY,143.58999633789062
2026-09-21,RWE.DE,59.880001068115234
2026-09-21,SAP.DE,182.8600006103516
2026-09-21,SBAC,176.27999877929688
2026-09-21,SBRY.L,337.5
2026-09-21,SBUX,94.9000015258789
2026-09-21,SCHW,106.87999725341795
2026-09-21,SDR.L,587.5
2026-09-21,SFER.MI,7.460000038146973
2026-09-21,SGE.L,1008.0
2026-09-21,SGRO.L,943.7999877929688
2026-09-21,SHEL.L,3488.5
2026-09-21,SHL.DE,37.970001220703125
2026-09-21,SHOP,137.9199981689453
2026-09-21,SHW,321.3099975585937
2026-09-21,SIE.DE,273.5
2026-09-21,SJM,119.87999725341795
2026-09-21,SLB,51.7599983215332
2026-09-21,SMCI,41.20000076293945
2026-09-21,SMIN.L,2590.0
2026-09-21,SMT.L,1554.5
2026-09-21,SNA,369.75
2026-09-21,SNDK,1766.6400146484375
2026-09-21,SNPS,401.8500061035156
2026-09-21,SO,85.45999908447266
2026-09-21,SOLS,57.68999862670898
2026-09-21,SOLV,88.83999633789062
2026-09-21,SPG,204.97999572753903
2026-09-21,SPGI,404.4700012207031
2026-09-21,SPM.MI,4.335000038146973
2026-09-21,SPX.L,7185.0
2026-09-21,SRE,81.19999694824219
2026-09-21,SRG.MI,5.656000137329102
2026-09-21,SSE.L,2476.0
2026-09-21,STAN.L,2319.0
2026-09-21,STE,206.97000122070312
2026-09-21,STJ.L,1120.5
2026-09-21,STLD,229.9900054931641
2026-09-21,STT,184.3999938964844
2026-09-21,STX,877.3250122070312
2026-09-21,STZ,118.38999938964844
2026-09-21,SVT.L,3088.0
2026-09-21,SW,45.40999984741211
2026-09-21,SWK,88.68000030517578
2026-09-21,SWKS,88.73999786376953
2026-09-21,SY1.DE,91.0999984741211
2026-09-21,SYF,75.0
2026-09-21,SYK,274.19000244140625
2026-09-21,SYY,78.43000030517578
2026-09-21,T,25.450000762939453
2026-09-21,TAP,37.560001373291016
2026-09-21,TDG,1109.6500244140625
2026-09-21,TDY,609.0800170898438
2026-09-21,TEAM,195.6699981689453
2026-09-21,TECH,72.47000122070312
2026-09-21,TEL,210.009994506836
2026-09-21,TEN.MI,24.34000015258789
2026-09-21,TER,381.5400085449219
2026-09-21,TFC,49.0
2026-09-21,TGT,157.7100067138672
2026-09-21,TIT.MI,7.776000022888184
2026-09-21,TJX,130.9600067138672
2026-09-21,TKO,191.1199951171875
2026-09-21,TMO,658.760009765625
2026-09-21,TMUS,165.27000427246094
2026-09-21,TPL,366.7999877929688
2026-09-21,TPR,113.06999969482422
2026-09-21,TRGP,289.3599853515625
2026-09-21,TRI,95.43000030517578
2026-09-21,TRMB,57.75
2026-09-21,TRN.MI,9.394000053405762
2026-09-21,TROW,104.62999725341795
2026-09-21,TRV,371.1300048828125
2026-09-21,TSCO,32.33000183105469
2026-09-21,TSCO.L,483.5
2026-09-21,TSLA,375.2999877929688
2026-09-21,TSN,52.02000045776367
2026-09-21,TT,433.3200073242188
2026-09-21,TTD,13.880000114440918
2026-09-21,TTWO,209.9199981689453
2026-09-21,TXN,270.8699951171875
2026-09-21,TXT,79.41000366210938
2026-09-21,TYL,332.4599914550781
2026-09-21,UAL,114.38999938964844
2026-09-21,UBER,70.83999633789062
2026-09-21,UCG.MI,83.72000122070312
2026-09-21,UDR,33.88999938964844
2026-09-21,UHS,174.74000549316406
2026-09-21,ULTA,557.8599853515625
2026-09-21,ULVR.L,4642.5
2026-09-21,UNH,377.55999755859375
2026-09-21,UNI.MI,28.200000762939453
2026-09-21,UNP,269.6300048828125
2026-09-21,UPS,94.75
2026-09-21,URI,1029.9200439453125
2026-09-21,USB,60.43999862670898
2026-09-21,V,369.9500122070313
2026-09-21,VICI,24.049999237060547
2026-09-21,VLO,393.2699890136719
2026-09-21,VLTO,95.18000030517578
2026-09-21,VMC,246.1999969482422
2026-09-21,VNA.DE,17.479999542236328
2026-09-21,VOD.L,127.9000015258789
2026-09-21,VOW3.DE,74.9800033569336
2026-09-21,VRSK,172.02000427246094
2026-09-21,VRSN,308.17999267578125
2026-09-21,VRTX,510.7200012207031
2026-09-21,VST,140.77999877929688
2026-09-21,VTR,87.02999877929688
2026-09-21,VTRS,17.100000381469727
2026-09-21,VZ,47.68000030517578
2026-09-21,WAB,283.3800048828125
2026-09-21,WAT,423.9200134277344
2026-09-21,WBD,30.799999237060547
2026-09-21,WDAY,191.9199981689453
2026-09-21,WDC,448.1700134277344
2026-09-21,WEC,103.4800033569336
2026-09-21,WEIR.L,2670.0
2026-09-21,WELL,232.759994506836
2026-09-21,WFC,86.54000091552734
2026-09-21,WM,207.0399932861328
2026-09-21,WMB,71.6500015258789
2026-09-21,WMT,107.44000244140624
2026-09-21,WPP.L,382.5
2026-09-21,WRB,68.79000091552734
2026-09-21,WSM,227.1600036621093
2026-09-21,WST,361.7799987792969
2026-09-21,WTB.L,2327.0
2026-09-21,WTW,306.82000732421875
2026-09-21,WY,21.01000022888184
2026-09-21,WYNN,83.31999969482422
2026-09-21,XEL,71.8499984741211
2026-09-21,XOM,158.3000030517578
2026-09-21,XYL,107.23999786376952
2026-09-21,XYZ,77.91000366210938
2026-09-21,YUM,139.3300018310547
2026-09-21,ZAL.DE,21.549999237060547
2026-09-21,ZBH,94.31999969482422
2026-09-21,ZBRA,350.8399963378906
2026-09-21,ZS,207.1300048828125
2026-09-21,ZTS,71.33000183105469
2026-09-22,000001.SZ,11.710000038146973
2026-09-22,000002.SZ,3.809999942779541
2026-09-22,000012.SZ,3.759999990463257
2026-09-22,000019.SZ,6.980000019073486
2026-09-22,000025.SZ,15.050000190734863
2026-09-22,000028.SZ,19.89999961853028
2026-09-22,000029.SZ,22.26000022888184
2026-09-22,000030.SZ,3.950000047683716
2026-09-22,000035.SZ,4.949999809265137
2026-09-22,000048.SZ,19.46999931335449
2026-09-22,000049.SZ,22.479999542236328
2026-09-22,000058.SZ,7.340000152587891
2026-09-22,000059.SZ,5.699999809265137
2026-09-22,000061.SZ,6.050000190734863
2026-09-22,000063.SZ,32.90999984741211
2026-09-22,000065.SZ,10.079999923706056
2026-09-22,000088.SZ,4.550000190734863
2026-09-22,000089.SZ,6.579999923706055
2026-09-22,000090.SZ,3.5999999046325684
2026-09-22,000099.SZ,13.079999923706056
2026-09-22,0001.HK,67.55000305175781
2026-09-22,000100.SZ,5.03000020980835
2026-09-22,000156.SZ,7.300000190734863
2026-09-22,000157.SZ,6.170000076293945
2026-09-22,000166.SZ,4.489999771118164
2026-09-22,0002.HK,77.8499984741211
2026-09-22,000301.SZ,13.699999809265137
2026-09-22,000333.SZ,82.54000091552734
2026-09-22,000338.SZ,27.030000686645508
2026-09-22,000408.SZ,73.5
2026-09-22,000420.SZ,3.569999933242798
2026-09-22,000422.SZ,12.1899995803833
2026-09-22,000425.SZ,7.300000190734863
2026-09-22,000498.SZ,5.099999904632568
2026-09-22,000503.SZ,7.03000020980835
2026-09-22,000517.SZ,2.039999961853028
2026-09-22,000538.SZ,51.31999969482422
2026-09-22,000544.SZ,7.260000228881836
2026-09-22,000550.SZ,16.5
2026-09-22,000552.SZ,2.5199999809265137
2026-09-22,000555.SZ,10.539999961853027
2026-09-22,000557.SZ,3.680000066757202
2026-09-22,000567.SZ,6.119999885559082
2026-09-22,000568.SZ,71.4800033569336
2026-09-22,000581.SZ,17.959999084472656
2026-09-22,000589.SZ,4.239999771118164
2026-09-22,000596.SZ,95.86000061035156
2026-09-22,000597.SZ,4.829999923706055
2026-09-22,000600.SZ,7.320000171661377
2026-09-22,000603.SZ,33.400001525878906
2026-09-22,000612.SZ,11.18000030517578
2026-09-22,000617.SZ,6.900000095367432
2026-09-22,000620.SZ,3.369999885559082
2026-09-22,000625.SZ,7.179999828338623
2026-09-22,000628.SZ,60.09000015258789
2026-09-22,000630.SZ,6.159999847412109
2026-09-22,000650.SZ,5.269999980926514
2026-09-22,000651.SZ,38.18000030517578
2026-09-22,000657.SZ,60.2599983215332
2026-09-22,000661.SZ,73.5999984741211
2026-09-22,000672.SZ,15.4399995803833
2026-09-22,000676.SZ,7.449999809265137
2026-09-22,000680.SZ,9.239999771118164
2026-09-22,000681.SZ,16.81999969482422
2026-09-22,000682.SZ,10.760000228881836
2026-09-22,000685.SZ,10.9399995803833
2026-09-22,000686.SZ,7.800000190734863
2026-09-22,000688.SZ,26.57999992370605
2026-09-22,000690.SZ,5.130000114440918
2026-09-22,000708.SZ,12.859999656677246
2026-09-22,000712.SZ,10.329999923706056
2026-09-22,000718.SZ,2.069999933242798
2026-09-22,000719.SZ,12.350000381469728
2026-09-22,000725.SZ,6.0
2026-09-22,000727.SZ,2.25
2026-09-22,000735.SZ,6.0
2026-09-22,000737.SZ,15.109999656677246
2026-09-22,000756.SZ,16.139999389648438
2026-09-22,000758.SZ,6.059999942779541
2026-09-22,000761.SZ,2.2699999809265137
2026-09-22,000762.SZ,22.07999992370605
2026-09-22,000766.SZ,15.899999618530272
2026-09-22,000767.SZ,3.400000095367432
2026-09-22,000768.SZ,22.84000015258789
2026-09-22,000776.SZ,20.959999084472656
2026-09-22,000786.SZ,16.049999237060547
2026-09-22,000791.SZ,7.210000038146973
2026-09-22,000792.SZ,24.8700008392334
2026-09-22,000795.SZ,8.489999771118164
2026-09-22,000800.SZ,5.929999828338623
2026-09-22,000801.SZ,12.109999656677246
2026-09-22,000807.SZ,26.950000762939453
2026-09-22,000810.SZ,9.699999809265137
2026-09-22,000811.SZ,39.95000076293945
2026-09-22,000813.SZ,3.309999942779541
2026-09-22,000821.SZ,7.5
2026-09-22,000828.SZ,10.039999961853027
2026-09-22,000829.SZ,9.380000114440918
2026-09-22,000837.SZ,9.760000228881836
2026-09-22,000848.SZ,8.100000381469727
2026-09-22,000858.SZ,70.54000091552734
2026-09-22,000860.SZ,10.579999923706056
2026-09-22,000875.SZ,4.800000190734863
2026-09-22,000876.SZ,7.21999979019165
2026-09-22,000881.SZ,6.670000076293945
2026-09-22,000885.SZ,11.739999771118164
2026-09-22,000895.SZ,23.3799991607666
2026-09-22,000899.SZ,9.31999969482422
2026-09-22,000901.SZ,14.390000343322754
2026-09-22,000902.SZ,13.789999961853027
2026-09-22,000913.SZ,10.789999961853027
2026-09-22,000915.SZ,24.200000762939453
2026-09-22,000917.SZ,7.110000133514404
2026-09-22,000923.SZ,16.600000381469727
2026-09-22,000927.SZ,2.4800000190734863
2026-09-22,000928.SZ,5.409999847412109
2026-09-22,000930.SZ,5.409999847412109
2026-09-22,000935.SZ,20.450000762939453
2026-09-22,000938.SZ,33.77000045776367
2026-09-22,000950.SZ,5.289999961853027
2026-09-22,000963.SZ,26.6200008392334
2026-09-22,000966.SZ,4.03000020980835
2026-09-22,000968.SZ,7.090000152587891
2026-09-22,000969.SZ,17.260000228881836
2026-09-22,000970.SZ,11.760000228881836
2026-09-22,000975.SZ,24.200000762939453
2026-09-22,000977.SZ,72.1500015258789
2026-09-22,000983.SZ,6.619999885559082
2026-09-22,000990.SZ,6.599999904632568
2026-09-22,000999.SZ,23.84000015258789
2026-09-22,0012.HK,26.39999961853028
2026-09-22,001203.SZ,24.540000915527344
2026-09-22,001289.SZ,15.140000343322754
2026-09-22,001391.SZ,3.930000066757202
2026-09-22,0016.HK,109.6999969482422
2026-09-22,001965.SZ,9.800000190734863
2026-09-22,001979.SZ,7.269999980926514
2026-09-22,002001.SZ,26.65999984741211
2026-09-22,002027.SZ,4.75
2026-09-22,002028.SZ,128.39999389648438
2026-09-22,002049.SZ,61.86000061035156
2026-09-22,002050.SZ,36.20000076293945
2026-09-22,002074.SZ,27.729999542236328
2026-09-22,002129.SZ,9.609999656677246
2026-09-22,002142.SZ,34.720001220703125
2026-09-22,002179.SZ,35.18000030517578
2026-09-22,002180.SZ,17.719999313354492
2026-09-22,002230.SZ,39.119998931884766
2026-09-22,002236.SZ,15.890000343322754
2026-09-22,002241.SZ,24.63999938964844
2026-09-22,002252.SZ,4.980000019073486
2026-09-22,002304.SZ,38.34999847412109
2026-09-22,002311.SZ,42.09999847412109
2026-09-22,002352.SZ,30.940000534057617
2026-09-22,002371.SZ,672.9199829101562
2026-09-22,002415.SZ,33.18000030517578
2026-09-22,002422.SZ,42.0
2026-09-22,002459.SZ,6.920000076293945
2026-09-22,002460.SZ,46.38999938964844
2026-09-22,002463.SZ,125.13999938964844
2026-09-22,002466.SZ,43.119998931884766
2026-09-22,002475.SZ,54.84000015258789
2026-09-22,002493.SZ,13.130000114440918
2026-09-22,002594.SZ,86.58000183105469
2026-09-22,002600.SZ,12.649999618530272
2026-09-22,002601.SZ,15.25
2026-09-22,002648.SZ,26.959999084472656
2026-09-22,0027.HK,32.099998474121094
2026-09-22,002709.SZ,33.310001373291016
2026-09-22,002714.SZ,41.86000061035156
2026-09-22,002736.SZ,9.970000267028809
2026-09-22,002916.SZ,400.0
2026-09-22,002920.SZ,84.70999908447266
2026-09-22,002938.SZ,89.25
2026-09-22,003816.SZ,4.199999809265137
2026-09-22,0101.HK,6.554999828338623
2026-09-22,0175.HK,15.729999542236328
2026-09-22,0241.HK,2.845000028610229
2026-09-22,0267.HK,13.210000038146973
2026-09-22,0285.HK,23.520000457763672
2026-09-22,0288.HK,6.539999961853027
2026-09-22,0291.HK,18.350000381469727
2026-09-22,0300.HK,96.25
2026-09-22,0316.HK,145.10000610351562
2026-09-22,0322.HK,11.40999984741211
2026-09-22,1024.HK,31.21999931335449
2026-09-22,1038.HK,65.6500015258789
2026-09-22,1044.HK,20.040000915527344
2026-09-22,1088.HK,45.36000061035156
2026-09-22,1093.HK,9.710000038146973
2026-09-22,1099.HK,15.029999732971191
2026-09-22,1109.HK,29.1200008392334
2026-09-22,1113.HK,46.43999862670898
2026-09-22,1177.HK,5.835000038146973
2026-09-22,1209.HK,37.43999862670898
2026-09-22,1211.HK,81.3499984741211
2026-09-22,1299.HK,76.25
2026-09-22,1378.HK,21.36000061035156
2026-09-22,1398.HK,7.539999961853027
2026-09-22,1810.HK,27.200000762939453
2026-09-22,1876.HK,6.025000095367432
2026-09-22,1928.HK,12.15999984741211
2026-09-22,1929.HK,11.010000228881836
2026-09-22,1997.HK,30.89999961853028
2026-09-22,2015.HK,45.08000183105469
2026-09-22,2020.HK,71.9000015258789
2026-09-22,2057.HK,155.6999969482422
2026-09-22,2269.HK,52.650001525878906
2026-09-22,2313.HK,34.58000183105469
2026-09-22,2318.HK,53.900001525878906
2026-09-22,2319.HK,17.68000030517578
2026-09-22,2331.HK,12.359999656677246
2026-09-22,2359.HK,208.0
2026-09-22,2382.HK,67.0999984741211
2026-09-22,2388.HK,52.29999923706055
2026-09-22,2618.HK,10.399999618530272
2026-09-22,2628.HK,29.700000762939453
2026-09-22,2688.HK,48.2400016784668
2026-09-22,2899.HK,34.02000045776367
2026-09-22,300014.SZ,50.54999923706055
2026-09-22,300015.SZ,8.069999694824219
2026-09-22,300033.SZ,210.1699981689453
2026-09-22,300059.SZ,18.770000457763672
2026-09-22,300122.SZ,13.350000381469728
2026-09-22,300124.SZ,54.04999923706055
2026-09-22,300274.SZ,88.19999694824219
2026-09-22,300308.SZ,927.719970703125
2026-09-22,300316.SZ,41.38999938964844
2026-09-22,300347.SZ,57.84000015258789
2026-09-22,300394.SZ,275.8399963378906
2026-09-22,300408.SZ,129.47999572753906
2026-09-22,300413.SZ,19.31999969482422
2026-09-22,300418.SZ,44.72999954223633
2026-09-22,300433.SZ,34.439998626708984
2026-09-22,300442.SZ,66.7300033569336
2026-09-22,300498.SZ,14.899999618530272
2026-09-22,300502.SZ,455.0
2026-09-22,300628.SZ,41.7400016784668
2026-09-22,300661.SZ,121.68000030517578
2026-09-22,300750.SZ,304.6300048828125
2026-09-22,300759.SZ,44.459999084472656
2026-09-22,300760.SZ,156.67999267578125
2026-09-22,300782.SZ,74.75
2026-09-22,300832.SZ,49.470001220703125
2026-09-22,300896.SZ,93.3499984741211
2026-09-22,300979.SZ,33.650001525878906
2026-09-22,300999.SZ,25.1200008392334
2026-09-22,301236.SZ,37.81999969482422
2026-09-22,301269.SZ,89.62999725341797
2026-09-22,302132.SZ,72.18000030517578
2026-09-22,600000.SS,9.039999961853027
2026-09-22,600009.SS,22.809999465942383
2026-09-22,600010.SS,2.119999885559082
2026-09-22,600011.SS,6.800000190734863
2026-09-22,600015.SS,6.239999771118164
2026-09-22,600016.SS,3.5
2026-09-22,600018.SS,5.360000133514404
2026-09-22,600019.SS,5.730000019073486
2026-09-22,600023.SS,5.0
2026-09-22,600025.SS,9.619999885559082
2026-09-22,600026.SS,21.90999984741211
2026-09-22,600027.SS,4.800000190734863
2026-09-22,600028.SS,5.309999942779541
2026-09-22,600029.SS,4.960000038146973
2026-09-22,600030.SS,26.88999938964844
2026-09-22,600031.SS,17.719999313354492
2026-09-22,600036.SS,40.81999969482422
2026-09-22,600039.SS,8.770000457763672
2026-09-22,600048.SS,5.679999828338623
2026-09-22,600050.SS,4.210000038146973
2026-09-22,600061.SS,6.340000152587891
2026-09-22,600066.SS,26.170000076293945
2026-09-22,600085.SS,23.65999984741211
2026-09-22,600089.SS,18.209999084472656
2026-09-22,600104.SS,11.06999969482422
2026-09-22,600111.SS,37.900001525878906
2026-09-22,600115.SS,3.450000047683716
2026-09-22,600150.SS,40.119998931884766
2026-09-22,600160.SS,34.61000061035156
2026-09-22,600161.SS,12.359999656677246
2026-09-22,600176.SS,45.470001220703125
2026-09-22,600183.SS,143.4499969482422
2026-09-22,600188.SS,20.350000381469727
2026-09-22,600196.SS,23.1299991607666
2026-09-22,600219.SS,4.75
2026-09-22,600233.SS,17.690000534057617
2026-09-22,600276.SS,45.720001220703125
2026-09-22,600309.SS,70.66000366210938
2026-09-22,600332.SS,19.68000030517578
2026-09-22,600346.SS,16.540000915527344
2026-09-22,600362.SS,45.09999847412109
2026-09-22,600372.SS,11.56999969482422
2026-09-22,600377.SS,12.539999961853027
2026-09-22,600406.SS,22.229999542236328
2026-09-22,600415.SS,11.850000381469728
2026-09-22,600426.SS,20.39999961853028
2026-09-22,600436.SS,120.81999969482422
2026-09-22,600438.SS,11.720000267028809
2026-09-22,600460.SS,33.400001525878906
2026-09-22,600482.SS,35.34000015258789
2026-09-22,600489.SS,23.46999931335449
2026-09-22,600515.SS,2.759999990463257
2026-09-22,A,167.25999450683594
2026-09-22,A2A.MI,2.3329999446868896
2026-09-22,AAF.L,312.0
2026-09-22,AAL.L,4109.0
2026-09-22,AAPL,339.75
2026-09-22,ABBV,265.2099914550781
2026-09-22,ABF.L,1855.0
2026-09-22,ABNB,161.80999755859375
2026-09-22,ABT,103.69000244140624
2026-09-22,ACGL,94.9499969482422
2026-09-22,ACN,183.72000122070312
2026-09-22,ADBE,238.25
2026-09-22,ADI,390.3699951171875
2026-09-22,ADM,82.33999633789062
2026-09-22,ADM.L,3706.0
2026-09-22,ADP,269.6400146484375
2026-09-22,ADS.DE,146.85000610351562
2026-09-22,ADSK,219.6199951171875
2026-09-22,AEE,101.66000366210938
2026-09-22,AEP,120.2699966430664
2026-09-22,AES,14.81999969482422
2026-09-22,AFL,114.5999984741211
2026-09-22,AIG,75.18000030517578
2026-09-22,AIR.DE,194.6999969482422
2026-09-22,AIZ,271.0799865722656
2026-09-22,AJG,230.4499969482422
2026-09-22,AKAM,118.33999633789062
2026-09-22,ALB,116.8000030517578
2026-09-22,ALGN,153.2899932861328
2026-09-22,ALL,229.5
2026-09-22,ALLE,153.9499969482422
2026-09-22,ALV.DE,430.2000122070313
2026-09-22,ALW.L,1375.0
2026-09-22,AMAT,472.4599914550781
2026-09-22,AMCR,43.2400016784668
2026-09-22,AMD,623.77001953125
2026-09-22,AME,245.41000366210932
2026-09-22,AMGN,410.239990234375
2026-09-22,AMP,512.3699951171875
2026-09-22,AMP.MI,11.645000457763672
2026-09-22,AMT,175.25
2026-09-22,AMZN,254.97999572753903
2026-09-22,ANET,205.19000244140625
2026-09-22,ANTO.L,3843.0
2026-09-22,AON,286.1000061035156
2026-09-22,AOS,58.15999984741211
2026-09-22,APA,42.29999923706055
2026-09-22,APD,287.8599853515625
2026-09-22,APH,82.83999633789062
2026-09-22,APO,124.1500015258789
2026-09-22,APP,328.7300109863281
2026-09-22,APTV,44.61000061035156
2026-09-22,ARE,53.84999847412109
2026-09-22,ARM,333.20001220703125
2026-09-22,ASML,1747.9000244140625
2026-09-22,ATO,157.33999633789062
2026-09-22,AUTO.L,484.1000061035156
2026-09-22,AVGO,364.5400085449219
2026-09-22,AVY,172.08999633789062
2026-09-22,AWK,133.82000732421875
2026-09-22,AXON,459.3200073242188
2026-09-22,AXP,305.07000732421875
2026-09-22,AZM.MI,39.97999954223633
2026-09-22,AZN,168.3699951171875
2026-09-22,AZN.L,12672.0
2026-09-22,AZO,2894.72998046875
2026-09-22,BA,197.72000122070312
2026-09-22,BAB.L,977.0
2026-09-22,BAC,56.20000076293945
2026-09-22,BALL,59.970001220703125
2026-09-22,BAMI.MI,16.09000015258789
2026-09-22,BARC.L,465.2999877929688
2026-09-22,BAS.DE,51.790000915527344
2026-09-22,BATS.L,4165.0
2026-09-22,BAX,23.68000030517578
2026-09-22,BAYN.DE,49.54999923706055
2026-09-22,BBY,94.81999969482422
2026-09-22,BDX,183.0
2026-09-22,BEI.DE,76.45999908447266
2026-09-22,BEN,33.130001068115234
2026-09-22,BEZ.L,1306.0
2026-09-22,BFF.MI,2.947999954223633
2026-09-22,BG,110.0
2026-09-22,BIIB,225.3600006103516
2026-09-22,BKG.L,3388.0
2026-09-22,BKNG,164.22000122070312
2026-09-22,BKR,57.2599983215332
2026-09-22,BLDR,60.869998931884766
2026-09-22,BLK,1066.6600341796875
2026-09-22,BMED.MI,23.36000061035156
2026-09-22,BMPS.MI,11.850000381469728
2026-09-22,BMW.DE,59.58000183105469
2026-09-22,BMY,62.25
2026-09-22,BNR.DE,60.220001220703125
2026-09-22,BNZL.L,2674.0
2026-09-22,BPE.MI,14.315999984741213
2026-09-22,BR,163.02000427246094
2026-09-22,BRBY.L,1024.0
2026-09-22,BRO,62.43999862670898
2026-09-22,BSX,44.91999816894531
2026-09-22,BTRW.L,309.29998779296875
2026-09-22,BX,124.01000213623048
2026-09-22,BXP,64.30999755859375
2026-09-22,BZU.MI,37.43999862670898
2026-09-22,C,132.47000122070312
2026-09-22,CAG,14.779999732971191
2026-09-22,CAH,222.0399932861328
2026-09-22,CARR,55.2599983215332
2026-09-22,CAT,808.010009765625
2026-09-22,CB,335.7699890136719
2026-09-22,CBK.DE,41.52000045776367
2026-09-22,CBOE,266.8299865722656
2026-09-22,CBRE,141.0500030517578
2026-09-22,CCEP,102.30999755859376
2026-09-22,CCEP.L,7680.0
2026-09-22,CCH.L,4408.0
2026-09-22,CCI,72.37000274658203
2026-09-22,CCL,22.280000686645508
2026-09-22,CDNS,302.95001220703125
2026-09-22,CDW,147.42999267578125
2026-09-22,CEG,263.4599914550781
2026-09-22,CF,120.58999633789062
2026-09-22,CFG,65.48999786376953
2026-09-22,CHD,96.12000274658205
2026-09-22,CHRW,149.55999755859375
2026-09-22,CHTR,117.26000213623048
2026-09-22,CI,273.739990234375
2026-09-22,CINF,165.8300018310547
2026-09-22,CL,87.05000305175781
2026-09-22,CLX,87.1500015258789
2026-09-22,CMCSA,22.420000076293945
2026-09-22,CME,267.2099914550781
2026-09-22,CMG,32.630001068115234
2026-09-22,CMI,526.1300048828125
2026-09-22,CMS,64.2699966430664
2026-09-22,CNA.L,150.39999389648438
2026-09-22,CNC,63.29999923706055
2026-09-22,CNP,37.84999847412109
2026-09-22,COF,200.5500030517578
2026-09-22,COIN,201.07000732421875
2026-09-22,CON.DE,69.95999908447266
2026-09-22,COO,55.290000915527344
2026-09-22,COP,125.2699966430664
2026-09-22,COR,314.42999267578125
2026-09-22,COST,899.4099731445312
2026-09-22,CPAY,392.9500122070313
2026-09-22,CPB,20.209999084472656
2026-09-22,CPG.L,30.100000381469727
2026-09-22,CPR.MI,6.076000213623047
2026-09-22,CPRT,28.795000076293945
2026-09-22,CPT,99.30999755859376
2026-09-22,CRDA.L,3292.0
2026-09-22,CRL,285.1099853515625
2026-09-22,CRM,233.27999877929688
2026-09-22,CRWD,250.0599975585937
2026-09-22,CSCO,106.44000244140624
2026-09-22,CSGP,28.770000457763672
2026-09-22,CSX,46.59000015258789
2026-09-22,CTAS,198.8000030517578
2026-09-22,CTEC.L,215.1999969482422
2026-09-22,CTSH,58.68000030517578
2026-09-22,CTVA,80.33999633789062
2026-09-22,CVS,87.0999984741211
2026-09-22,CVX,202.41000366210932
2026-09-22,D,62.43000030517578
2026-09-22,DAL,83.91999816894531
2026-09-22,DASH,192.2100067138672
2026-09-22,DB1.DE,279.8999938964844
2026-09-22,DBK.DE,32.63999938964844
2026-09-22,DCC.L,6430.0
2026-09-22,DD,131.8000030517578
2026-09-22,DDOG,247.4750061035156
2026-09-22,DE,703.1199951171875
2026-09-22,DECK,79.83000183105469
2026-09-22,DELL,548.9199829101562
2026-09-22,DG,122.62999725341795
2026-09-22,DGE.L,1638.5
2026-09-22,DGX,234.759994506836
2026-09-22,DHI,144.11000061035156
2026-09-22,DHL.DE,58.619998931884766
2026-09-22,DHR,221.08999633789065
2026-09-22,DIA.MI,76.18000030517578
2026-09-22,DIS,103.81999969482422
2026-09-22,DLR,185.6499938964844
2026-09-22,DLTR,115.04000091552734
2026-09-22,DOC,20.600000381469727
2026-09-22,DOV,186.5399932861328
2026-09-22,DOW,28.200000762939453
2026-09-22,DPLM.L,7625.0
2026-09-22,DPZ,297.114990234375
2026-09-22,DRI,213.5399932861328
2026-09-22,DTE,125.41000366210938
2026-09-22,DTE.DE,27.11000061035156
2026-09-22,DTG.DE,43.20000076293945
2026-09-22,DUK,116.30999755859376
2026-09-22,DVA,183.72000122070312
2026-09-22,DVN,46.93000030517578
2026-09-22,DXCM,89.52999877929688
2026-09-22,EBAY,109.27999877929688
2026-09-22,ECL,276.2200012207031
2026-09-22,ED,103.83999633789062
2026-09-22,EDV.L,4720.0
2026-09-22,EFX,159.77999877929688
2026-09-22,EG,370.9599914550781
2026-09-22,EIX,55.04999923706055
2026-09-22,EL,100.29000091552734
2026-09-22,ELV,402.4299926757813
2026-09-22,EME,756.5
2026-09-22,EMR,154.19000244140625
2026-09-22,ENEL.MI,8.918000221252441
2026-09-22,ENI.MI,23.3799991607666
2026-09-22,ENR.DE,145.86000061035156
2026-09-22,ENT.L,476.7000122070313
2026-09-22,EOAN.DE,17.469999313354492
2026-09-22,EOG,139.52000427246094
2026-09-22,EPAM,111.54000091552734
2026-09-22,EQIX,1059.260009765625
2026-09-22,EQT,50.810001373291016
2026-09-22,ERG.MI,23.299999237060547
2026-09-22,ERIE,234.3800048828125
2026-09-22,ES,66.37999725341797
2026-09-22,ESS,274.760009765625
2026-09-22,ETN,442.489990234375
2026-09-22,ETR,101.16000366210938
2026-09-22,EVRG,79.2699966430664
2026-09-22,EW,88.77999877929688
2026-09-22,EXC,41.79999923706055
2026-09-22,EXE,87.02999877929688
2026-09-22,EXPD,187.509994506836
2026-09-22,EXPE,280.70001220703125
2026-09-22,EXPN.L,2675.0
2026-09-22,EXR,134.99000549316406
2026-09-22,EZJ.L,672.0
2026-09-22,F,13.100000381469728
2026-09-22,FANG,184.5
2026-09-22,FAST,50.08000183105469
2026-09-22,FCIT.L,345.79998779296875
2026-09-22,FCX,74.3499984741211
2026-09-22,FDS,276.4200134277344
2026-09-22,FDX,295.94000244140625
2026-09-22,FE,44.72999954223633
2026-09-22,FFIV,453.3299865722656
2026-09-22,FICO,914.47998046875
2026-09-22,FIS,34.959999084472656
2026-09-22,FISV,46.09999847412109
2026-09-22,FITB,52.7599983215332
2026-09-22,FME.DE,39.29999923706055
2026-09-22,FOX,57.31999969482422
2026-09-22,FOXA,64.25
2026-09-22,FRE.DE,45.56999969482422
2026-09-22,FRES.L,2994.0
2026-09-22,FRT,110.45999908447266
2026-09-22,FSLR,200.77999877929688
2026-09-22,FTNT,174.25999450683594
2026-09-22,FTV,55.95000076293945
2026-09-22,G.MI,44.2599983215332
2026-09-22,G1A.DE,67.3499984741211
2026-09-22,G24.DE,74.69999694824219
2026-09-22,GAW.L,18110.0
2026-09-22,GD,343.3900146484375
2026-09-22,GDDY,98.23999786376952
2026-09-22,GE,319.2200012207031
2026-09-22,GEHC,66.2699966430664
2026-09-22,GEN,27.290000915527344
2026-09-22,GEV,950.280029296875
2026-09-22,GFS,47.95000076293945
2026-09-22,GILD,152.6699981689453
2026-09-22,GIS,35.45000076293945
2026-09-22,GL,169.42999267578125
2026-09-22,GLEN.L,545.5999755859375
2026-09-22,GLW,159.69000244140625
2026-09-22,GM,83.44999694824219
2026-09-22,GNRC,206.1699981689453
2026-09-22,GOOG,347.4100036621094
2026-09-22,GOOGL,351.1600036621094
2026-09-22,GPC,129.58999633789062
2026-09-22,GPN,84.77999877929688
2026-09-22,GRMN,284.6700134277344
2026-09-22,GS,949.489990234375
2026-09-22,GSK.L,1906.0
2026-09-22,GWW,1268.6199951171875
2026-09-22,HAL,32.849998474121094
2026-09-22,HAS,86.91000366210938
2026-09-22,HBAN,15.6899995803833
2026-09-22,HCA,438.1199951171875
2026-09-22,HD,305.3500061035156
2026-09-22,HEI.DE,147.3000030517578
2026-09-22,HEN3.DE,75.18000030517578
2026-09-22,HER.MI,3.635999917984009
2026-09-22,HIG,128.72999572753906
2026-09-22,HII,270.95001220703125
2026-09-22,HIK.L,1606.0
2026-09-22,HLMA.L,3582.0
2026-09-22,HLN.L,342.6000061035156
2026-09-22,HLT,308.44000244140625
2026-09-22,HNR1.DE,252.6000061035156
2026-09-22,HON,211.8500061035156
2026-09-22,HOOD,124.25
2026-09-22,HPE,61.02999877929688
2026-09-22,HPQ,32.040000915527344
2026-09-22,HRL,20.32999992370605
2026-09-22,HSBA.L,1509.4000244140625
2026-09-22,HSIC,87.43000030517578
2026-09-22,HST,22.280000686645508
2026-09-22,HSX.L,1904.0
2026-09-22,HSY,168.4600067138672
2026-09-22,HUBB,458.8299865722656
2026-09-22,HUM,372.0
2026-09-22,HWDN.L,771.0
2026-09-22,HWM,225.3600006103516
2026-09-22,IAG.L,439.1000061035156
2026-09-22,IBKR,91.87999725341795
2026-09-22,IBM,231.3800048828125
2026-09-22,ICE,152.92999267578125
2026-09-22,ICG.L,1908.0
2026-09-22,IDXX,521.5
2026-09-22,IEX,225.69000244140625
2026-09-22,IFF,85.79000091552734
2026-09-22,IFX.DE,60.130001068115234
2026-09-22,IG.MI,8.538000106811523
2026-09-22,IHG.L,154.10000610351562
2026-09-22,III.L,2673.0
2026-09-22,IMB.L,2448.0
2026-09-22,IMI.L,3108.0
2026-09-22,INCY,126.93000030517578
2026-09-22,INF.L,897.7999877929688
2026-09-22,INTC,123.86000061035156
2026-09-22,INTU,292.3500061035156
2026-09-22,INVH,27.13999938964844
2026-09-22,INW.MI,6.699999809265137
2026-09-22,IP,35.709999084472656
2026-09-22,IP.MI,36.02000045776367
2026-09-22,IQV,270.0899963378906
2026-09-22,IR,73.8499984741211
2026-09-22,IRM,118.12999725341795
2026-09-22,ISP.MI,6.73199987411499
2026-09-22,ISRG,402.0899963378906
2026-09-22,IT,178.75
2026-09-22,ITRK.L,5870.0
2026-09-22,ITW,270.4700012207031
2026-09-22,IVZ,30.850000381469727
2026-09-22,J,143.1199951171875
2026-09-22,JBHT,237.41000366210932
2026-09-22,JBL,308.9800109863281
2026-09-22,JCI,146.44000244140625
2026-09-22,JKHY,149.10000610351562
2026-09-22,JNJ,269.19000244140625
2026-09-22,JPM,340.0
2026-09-22,KDP,31.51000022888184
2026-09-22,KEY,20.479999542236328
2026-09-22,KEYS,347.32000732421875
2026-09-22,KGF.L,343.70001220703125
2026-09-22,KHC,24.0
2026-09-22,KIM,22.549999237060547
2026-09-22,KKR,98.44000244140624
2026-09-22,KLAC,188.32000732421875
2026-09-22,KMB,98.91000366210938
2026-09-22,KMI,31.270000457763672
2026-09-22,KO,88.61000061035156
2026-09-22,KR,58.560001373291016
2026-09-22,KVUE,17.860000610351562
2026-09-22,L,105.91000366210938
2026-09-22,LAND.L,631.0
2026-09-22,LDO.MI,49.900001525878906
2026-09-22,LDOS,123.30999755859376
2026-09-22,LEN,83.05999755859375
2026-09-22,LGEN.L,296.6000061035156
2026-09-22,LH,311.5400085449219
2026-09-22,LHX,239.88999938964844
2026-09-22,LII,371.6799926757813
2026-09-22,LIN,464.9100036621094
2026-09-22,LKQ,23.59000015258789
2026-09-22,LLOY.L,108.3000030517578
2026-09-22,LLY,1170.1400146484375
2026-09-22,LMP.L,180.3999938964844
2026-09-22,LMT,522.3400268554688
2026-09-22,LNT,64.62000274658203
2026-09-22,LOW,196.0800018310547
2026-09-22,LRCX,310.9599914550781
2026-09-22,LSEG.L,8154.0
2026-09-22,LULU,103.7300033569336
2026-09-22,LUV,42.08000183105469
2026-09-22,LVS,39.70000076293945
2026-09-22,LW,46.36000061035156
2026-09-22,LYB,59.2400016784668
2026-09-22,LYV,169.83999633789062
2026-09-22,MA,555.8900146484375
2026-09-22,MAA,119.1500015258789
2026-09-22,MAR,348.0599975585937
2026-09-22,MAS,69.95999908447266
2026-09-22,MB.MI,28.6299991607666
2026-09-22,MBG.DE,43.470001220703125
2026-09-22,MCD,250.3500061035156
2026-09-22,MCHP,75.81999969482422
2026-09-22,MCK,891.22998046875
2026-09-22,MCO,469.25
2026-09-22,MDLZ,61.08000183105469
2026-09-22,MDT,90.7699966430664
2026-09-22,MELI,1826.5799560546875
2026-09-22,MET,95.91999816894533
2026-09-22,META,736.594970703125
2026-09-22,MGM,38.900001525878906
2026-09-22,MHK,121.2300033569336
2026-09-22,MKC,49.41999816894531
2026-09-22,MKS.L,373.2999877929688
2026-09-22,MLM,499.3399963378906
2026-09-22,MMM,169.3000030517578
2026-09-22,MNDI.L,847.0
2026-09-22,MNG.L,330.79998779296875
2026-09-22,MNST,44.27000045776367
2026-09-22,MO,68.63999938964844
2026-09-22,MOH,191.19000244140625
2026-09-22,MONC.MI,43.810001373291016
2026-09-22,MOS,24.729999542236328
2026-09-22,MPC,389.6799926757813
2026-09-22,MPWR,1380.6199951171875
2026-09-22,MRK,150.91000366210938
2026-09-22,MRK.DE,133.14999389648438
2026-09-22,MRNA,182.5599975585937
2026-09-22,MRO.L,487.7999877929688
2026-09-22,MRVL,262.3599853515625
2026-09-22,MS,200.17999267578125
2026-09-22,MSCI,548.8800048828125
2026-09-22,MSFT,498.0
2026-09-22,MSI,456.7000122070313
2026-09-22,MSTR,167.3300018310547
2026-09-22,MTB,223.4199981689453
2026-09-22,MTCH,41.709999084472656
2026-09-22,MTD,1490.760009765625
2026-09-22,MTLN.L,48.400001525878906
2026-09-22,MTX.DE,357.8999938964844
2026-09-22,MU,1096.1600341796875
2026-09-22,MUV2.DE,501.7999877929688
2026-09-22,NCLH,14.220000267028809
2026-09-22,NDAQ,94.5
2026-09-22,NDSN,319.6700134277344
2026-09-22,NEE,79.26000213623047
2026-09-22,NEM,127.26000213623048
2026-09-22,NEXI.MI,4.193999767303467
2026-09-22,NFLX,72.16000366210938
2026-09-22,NI,39.880001068115234
2026-09-22,NKE,36.09999847412109
2026-09-22,NOC,509.8599853515625
2026-09-22,NOW,137.0
2026-09-22,NRG,102.75
2026-09-22,NSC,314.0
2026-09-22,NTAP,192.91000366210932
2026-09-22,NTRS,173.39999389648438
2026-09-22,NUE,245.66000366210932
2026-09-22,NVDA,228.8699951171875
2026-09-22,NVR,6338.919921875
2026-09-22,NWG.L,695.0
2026-09-22,NWS,32.380001068115234
2026-09-22,NWSA,29.25
2026-09-22,NXPI,237.57000732421875
2026-09-22,NXT.L,14690.0
2026-09-22,O,56.52999877929688
2026-09-22,ODFL,177.30999755859375
2026-09-22,OKE,90.08999633789062
2026-09-22,OMC,75.33999633789062
2026-09-22,ON,73.5999984741211
2026-09-22,ORCL,149.1999969482422
2026-09-22,ORLY,85.81999969482422
2026-09-22,OTIS,68.08000183105469
2026-09-22,OXY,56.310001373291016
2026-09-22,PAH3.DE,27.299999237060547
2026-09-22,PANW,374.5700073242188
2026-09-22,PAYC,224.6100006103516
2026-09-22,PAYX,114.52999877929688
2026-09-22,PCAR,113.9000015258789
2026-09-22,PCG,12.880000114440918
2026-09-22,PCT.L,691.0
2026-09-22,PDD,80.3499984741211
2026-09-22,PEG,69.12000274658203
2026-09-22,PEP,131.19000244140625
2026-09-22,PFE,27.93000030517578
2026-09-22,PFG,113.58999633789062
2026-09-22,PG,148.22000122070312
2026-09-22,PGR,206.94000244140625
2026-09-22,PH,964.8499755859376
2026-09-22,PHM,122.29000091552734
2026-09-22,PKG,238.22999572753903
2026-09-22,PLD,135.8800048828125
2026-09-22,PLTR,184.9900054931641
2026-09-22,PM,190.22999572753903
2026-09-22,PNC,227.9600067138672
2026-09-22,PNR,55.4900016784668
2026-09-22,PNW,93.16000366210938
2026-09-22,PODD,139.3800048828125
2026-09-22,POOL,168.60000610351562
2026-09-22,PPG,107.7699966430664
2026-09-22,PPL,32.880001068115234
2026-09-22,PRU,117.66000366210938
2026-09-22,PRU.L,958.4000244140624
2026-09-22,PRY.MI,129.3000030517578
2026-09-22,PSA,289.7099914550781
2026-09-22,PSH.L,3706.0
2026-09-22,PSKY,10.109999656677246
2026-09-22,PSN.L,1194.0
2026-09-22,PSON.L,1198.0
2026-09-22,PST.MI,25.61000061035156
2026-09-22,PSX,256.7799987792969
2026-09-22,PTC,140.0
2026-09-22,PWR,642.6300048828125
2026-09-22,PYPL,52.88999938964844
2026-09-22,Q,124.86000061035156
2026-09-22,QCOM,198.2700042724609
2026-09-22,QIA.DE,38.40999984741211
2026-09-22,RACE.MI,360.8999938964844
2026-09-22,RCL,234.88999938964844
2026-09-22,REC.MI,52.79999923706055
2026-09-22,REG,73.52999877929688
2026-09-22,REGN,803.9000244140625
2026-09-22,REL.L,2450.0
2026-09-22,RF,27.90999984741211
2026-09-22,RHM.DE,991.4000244140624
2026-09-22,RIO.L,7234.0
2026-09-22,RJF,159.38999938964844
2026-09-22,RKT.L,5004.0
2026-09-22,RL,346.0599975585937
2026-09-22,RMD,221.97000122070312
2026-09-22,RMV.L,484.6000061035156
2026-09-22,ROK,427.1900024414063
2026-09-22,ROL,32.86000061035156
2026-09-22,ROP,363.8500061035156
2026-09-22,ROST,232.509994506836
2026-09-22,RSG,213.8800048828125
2026-09-22,RTO.L,316.6000061035156
2026-09-22,RTX,190.9900054931641
2026-09-22,RVTY,143.30999755859375
2026-09-22,RWE.DE,60.380001068115234
2026-09-22,SAP.DE,182.32000732421875
2026-09-22,SBAC,175.83999633789062
2026-09-22,SBRY.L,338.70001220703125
2026-09-22,SBUX,95.11000061035156
2026-09-22,SCHW,100.3499984741211
2026-09-22,SDR.L,589.0
2026-09-22,SFER.MI,7.619999885559082
2026-09-22,SGE.L,989.5999755859376
2026-09-22,SGRO.L,949.0
2026-09-22,SHEL.L,3510.0
2026-09-22,SHL.DE,37.43000030517578
2026-09-22,SHOP,147.74000549316406
2026-09-22,SHW,328.3500061035156
2026-09-22,SIE.DE,273.8500061035156
2026-09-22,SJM,121.11000061035156
2026-09-22,SLB,52.119998931884766
2026-09-22,SMCI,41.540000915527344
2026-09-22,SMIN.L,2783.0
2026-09-22,SMT.L,1572.5
2026-09-22,SNA,371.7999877929688
2026-09-22,SNDK,1887.0400390625
2026-09-22,SNPS,409.239990234375
2026-09-22,SO,85.1500015258789
2026-09-22,SOLS,58.88999938964844
2026-09-22,SOLV,88.75
2026-09-22,SPG,205.9499969482422
2026-09-22,SPGI,402.4400024414063
2026-09-22,SPM.MI,4.3379998207092285
2026-09-22,SPX.L,7275.0
2026-09-22,SRE,80.9800033569336
2026-09-22,SRG.MI,5.659999847412109
2026-09-22,SSE.L,2469.0
2026-09-22,STAN.L,2266.0
2026-09-22,STE,208.7899932861328
2026-09-22,STJ.L,1118.0
2026-09-22,STLD,233.9900054931641
2026-09-22,STT,180.25
2026-09-22,STX,919.8400268554688
2026-09-22,STZ,117.58999633789062
2026-09-22,SVT.L,3108.0
2026-09-22,SW,46.45000076293945
2026-09-22,SWK,92.12999725341795
2026-09-22,SWKS,89.95999908447266
2026-09-22,SY1.DE,93.4000015258789
2026-09-22,SYF,72.66999816894531
2026-09-22,SYK,275.0899963378906
2026-09-22,SYY,78.66999816894531
2026-09-22,T,25.100000381469727
2026-09-22,TAP,36.880001068115234
2026-09-22,TDG,1112.4200439453125
2026-09-22,TDY,612.739990234375
2026-09-22,TEAM,188.6499938964844
2026-09-22,TECH,72.55000305175781
2026-09-22,TEL,213.47999572753903
2026-09-22,TEN.MI,24.549999237060547
2026-09-22,TER,398.6900024414063
2026-09-22,TFC,48.06999969482422
2026-09-22,TGT,159.02000427246094
2026-09-22,TIT.MI,7.515999794006348
2026-09-22,TJX,130.7899932861328
2026-09-22,TKO,188.8699951171875
2026-09-22,TMO,658.52001953125
2026-09-22,TMUS,162.41000366210938
2026-09-22,TPL,355.239990234375
2026-09-22,TPR,112.58999633789062
2026-09-22,TRGP,282.1499938964844
2026-09-22,TRI,95.66000366210938
2026-09-22,TRMB,59.29999923706055
2026-09-22,TRN.MI,9.315999984741213
2026-09-22,TROW,104.16999816894533
2026-09-22,TRV,362.010009765625
2026-09-22,TSCO,32.84000015258789
2026-09-22,TSCO.L,482.0
2026-09-22,TSLA,378.8999938964844
2026-09-22,TSN,51.81999969482422
2026-09-22,TT,437.8200073242188
2026-09-22,TTD,13.18000030517578
2026-09-22,TTWO,205.52999877929688
2026-09-22,TXN,271.4100036621094
2026-09-22,TXT,77.87999725341797
2026-09-22,TYL,331.04998779296875
2026-09-22,UAL,115.20999908447266
2026-09-22,UBER,69.88999938964844
2026-09-22,UCG.MI,83.27999877929688
2026-09-22,UDR,34.099998474121094
2026-09-22,UHS,179.2899932861328
2026-09-22,ULTA,553.8599853515625
2026-09-22,ULVR.L,4698.0
2026-09-22,UNH,372.9500122070313
2026-09-22,UNI.MI,27.75
2026-09-22,UNP,274.4100036621094
2026-09-22,UPS,95.87000274658205
2026-09-22,URI,1043.0400390625
2026-09-22,USB,59.43999862670898
2026-09-22,V,362.0400085449219
2026-09-22,VICI,23.979999542236328
2026-09-22,VLO,377.1400146484375
2026-09-22,VLTO,95.79000091552734
2026-09-22,VMC,247.8699951171875
2026-09-22,VNA.DE,17.3700008392334
2026-09-22,VOD.L,125.1500015258789
2026-09-22,VOW3.DE,75.22000122070312
2026-09-22,VRSK,171.94000244140625
2026-09-22,VRSN,299.4200134277344
2026-09-22,VRTX,514.989990234375
2026-09-22,VST,140.41000366210938
2026-09-22,VTR,86.86000061035156
2026-09-22,VTRS,17.18000030517578
2026-09-22,VZ,46.45000076293945
2026-09-22,WAB,289.7099914550781
2026-09-22,WAT,425.739990234375
2026-09-22,WBD,30.82999992370605
2026-09-22,WDAY,188.22999572753903
2026-09-22,WDC,464.6000061035156
2026-09-22,WEC,102.83000183105467
2026-09-22,WEIR.L,2712.0
2026-09-22,WELL,230.38999938964844
2026-09-22,WFC,83.1500015258789
2026-09-22,WM,207.67999267578125
2026-09-22,WMB,70.9800033569336
2026-09-22,WMT,110.12000274658205
2026-09-22,WPP.L,384.5
2026-09-22,WRB,68.16999816894531
2026-09-22,WSM,232.69000244140625
2026-09-22,WST,371.0899963378906
2026-09-22,WTB.L,2338.0
2026-09-22,WTW,301.7300109863281
2026-09-22,WY,21.540000915527344
2026-09-22,WYNN,82.51000213623047
2026-09-22,XEL,72.05999755859375
2026-09-22,XOM,158.7100067138672
2026-09-22,XYL,107.8499984741211
2026-09-22,XYZ,77.52999877929688
2026-09-22,YUM,139.7100067138672
2026-09-22,ZAL.DE,22.350000381469727
2026-09-22,ZBH,93.9800033569336
2026-09-22,ZBRA,361.6099853515625
2026-09-22,ZS,210.17999267578125
2026-09-22,ZTS,72.86000061035156
2026-09-23,000001.SZ,11.35099983215332
2026-09-23,000002.SZ,3.920000076293945
2026-09-23,000012.SZ,3.7699999809265137
2026-09-23,000019.SZ,6.960000038146973
2026-09-23,000025.SZ,15.039999961853027
2026-09-23,000028.SZ,19.71999931335449
2026-09-23,000029.SZ,21.8799991607666
2026-09-23,000030.SZ,3.930000066757202
2026-09-23,000035.SZ,4.909999847412109
2026-09-23,000048.SZ,19.100000381469727
2026-09-23,000049.SZ,22.459999084472656
2026-09-23,000058.SZ,7.139999866485596
2026-09-23,000059.SZ,5.650000095367432
2026-09-23,000061.SZ,6.03000020980835
2026-09-23,000063.SZ,32.279998779296875
2026-09-23,000065.SZ,10.119999885559082
2026-09-23,000088.SZ,4.510000228881836
2026-09-23,000089.SZ,6.559999942779541
2026-09-23,000090.SZ,3.559999942779541
2026-09-23,000099.SZ,13.0600004196167
2026-09-23,0001.HK,67.5999984741211
2026-09-23,000100.SZ,4.929999828338623
2026-09-23,000156.SZ,7.079999923706055
2026-09-23,000157.SZ,6.099999904632568
2026-09-23,000166.SZ,4.46999979019165
2026-09-23,0002.HK,77.30000305175781
2026-09-23,000301.SZ,13.729999542236328
2026-09-23,000333.SZ,82.47000122070312
2026-09-23,000338.SZ,25.88999938964844
2026-09-23,000408.SZ,73.8499984741211
2026-09-23,000420.SZ,3.559999942779541
2026-09-23,000422.SZ,11.970000267028809
2026-09-23,000425.SZ,7.230000019073486
2026-09-23,000498.SZ,5.139999866485596
2026-09-23,000503.SZ,6.869999885559082
2026-09-23,000517.SZ,2.009999990463257
2026-09-23,000538.SZ,50.32200241088867
2026-09-23,000544.SZ,7.199999809265137
2026-09-23,000550.SZ,16.260000228881836
2026-09-23,000552.SZ,2.4600000381469727
2026-09-23,000555.SZ,11.010000228881836
2026-09-23,000557.SZ,3.640000104904175
2026-09-23,000567.SZ,6.0
2026-09-23,000568.SZ,72.11000061035156
2026-09-23,000581.SZ,18.15999984741211
2026-09-23,000589.SZ,4.21999979019165
2026-09-23,000596.SZ,96.8000030517578
2026-09-23,000597.SZ,4.78000020980835
2026-09-23,000600.SZ,7.210000038146973
2026-09-23,000603.SZ,33.779998779296875
2026-09-23,000612.SZ,10.9399995803833
2026-09-23,000617.SZ,6.75
2026-09-23,000620.SZ,3.2799999713897705
2026-09-23,000625.SZ,7.119999885559082
2026-09-23,000628.SZ,59.470001220703125
2026-09-23,000630.SZ,6.119999885559082
2026-09-23,000650.SZ,5.190000057220459
2026-09-23,000651.SZ,38.36000061035156
2026-09-23,000657.SZ,59.15999984741211
2026-09-23,000661.SZ,73.25
2026-09-23,000672.SZ,15.460000038146973
2026-09-23,000676.SZ,7.25
2026-09-23,000680.SZ,9.279999732971191
2026-09-23,000681.SZ,16.239999771118164
2026-09-23,000682.SZ,10.640000343322754
2026-09-23,000685.SZ,10.850000381469728
2026-09-23,000686.SZ,7.739999771118164
2026-09-23,000688.SZ,25.540000915527344
2026-09-23,000690.SZ,5.019999980926514
2026-09-23,000708.SZ,12.960000038146973
2026-09-23,000712.SZ,10.279999732971191
2026-09-23,000718.SZ,2.069999933242798
2026-09-23,000719.SZ,12.210000038146973
2026-09-23,000725.SZ,6.019999980926514
2026-09-23,000727.SZ,2.200000047683716
2026-09-23,000735.SZ,5.800000190734863
2026-09-23,000737.SZ,14.81999969482422
2026-09-23,000756.SZ,14.529999732971191
2026-09-23,000758.SZ,5.989999771118164
2026-09-23,000761.SZ,2.220000028610229
2026-09-23,000762.SZ,21.440000534057617
2026-09-23,000766.SZ,15.43000030517578
2026-09-23,000767.SZ,3.299999952316284
2026-09-23,000768.SZ,22.709999084472656
2026-09-23,000776.SZ,20.82999992370605
2026-09-23,000786.SZ,16.049999237060547
2026-09-23,000791.SZ,7.130000114440918
2026-09-23,000792.SZ,24.479999542236328
2026-09-23,000795.SZ,8.319999694824219
2026-09-23,000800.SZ,5.929999828338623
2026-09-23,000801.SZ,11.869999885559082
2026-09-23,000807.SZ,26.57999992370605
2026-09-23,000810.SZ,9.510000228881836
2026-09-23,000811.SZ,39.83000183105469
2026-09-23,000813.SZ,3.2300000190734863
2026-09-23,000821.SZ,7.570000171661377
2026-09-23,000828.SZ,10.109999656677246
2026-09-23,000829.SZ,9.0600004196167
2026-09-23,000837.SZ,9.65999984741211
2026-09-23,000848.SZ,8.260000228881836
2026-09-23,000858.SZ,70.33999633789062
2026-09-23,000860.SZ,10.4399995803833
2026-09-23,000875.SZ,4.71999979019165
2026-09-23,000876.SZ,7.03000020980835
2026-09-23,000881.SZ,6.550000190734863
2026-09-23,000885.SZ,11.789999961853027
2026-09-23,000895.SZ,23.32999992370605
2026-09-23,000899.SZ,9.100000381469728
2026-09-23,000901.SZ,14.050000190734863
2026-09-23,000902.SZ,13.8100004196167
2026-09-23,000913.SZ,10.65999984741211
2026-09-23,000915.SZ,24.21999931335449
2026-09-23,000917.SZ,6.929999828338623
2026-09-23,000923.SZ,16.360000610351562
2026-09-23,000927.SZ,2.440000057220459
2026-09-23,000928.SZ,5.360000133514404
2026-09-23,000930.SZ,5.420000076293945
2026-09-23,000935.SZ,20.600000381469727
2026-09-23,000938.SZ,33.65999984741211
2026-09-23,000950.SZ,5.21999979019165
2026-09-23,000963.SZ,26.5
2026-09-23,000966.SZ,3.900000095367432
2026-09-23,000968.SZ,6.849999904632568
2026-09-23,000969.SZ,17.420000076293945
2026-09-23,000970.SZ,11.56999969482422
2026-09-23,000975.SZ,24.280000686645508
2026-09-23,000977.SZ,71.2699966430664
2026-09-23,000983.SZ,6.489999771118164
2026-09-23,000990.SZ,6.440000057220459
2026-09-23,000999.SZ,23.76000022888184
2026-09-23,0012.HK,26.299999237060547
2026-09-23,001203.SZ,23.57999992370605
2026-09-23,001289.SZ,14.989999771118164
2026-09-23,001391.SZ,3.849999904632568
2026-09-23,0016.HK,109.0999984741211
2026-09-23,001965.SZ,9.859999656677246
2026-09-23,001979.SZ,7.25
2026-09-23,002001.SZ,26.34000015258789
2026-09-23,002027.SZ,4.75
2026-09-23,002028.SZ,128.55999755859375
2026-09-23,002049.SZ,61.369998931884766
2026-09-23,002050.SZ,35.9900016784668
2026-09-23,002074.SZ,27.280000686645508
2026-09-23,002129.SZ,9.609999656677246
2026-09-23,002142.SZ,34.720001220703125
2026-09-23,002179.SZ,34.77000045776367
2026-09-23,002180.SZ,17.1299991607666
2026-09-23,002230.SZ,38.720001220703125
2026-09-23,002236.SZ,15.850000381469728
2026-09-23,002241.SZ,24.450000762939453
2026-09-23,002252.SZ,4.96999979019165
2026-09-23,002304.SZ,38.02999877929688
2026-09-23,002311.SZ,41.43999862670898
2026-09-23,002352.SZ,30.88999938964844
2026-09-23,002371.SZ,668.1500244140625
2026-09-23,002415.SZ,33.11000061035156
2026-09-23,002422.SZ,41.70000076293945
2026-09-23,002459.SZ,6.880000114440918
2026-09-23,002460.SZ,45.52999877929688
2026-09-23,002463.SZ,128.10000610351562
2026-09-23,002466.SZ,42.41999816894531
2026-09-23,002475.SZ,54.369998931884766
2026-09-23,002493.SZ,13.550000190734863
2026-09-23,002594.SZ,85.8499984741211
2026-09-23,002600.SZ,12.369999885559082
2026-09-23,002601.SZ,15.239999771118164
2026-09-23,002648.SZ,26.81999969482422
2026-09-23,0027.HK,32.20000076293945
2026-09-23,002709.SZ,32.84000015258789
2026-09-23,002714.SZ,41.400001525878906
2026-09-23,002736.SZ,9.979999542236328
2026-09-23,002916.SZ,414.7699890136719
2026-09-23,002920.SZ,83.51000213623047
2026-09-23,002938.SZ,88.19000244140625
2026-09-23,003816.SZ,4.179999828338623
2026-09-23,0101.HK,6.570000171661377
2026-09-23,0175.HK,15.760000228881836
2026-09-23,0241.HK,2.8350000381469727
2026-09-23,0267.HK,13.079999923706056
2026-09-23,0285.HK,22.979999542236328
2026-09-23,0288.HK,6.445000171661377
2026-09-23,0291.HK,18.61000061035156
2026-09-23,0300.HK,96.4000015258789
2026-09-23,0316.HK,142.5
2026-09-23,0322.HK,11.43000030517578
2026-09-23,1024.HK,30.780000686645508
2026-09-23,1038.HK,65.25
2026-09-23,1044.HK,19.920000076293945
2026-09-23,1088.HK,44.68000030517578
2026-09-23,1093.HK,9.649999618530272
2026-09-23,1099.HK,15.0600004196167
2026-09-23,1109.HK,29.6200008392334
2026-09-23,1113.HK,46.52000045776367
2026-09-23,1177.HK,5.690000057220459
2026-09-23,1209.HK,38.08000183105469
2026-09-23,1211.HK,80.3499984741211
2026-09-23,1299.HK,75.3499984741211
2026-09-23,1378.HK,21.299999237060547
2026-09-23,1398.HK,7.539999961853027
2026-09-23,1810.HK,26.18000030517578
2026-09-23,1876.HK,6.09499979019165
2026-09-23,1928.HK,12.06999969482422
2026-09-23,1929.HK,11.010000228881836
2026-09-23,1997.HK,31.040000915527344
2026-09-23,2015.HK,46.2400016784668
2026-09-23,2020.HK,71.80000305175781
2026-09-23,2057.HK,154.60000610351562
2026-09-23,2269.HK,52.79999923706055
2026-09-23,2313.HK,34.7400016784668
2026-09-23,2318.HK,53.400001525878906
2026-09-23,2319.HK,17.920000076293945
2026-09-23,2331.HK,12.380000114440918
2026-09-23,2359.HK,207.6000061035156
2026-09-23,2382.HK,65.0
2026-09-23,2388.HK,51.29999923706055
2026-09-23,2618.HK,10.260000228881836
2026-09-23,2628.HK,29.700000762939453
2026-09-23,2688.HK,47.93999862670898
2026-09-23,2899.HK,33.58000183105469
2026-09-23,300014.SZ,50.02999877929688
2026-09-23,300015.SZ,8.010000228881836
2026-09-23,300033.SZ,208.63999938964844
2026-09-23,300059.SZ,18.649999618530277
2026-09-23,300122.SZ,13.4399995803833
2026-09-23,300124.SZ,52.720001220703125
2026-09-23,300274.SZ,86.83000183105469
2026-09-23,300308.SZ,922.5
2026-09-23,300316.SZ,42.29999923706055
2026-09-23,300347.SZ,58.5
2026-09-23,300394.SZ,275.3999938964844
2026-09-23,300408.SZ,130.39999389648438
2026-09-23,300413.SZ,19.32999992370605
2026-09-23,300418.SZ,42.880001068115234
2026-09-23,300433.SZ,34.040000915527344
2026-09-23,300442.SZ,66.73999786376953
2026-09-23,300498.SZ,14.789999961853027
2026-09-23,300502.SZ,451.2000122070313
2026-09-23,300628.SZ,41.52000045776367
2026-09-23,300661.SZ,122.4499969482422
2026-09-23,300750.SZ,301.0
2026-09-23,300759.SZ,45.02000045776367
2026-09-23,300760.SZ,155.4600067138672
2026-09-23,300782.SZ,76.76000213623047
2026-09-23,300832.SZ,48.91999816894531
2026-09-23,300896.SZ,93.47000122070312
2026-09-23,300979.SZ,32.81999969482422
2026-09-23,300999.SZ,24.86000061035156
2026-09-23,301236.SZ,36.9900016784668
2026-09-23,301269.SZ,89.30000305175781
2026-09-23,302132.SZ,72.18000030517578
2026-09-23,600000.SS,8.979999542236328
2026-09-23,600009.SS,22.75
2026-09-23,600010.SS,2.119999885559082
2026-09-23,600011.SS,6.760000228881836
2026-09-23,600015.SS,6.230000019073486
2026-09-23,600016.SS,3.470000028610229
2026-09-23,600018.SS,5.380000114440918
2026-09-23,600019.SS,5.75
2026-09-23,600023.SS,5.079999923706055
2026-09-23,600025.SS,9.600000381469728
2026-09-23,600026.SS,21.07999992370605
2026-09-23,600027.SS,4.800000190734863
2026-09-23,600028.SS,5.289999961853027
2026-09-23,600029.SS,4.96999979019165
2026-09-23,600030.SS,26.790000915527344
2026-09-23,600031.SS,17.510000228881836
2026-09-23,600036.SS,40.59999847412109
2026-09-23,600039.SS,8.65999984741211
2026-09-23,600048.SS,5.639999866485596
2026-09-23,600050.SS,4.170000076293945
2026-09-23,600061.SS,6.300000190734863
2026-09-23,600066.SS,25.25
2026-09-23,600085.SS,23.61000061035156
2026-09-23,600089.SS,18.09000015258789
2026-09-23,600104.SS,10.869999885559082
2026-09-23,600111.SS,37.41999816894531
2026-09-23,600115.SS,3.4600000381469727
2026-09-23,600150.SS,38.59000015258789
2026-09-23,600160.SS,34.83000183105469
2026-09-23,600161.SS,12.3100004196167
2026-09-23,600176.SS,45.619998931884766
2026-09-23,600183.SS,143.55999755859375
2026-09-23,600188.SS,19.770000457763672
2026-09-23,600196.SS,23.1299991607666
2026-09-23,600219.SS,4.690000057220459
2026-09-23,600233.SS,17.84000015258789
2026-09-23,600276.SS,45.58000183105469
2026-09-23,600309.SS,71.5999984741211
2026-09-23,600332.SS,19.670000076293945
2026-09-23,600346.SS,16.8799991607666
2026-09-23,600362.SS,44.54999923706055
2026-09-23,600372.SS,11.43000030517578
2026-09-23,600377.SS,12.579999923706056
2026-09-23,600406.SS,22.3799991607666
2026-09-23,600415.SS,10.8100004196167
2026-09-23,600426.SS,20.3799991607666
2026-09-23,600436.SS,120.0999984741211
2026-09-23,600438.SS,11.579999923706056
2026-09-23,600460.SS,33.66999816894531
2026-09-23,600482.SS,34.72999954223633
2026-09-23,600489.SS,23.399999618530277
2026-09-23,600515.SS,2.7300000190734863
2026-09-23,A,165.32000732421875
2026-09-23,A2A.MI,2.2950000762939453
2026-09-23,AAF.L,310.20001220703125
2026-09-23,AAL.L,4029.0
2026-09-23,AAPL,337.0199890136719
2026-09-23,ABBV,265.0799865722656
2026-09-23,ABF.L,1828.0
2026-09-23,ABNB,149.5800018310547
2026-09-23,ABT,103.48999786376952
2026-09-23,ACGL,95.16000366210938
2026-09-23,ACN,183.5200042724609
2026-09-23,ADBE,240.69000244140625
2026-09-23,ADI,385.2300109863281
2026-09-23,ADM,82.1500015258789
2026-09-23,ADM.L,3672.0
2026-09-23,ADP,263.67999267578125
2026-09-23,ADS.DE,144.4499969482422
2026-09-23,ADSK,217.1499938964844
2026-09-23,AEE,99.73999786376952
2026-09-23,AEP,118.4000015258789
2026-09-23,AES,14.8100004196167
2026-09-23,AFL,115.2300033569336
2026-09-23,AIG,75.58000183105469
2026-09-23,AIR.DE,195.0800018310547
2026-09-23,AIZ,266.9700012207031
2026-09-23,AJG,229.63999938964844
2026-09-23,AKAM,118.44000244140624
2026-09-23,ALB,113.47000122070312
2026-09-23,ALGN,148.1699981689453
2026-09-23,ALL,225.66000366210935
2026-09-23,ALLE,154.08999633789062
2026-09-23,ALV.DE,413.1000061035156
2026-09-23,ALW.L,1382.0
2026-09-23,AMAT,474.3800048828125
2026-09-23,AMCR,42.79999923706055
2026-09-23,AMD,614.6099853515625
2026-09-23,AME,246.4499969482422
2026-09-23,AMGN,406.0899963378906
2026-09-23,AMP,502.7900085449219
2026-09-23,AMP.MI,11.81999969482422
2026-09-23,AMT,170.77999877929688
2026-09-23,AMZN,249.2700042724609
2026-09-23,ANET,203.47000122070312
2026-09-23,ANTO.L,3746.0
2026-09-23,AON,281.6000061035156
2026-09-23,AOS,57.7400016784668
2026-09-23,APA,43.70000076293945
2026-09-23,APD,286.9700012207031
2026-09-23,APH,82.19000244140625
2026-09-23,APO,124.36000061035156
2026-09-23,APP,315.25
2026-09-23,APTV,45.16999816894531
2026-09-23,ARE,51.86000061035156
2026-09-23,ARM,332.5599975585937
2026-09-23,ASML,1744.6099853515625
2026-09-23,ATO,156.24000549316406
2026-09-23,AUTO.L,468.1000061035156
2026-09-23,AVGO,354.989990234375
2026-09-23,AVY,172.66000366210938
2026-09-23,AWK,133.05999755859375
2026-09-23,AXON,450.6099853515625
2026-09-23,AXP,301.9599914550781
2026-09-23,AZM.MI,39.36000061035156
2026-09-23,AZN,163.3300018310547
2026-09-23,AZN.L,12430.0
2026-09-23,AZO,2843.340087890625
2026-09-23,BA,199.92999267578125
2026-09-23,BAB.L,995.7999877929688
2026-09-23,BAC,56.0
2026-09-23,BALL,58.81999969482422
2026-09-23,BAMI.MI,16.28499984741211
2026-09-23,BARC.L,460.5
2026-09-23,BAS.DE,52.18000030517578
2026-09-23,BATS.L,4198.0
2026-09-23,BAX,23.489999771118164
2026-09-23,BAYN.DE,49.310001373291016
2026-09-23,BBY,90.8000030517578
2026-09-23,BDX,182.5200042724609
2026-09-23,BEI.DE,75.91999816894531
2026-09-23,BEN,32.709999084472656
2026-09-23,BEZ.L,1306.0
2026-09-23,BFF.MI,2.946000099182129
2026-09-23,BG,111.4800033569336
2026-09-23,BIIB,227.52999877929688
2026-09-23,BKG.L,3356.0
2026-09-23,BKNG,155.89999389648438
2026-09-23,BKR,58.02999877929688
2026-09-23,BLDR,59.15999984741211
2026-09-23,BLK,1060.8900146484375
2026-09-23,BMED.MI,23.520000457763672
2026-09-23,BMPS.MI,11.894000053405762
2026-09-23,BMW.DE,57.880001068115234
2026-09-23,BMY,61.150001525878906
2026-09-23,BNR.DE,59.18000030517578
2026-09-23,BNZL.L,2652.0
2026-09-23,BPE.MI,14.236000061035156
2026-09-23,BR,163.4499969482422
2026-09-23,BRBY.L,1035.5
2026-09-23,BRO,61.70000076293945
2026-09-23,BSX,44.619998931884766
2026-09-23,BTRW.L,303.70001220703125
2026-09-23,BX,119.2699966430664
2026-09-23,BXP,62.36000061035156
2026-09-23,BZU.MI,37.09000015258789
2026-09-23,C,131.92999267578125
2026-09-23,CAG,14.779999732971191
2026-09-23,CAH,221.2700042724609
2026-09-23,CARR,55.09999847412109
2026-09-23,CAT,812.02001953125
2026-09-23,CB,335.2099914550781
2026-09-23,CBK.DE,41.38999938964844
2026-09-23,CBOE,268.8699951171875
2026-09-23,CBRE,136.41000366210938
2026-09-23,CCEP,99.69000244140624
2026-09-23,CCEP.L,7585.0
2026-09-23,CCH.L,4384.0
2026-09-23,CCI,70.2300033569336
2026-09-23,CCL,21.799999237060547
2026-09-23,CDNS,309.0899963378906
2026-09-23,CDW,146.16000366210938
2026-09-23,CEG,263.8800048828125
2026-09-23,CF,120.63999938964844
2026-09-23,CFG,64.61000061035156
2026-09-23,CHD,96.0199966430664
2026-09-23,CHRW,149.6699981689453
2026-09-23,CHTR,116.61000061035156
2026-09-23,CI,268.2699890136719
2026-09-23,CINF,162.57000732421875
2026-09-23,CL,85.93000030517578
2026-09-23,CLX,83.94000244140625
2026-09-23,CMCSA,22.549999237060547
2026-09-23,CME,270.79998779296875
2026-09-23,CMG,32.709999084472656
2026-09-23,CMI,524.6500244140625
2026-09-23,CMS,63.150001525878906
2026-09-23,CNA.L,148.1999969482422
2026-09-23,CNC,62.08000183105469
2026-09-23,CNP,37.15999984741211
2026-09-23,COF,196.1000061035156
2026-09-23,COIN,198.1300048828125
2026-09-23,CON.DE,69.81999969482422
2026-09-23,COO,56.06999969482422
2026-09-23,COP,128.08999633789062
2026-09-23,COR,312.2799987792969
2026-09-23,COST,904.7000122070312
2026-09-23,CPAY,395.1600036621094
2026-09-23,CPB,20.34000015258789
2026-09-23,CPG.L,30.200000762939453
2026-09-23,CPR.MI,6.010000228881836
2026-09-23,CPRT,28.864999771118164
2026-09-23,CPT,97.68000030517578
2026-09-23,CRDA.L,3251.0
2026-09-23,CRL,277.3299865722656
2026-09-23,CRM,237.5800018310547
2026-09-23,CRWD,262.489990234375
2026-09-23,CSCO,106.43000030517578
2026-09-23,CSGP,28.26000022888184
2026-09-23,CSX,47.18999862670898
2026-09-23,CTAS,191.97000122070312
2026-09-23,CTEC.L,214.6000061035156
2026-09-23,CTSH,59.13999938964844
2026-09-23,CTVA,80.41999816894531
2026-09-23,CVS,85.86000061035156
2026-09-23,CVX,205.50999450683597
2026-09-23,D,61.16999816894531
2026-09-23,DAL,81.75
2026-09-23,DASH,189.2700042724609
2026-09-23,DB1.DE,282.29998779296875
2026-09-23,DBK.DE,31.65999984741211
2026-09-23,DCC.L,6430.0
2026-09-23,DD,130.8800048828125
2026-09-23,DDOG,251.4900054931641
2026-09-23,DE,709.47998046875
2026-09-23,DECK,78.58999633789062
2026-09-23,DELL,549.8300170898438
2026-09-23,DG,120.5999984741211
2026-09-23,DGE.L,1620.5
2026-09-23,DGX,233.0
2026-09-23,DHI,140.1699981689453
2026-09-23,DHL.DE,57.29999923706055
2026-09-23,DHR,221.55999755859372
2026-09-23,DIA.MI,78.12000274658203
2026-09-23,DIS,103.45999908447266
2026-09-23,DLR,181.4499969482422
2026-09-23,DLTR,113.16000366210938
2026-09-23,DOC,20.479999542236328
2026-09-23,DOV,189.02999877929688
2026-09-23,DOW,28.649999618530277
2026-09-23,DPLM.L,7620.0
2026-09-23,DPZ,296.42999267578125
2026-09-23,DRI,213.69000244140625
2026-09-23,DTE,122.88999938964844
2026-09-23,DTE.DE,26.82999992370605
2026-09-23,DTG.DE,42.58000183105469
2026-09-23,DUK,114.16999816894533
2026-09-23,DVA,183.13999938964844
2026-09-23,DVN,48.040000915527344
2026-09-23,DXCM,87.7300033569336
2026-09-23,EBAY,109.08999633789062
2026-09-23,ECL,276.7200012207031
2026-09-23,ED,102.61000061035156
2026-09-23,EDV.L,4596.0
2026-09-23,EFX,155.32000732421875
2026-09-23,EG,372.3599853515625
2026-09-23,EIX,53.5099983215332
2026-09-23,EL,98.83000183105467
2026-09-23,ELV,398.55999755859375
2026-09-23,EME,751.7999877929688
2026-09-23,EMR,154.58999633789062
2026-09-23,ENEL.MI,8.826000213623047
2026-09-23,ENI.MI,24.040000915527344
2026-09-23,ENR.DE,144.5399932861328
2026-09-23,ENT.L,459.6000061035156
2026-09-23,EOAN.DE,17.114999771118164
2026-09-23,EOG,141.83999633789062
2026-09-23,EPAM,110.05999755859376
2026-09-23,EQIX,1037.6600341796875
2026-09-23,EQT,51.060001373291016
2026-09-23,ERG.MI,22.84000015258789
2026-09-23,ERIE,225.7700042724609
2026-09-23,ES,64.91000366210938
2026-09-23,ESS,273.4700012207031
2026-09-23,ETN,438.760009765625
2026-09-23,ETR,99.2300033569336
2026-09-23,EVRG,78.41999816894531
2026-09-23,EW,86.81999969482422
2026-09-23,EXC,40.68999862670898
2026-09-23,EXE,87.04000091552734
2026-09-23,EXPD,188.02999877929688
2026-09-23,EXPE,259.0400085449219
2026-09-23,EXPN.L,2684.0
2026-09-23,EXR,133.83999633789062
2026-09-23,EZJ.L,670.5999755859375
2026-09-23,F,12.9399995803833
2026-09-23,FANG,185.6499938964844
2026-09-23,FAST,50.9900016784668
2026-09-23,FCIT.L,344.79998779296875
2026-09-23,FCX,72.58000183105469
2026-09-23,FDS,279.42999267578125
2026-09-23,FDX,291.5
2026-09-23,FE,43.650001525878906
2026-09-23,FFIV,455.989990234375
2026-09-23,FICO,879.6199951171875
2026-09-23,FIS,34.66999816894531
2026-09-23,FISV,45.95000076293945
2026-09-23,FITB,51.68999862670898
2026-09-23,FME.DE,39.59999847412109
2026-09-23,FOX,56.959999084472656
2026-09-23,FOXA,63.959999084472656
2026-09-23,FRE.DE,46.2400016784668
2026-09-23,FRES.L,2889.0
2026-09-23,FRT,109.38999938964844
2026-09-23,FSLR,191.97000122070312
2026-09-23,FTNT,178.74000549316406
2026-09-23,FTV,56.2599983215332
2026-09-23,G.MI,43.2400016784668
2026-09-23,G1A.DE,66.5
2026-09-23,G24.DE,70.80000305175781
2026-09-23,GAW.L,17730.0
2026-09-23,GD,343.3299865722656
2026-09-23,GDDY,96.37999725341795
2026-09-23,GE,319.79998779296875
2026-09-23,GEHC,66.08999633789062
2026-09-23,GEN,26.229999542236328
2026-09-23,GEV,951.8200073242188
2026-09-23,GFS,46.41999816894531
2026-09-23,GILD,151.3699951171875
2026-09-23,GIS,35.81999969482422
2026-09-23,GL,168.75
2026-09-23,GLEN.L,552.5
2026-09-23,GLW,154.47999572753906
2026-09-23,GM,83.7699966430664
2026-09-23,GNRC,199.4199981689453
2026-09-23,GOOG,334.9800109863281
2026-09-23,GOOGL,337.8299865722656
2026-09-23,GPC,128.75999450683594
2026-09-23,GPN,84.0
2026-09-23,GRMN,287.5799865722656
2026-09-23,GS,936.3599853515624
2026-09-23,GSK.L,1886.0
2026-09-23,GWW,1270.6700439453125
2026-09-23,HAL,33.0099983215332
2026-09-23,HAS,86.5199966430664
2026-09-23,HBAN,15.380000114440918
2026-09-23,HCA,436.4800109863281
2026-09-23,HD,296.7200012207031
2026-09-23,HEI.DE,145.4499969482422
2026-09-23,HEN3.DE,74.26000213623047
2026-09-23,HER.MI,3.588000059127808
2026-09-23,HIG,126.58999633789062
2026-09-23,HII,269.79998779296875
2026-09-23,HIK.L,1595.0
2026-09-23,HLMA.L,3584.0
2026-09-23,HLN.L,341.6000061035156
2026-09-23,HLT,307.2200012207031
2026-09-23,HNR1.DE,253.3999938964844
2026-09-23,HON,212.57000732421875
2026-09-23,HOOD,122.6999969482422
2026-09-23,HPE,62.33000183105469
2026-09-23,HPQ,32.15999984741211
2026-09-23,HRL,19.920000076293945
2026-09-23,HSBA.L,1514.5999755859375
2026-09-23,HSIC,85.05000305175781
2026-09-23,HST,22.149999618530277
2026-09-23,HSX.L,1873.0
2026-09-23,HSY,168.4499969482422
2026-09-23,HUBB,463.7000122070313
2026-09-23,HUM,374.7799987792969
2026-09-23,HWDN.L,763.5
2026-09-23,HWM,228.77999877929688
2026-09-23,IAG.L,435.2999877929688
2026-09-23,IBKR,91.55999755859376
2026-09-23,IBM,232.75999450683597
2026-09-23,ICE,156.35000610351562
2026-09-23,ICG.L,1900.0
2026-09-23,IDXX,522.02001953125
2026-09-23,IEX,229.6699981689453
2026-09-23,IFF,85.70999908447266
2026-09-23,IFX.DE,58.56999969482422
2026-09-23,IG.MI,8.425999641418457
2026-09-23,IHG.L,156.4499969482422
2026-09-23,III.L,2655.0
2026-09-23,IMB.L,2467.0
2026-09-23,IMI.L,3114.0
2026-09-23,INCY,124.63999938964844
2026-09-23,INF.L,889.0
2026-09-23,INTC,122.5999984741211
2026-09-23,INTU,286.79998779296875
2026-09-23,INVH,26.93000030517578
2026-09-23,INW.MI,6.590000152587891
2026-09-23,IP,35.70000076293945
2026-09-23,IP.MI,35.58000183105469
2026-09-23,IQV,267.8599853515625
2026-09-23,IR,76.22000122070312
2026-09-23,IRM,115.08999633789062
2026-09-23,ISP.MI,6.706999778747559
2026-09-23,ISRG,398.2999877929688
2026-09-23,IT,178.52000427246094
2026-09-23,ITRK.L,5865.0
2026-09-23,ITW,273.4200134277344
2026-09-23,IVZ,30.739999771118164
2026-09-23,J,141.1199951171875
2026-09-23,JBHT,234.6300048828125
2026-09-23,JBL,308.75
2026-09-23,JCI,145.89999389648438
2026-09-23,JKHY,148.3300018310547
2026-09-23,JNJ,269.1700134277344
2026-09-23,JPM,337.5299987792969
2026-09-23,KDP,31.76000022888184
2026-09-23,KEY,20.239999771118164
2026-09-23,KEYS,353.3599853515625
2026-09-23,KGF.L,339.0
2026-09-23,KHC,23.790000915527344
2026-09-23,KIM,22.209999084472656
2026-09-23,KKR,97.20999908447266
2026-09-23,KLAC,187.8600006103516
2026-09-23,KMB,97.6999969482422
2026-09-23,KMI,31.3700008392334
2026-09-23,KO,88.08999633789062
2026-09-23,KR,57.63999938964844
2026-09-23,KVUE,17.670000076293945
2026-09-23,L,105.04000091552734
2026-09-23,LAND.L,620.0
2026-09-23,LDO.MI,50.45000076293945
2026-09-23,LDOS,124.69000244140624
2026-09-23,LEN,81.5199966430664
2026-09-23,LGEN.L,294.70001220703125
2026-09-23,LH,303.9800109863281
2026-09-23,LHX,239.2100067138672
2026-09-23,LII,372.3399963378906
2026-09-23,LIN,469.7200012207031
2026-09-23,LKQ,23.43000030517578
2026-09-23,LLOY.L,107.5500030517578
2026-09-23,LLY,1150.989990234375
2026-09-23,LMP.L,178.39999389648438
2026-09-23,LMT,524.6799926757812
2026-09-23,LNT,63.68999862670898
2026-09-23,LOW,191.3600006103516
2026-09-23,LRCX,307.2799987792969
2026-09-23,LSEG.L,8294.0
2026-09-23,LULU,102.27999877929688
2026-09-23,LUV,41.040000915527344
2026-09-23,LVS,39.18999862670898
2026-09-23,LW,45.040000915527344
2026-09-23,LYB,59.970001220703125
2026-09-23,LYV,169.02999877929688
2026-09-23,MA,559.9199829101562
2026-09-23,MAA,117.77999877929688
2026-09-23,MAR,351.6600036621094
2026-09-23,MAS,68.16000366210938
2026-09-23,MB.MI,28.770000457763672
2026-09-23,MBG.DE,42.10499954223633
2026-09-23,MCD,238.32000732421875
2026-09-23,MCHP,75.52999877929688
2026-09-23,MCK,880.5
2026-09-23,MCO,473.8500061035156
2026-09-23,MDLZ,61.43999862670898
2026-09-23,MDT,89.30000305175781
2026-09-23,MELI,1799.239990234375
2026-09-23,MET,97.1999969482422
2026-09-23,META,744.0999755859375
2026-09-23,MGM,37.84999847412109
2026-09-23,MHK,119.6500015258789
2026-09-23,MKC,49.09000015258789
2026-09-23,MKS.L,367.7999877929688
2026-09-23,MLM,490.4500122070313
2026-09-23,MMM,170.3000030517578
2026-09-23,MNDI.L,840.0
2026-09-23,MNG.L,329.0
2026-09-23,MNST,43.90999984741211
2026-09-23,MO,68.94999694824219
2026-09-23,MOH,189.3699951171875
2026-09-23,MONC.MI,44.31999969482422
2026-09-23,MOS,24.3700008392334
2026-09-23,MPC,388.3800048828125
2026-09-23,MPWR,1355.469970703125
2026-09-23,MRK,148.0800018310547
2026-09-23,MRK.DE,132.9499969482422
2026-09-23,MRNA,182.1100006103516
2026-09-23,MRO.L,479.8999938964844
2026-09-23,MRVL,260.8999938964844
2026-09-23,MS,198.38999938964844
2026-09-23,MSCI,555.7000122070312
2026-09-23,MSFT,500.5899963378906
2026-09-23,MSI,460.4400024414063
2026-09-23,MSTR,162.1999969482422
2026-09-23,MTB,219.5800018310547
2026-09-23,MTCH,40.47999954223633
2026-09-23,MTD,1492.3399658203125
2026-09-23,MTLN.L,48.70000076293945
2026-09-23,MTX.DE,363.7000122070313
2026-09-23,MU,1071.8800048828125
2026-09-23,MUV2.DE,502.6000061035156
2026-09-23,NCLH,14.18000030517578
2026-09-23,NDAQ,95.44000244140624
2026-09-23,NDSN,321.4200134277344
2026-09-23,NEE,77.0199966430664
2026-09-23,NEM,123.5500030517578
2026-09-23,NEXI.MI,4.140999794006348
2026-09-23,NFLX,71.36000061035156
2026-09-23,NI,39.25
2026-09-23,NKE,36.04999923706055
2026-09-23,NOC,514.4199829101562
2026-09-23,NOW,140.77999877929688
2026-09-23,NRG,100.72000122070312
2026-09-23,NSC,315.010009765625
2026-09-23,NTAP,196.3300018310547
2026-09-23,NTRS,173.99000549316406
2026-09-23,NUE,246.97999572753903
2026-09-23,NVDA,225.50999450683597
2026-09-23,NVR,6241.60986328125
2026-09-23,NWG.L,682.4000244140625
2026-09-23,NWS,31.21999931335449
2026-09-23,NWSA,28.1200008392334
2026-09-23,NXPI,235.44000244140625
2026-09-23,NXT.L,14430.0
2026-09-23,O,55.61000061035156
2026-09-23,ODFL,177.72000122070312
2026-09-23,OKE,90.54000091552734
2026-09-23,OMC,75.48999786376953
2026-09-23,ON,74.0999984741211
2026-09-23,ORCL,144.55999755859375
2026-09-23,ORLY,85.9000015258789
2026-09-23,OTIS,68.31999969482422
2026-09-23,OXY,57.36000061035156
2026-09-23,PAH3.DE,26.170000076293945
2026-09-23,PANW,393.2999877929688
2026-09-23,PAYC,221.67999267578125
2026-09-23,PAYX,104.48999786376952
2026-09-23,PCAR,112.08999633789062
2026-09-23,PCG,12.40999984741211
2026-09-23,PCT.L,694.0
2026-09-23,PDD,79.19999694824219
2026-09-23,PEG,67.30999755859375
2026-09-23,PEP,130.17999267578125
2026-09-23,PFE,28.18000030517578
2026-09-23,PFG,113.91999816894533
2026-09-23,PG,147.38999938964844
2026-09-23,PGR,203.1300048828125
2026-09-23,PH,971.2100219726562
2026-09-23,PHM,118.70999908447266
2026-09-23,PKG,240.97999572753903
2026-09-23,PLD,133.9600067138672
2026-09-23,PLTR,191.7899932861328
2026-09-23,PM,190.83999633789065
2026-09-23,PNC,224.02999877929688
2026-09-23,PNR,55.25
2026-09-23,PNW,92.0500030517578
2026-09-23,PODD,136.49000549316406
2026-09-23,POOL,166.61000061035156
2026-09-23,PPG,107.1999969482422
2026-09-23,PPL,32.25
2026-09-23,PRU,117.58999633789062
2026-09-23,PRU.L,951.0
2026-09-23,PRY.MI,127.25
2026-09-23,PSA,286.7300109863281
2026-09-23,PSH.L,3660.0
2026-09-23,PSKY,9.960000038146973
2026-09-23,PSN.L,1167.0
2026-09-23,PSON.L,1203.0
2026-09-23,PST.MI,25.459999084472656
2026-09-23,PSX,256.4800109863281
2026-09-23,PTC,140.39999389648438
2026-09-23,PWR,634.9000244140625
2026-09-23,PYPL,52.5099983215332
2026-09-23,Q,124.5
2026-09-23,QCOM,197.2400054931641
2026-09-23,QIA.DE,38.5099983215332
2026-09-23,RACE.MI,365.0
2026-09-23,RCL,230.3000030517578
2026-09-23,REC.MI,52.900001525878906
2026-09-23,REG,72.7300033569336
2026-09-23,REGN,801.8200073242188
2026-09-23,REL.L,2511.0
2026-09-23,RF,27.38999938964844
2026-09-23,RHM.DE,1025.0
2026-09-23,RIO.L,7199.0
2026-09-23,RJF,158.22999572753906
2026-09-23,RKT.L,4967.0
2026-09-23,RL,337.4700012207031
2026-09-23,RMD,222.3000030517578
2026-09-23,RMV.L,468.0
2026-09-23,ROK,432.8900146484375
2026-09-23,ROL,32.4900016784668
2026-09-23,ROP,366.3599853515625
2026-09-23,ROST,233.97999572753903
2026-09-23,RSG,213.1000061035156
2026-09-23,RTO.L,323.1000061035156
2026-09-23,RTX,192.19000244140625
2026-09-23,RVTY,142.11000061035156
2026-09-23,RWE.DE,60.08000183105469
2026-09-23,SAP.DE,186.4600067138672
2026-09-23,SBAC,170.52999877929688
2026-09-23,SBRY.L,333.79998779296875
2026-09-23,SBUX,94.13999938964844
2026-09-23,SCHW,99.5
2026-09-23,SDR.L,588.0
2026-09-23,SFER.MI,7.699999809265137
2026-09-23,SGE.L,1000.0
2026-09-23,SGRO.L,950.0
2026-09-23,SHEL.L,3580.0
2026-09-23,SHL.DE,37.20000076293945
2026-09-23,SHOP,142.33999633789062
2026-09-23,SHW,326.4599914550781
2026-09-23,SIE.DE,273.95001220703125
2026-09-23,SJM,122.41000366210938
2026-09-23,SLB,51.869998931884766
2026-09-23,SMCI,41.43999862670898
2026-09-23,SMIN.L,2785.0
2026-09-23,SMT.L,1573.0
2026-09-23,SNA,370.25
2026-09-23,SNDK,1816.5699462890625
2026-09-23,SNPS,413.05999755859375
2026-09-23,SO,83.47000122070312
2026-09-23,SOLS,57.97999954223633
2026-09-23,SOLV,88.37000274658203
2026-09-23,SPG,204.16000366210935
2026-09-23,SPGI,406.5
2026-09-23,SPM.MI,4.36299991607666
2026-09-23,SPX.L,7110.0
2026-09-23,SRE,79.0
2026-09-23,SRG.MI,5.627999782562256
2026-09-23,SSE.L,2470.0
2026-09-23,STAN.L,2279.0
2026-09-23,STE,209.97999572753903
2026-09-23,STJ.L,1097.0
2026-09-23,STLD,234.2899932861328
2026-09-23,STT,179.9499969482422
2026-09-23,STX,923.8599853515624
2026-09-23,STZ,116.56999969482422
2026-09-23,SVT.L,3044.0
2026-09-23,SW,46.4900016784668
2026-09-23,SWK,91.76000213623048
2026-09-23,SWKS,91.4499969482422
2026-09-23,SY1.DE,92.41999816894533
2026-09-23,SYF,70.66999816894531
2026-09-23,SYK,273.3999938964844
2026-09-23,SYY,77.13999938964844
2026-09-23,T,25.299999237060547
2026-09-23,TAP,36.619998931884766
2026-09-23,TDG,1105.280029296875
2026-09-23,TDY,621.0499877929688
2026-09-23,TEAM,195.0800018310547
2026-09-23,TECH,72.5199966430664
2026-09-23,TEL,214.38999938964844
2026-09-23,TEN.MI,24.68000030517578
2026-09-23,TER,389.1400146484375
2026-09-23,TFC,47.0
2026-09-23,TGT,156.25999450683594
2026-09-23,TIT.MI,7.488999843597412
2026-09-23,TJX,131.58999633789062
2026-09-23,TKO,189.0800018310547
2026-09-23,TMO,665.2999877929688
2026-09-23,TMUS,165.66000366210938
2026-09-23,TPL,335.739990234375
2026-09-23,TPR,110.51000213623048
2026-09-23,TRGP,283.010009765625
2026-09-23,TRI,98.4499969482422
2026-09-23,TRMB,59.31999969482422
2026-09-23,TRN.MI,9.208000183105469
2026-09-23,TROW,104.56999969482422
2026-09-23,TRV,360.3900146484375
2026-09-23,TSCO,32.290000915527344
2026-09-23,TSCO.L,471.1000061035156
2026-09-23,TSLA,380.1199951171875
2026-09-23,TSN,51.36000061035156
2026-09-23,TT,437.0899963378906
2026-09-23,TTD,12.68000030517578
2026-09-23,TTWO,206.32000732421875
2026-09-23,TXN,272.6199951171875
2026-09-23,TXT,76.80999755859375
2026-09-23,TYL,332.5299987792969
2026-09-23,UAL,110.72000122070312
2026-09-23,UBER,69.41999816894531
2026-09-23,UCG.MI,83.47000122070312
2026-09-23,UDR,33.790000915527344
2026-09-23,UHS,181.38999938964844
2026-09-23,ULTA,543.8099975585938
2026-09-23,ULVR.L,4677.0
2026-09-23,UNH,371.2900085449219
2026-09-23,UNI.MI,26.96999931335449
2026-09-23,UNP,275.5299987792969
2026-09-23,UPS,95.81999969482422
2026-09-23,URI,1031.989990234375
2026-09-23,USB,58.47999954223633
2026-09-23,V,361.5199890136719
2026-09-23,VICI,23.700000762939453
2026-09-23,VLO,375.8399963378906
2026-09-23,VLTO,95.87999725341795
2026-09-23,VMC,244.3999938964844
2026-09-23,VNA.DE,17.334999084472656
2026-09-23,VOD.L,124.25
2026-09-23,VOW3.DE,72.9000015258789
2026-09-23,VRSK,171.8000030517578
2026-09-23,VRSN,293.2799987792969
2026-09-23,VRTX,516.3400268554688
2026-09-23,VST,137.97000122070312
2026-09-23,VTR,86.63999938964844
2026-09-23,VTRS,17.1200008392334
2026-09-23,VZ,46.52000045776367
2026-09-23,WAB,292.2200012207031
2026-09-23,WAT,420.5700073242188
2026-09-23,WBD,30.76000022888184
2026-09-23,WDAY,192.3800048828125
2026-09-23,WDC,473.6900024414063
2026-09-23,WEC,101.16999816894533
2026-09-23,WEIR.L,2688.0
2026-09-23,WELL,229.8699951171875
2026-09-23,WFC,81.9000015258789
2026-09-23,WM,207.8800048828125
2026-09-23,WMB,71.11000061035156
2026-09-23,WMT,110.52999877929688
2026-09-23,WPP.L,387.0
2026-09-23,WRB,67.66999816894531
2026-09-23,WSM,227.8300018310547
2026-09-23,WST,375.8699951171875
2026-09-23,WTB.L,2322.0
2026-09-23,WTW,298.989990234375
2026-09-23,WY,21.170000076293945
2026-09-23,WYNN,81.44999694824219
2026-09-23,XEL,70.66000366210938
2026-09-23,XOM,161.22999572753906
2026-09-23,XYL,108.63999938964844
2026-09-23,XYZ,74.68000030517578
2026-09-23,YUM,140.6300048828125
2026-09-23,ZAL.DE,22.350000381469727
2026-09-23,ZBH,90.87999725341795
2026-09-23,ZBRA,371.0199890136719
2026-09-23,ZS,214.4499969482422
2026-09-23,ZTS,71.61000061035156
2026-09-24,000001.SZ,11.300000190734863
2026-09-24,000002.SZ,3.759999990463257
2026-09-24,000012.SZ,3.700000047683716
2026-09-24,000019.SZ,6.78000020980835
2026-09-24,000025.SZ,14.920000076293945
2026-09-24,000028.SZ,19.5
2026-09-24,000029.SZ,22.149999618530273
2026-09-24,000030.SZ,3.9200000762939453
2026-09-24,000035.SZ,4.789999961853027
2026-09-24,000048.SZ,18.65999984741211
2026-09-24,000049.SZ,22.170000076293945
2026-09-24,000058.SZ,7.039999961853027
2026-09-24,000059.SZ,5.599999904632568
2026-09-24,000061.SZ,5.949999809265137
2026-09-24,000063.SZ,31.920000076293945
2026-09-24,000065.SZ,9.850000381469727
2026-09-24,000088.SZ,4.5
2026-09-24,000089.SZ,6.5
2026-09-24,000090.SZ,3.5
2026-09-24,000099.SZ,12.890000343322754
2026-09-24,0001.HK,68.0999984741211
2026-09-24,000100.SZ,4.869999885559082
2026-09-24,000156.SZ,7.019999980926514
2026-09-24,000157.SZ,6.039999961853027
2026-09-24,000166.SZ,4.389999866485596
2026-09-24,0002.HK,77.4000015258789
2026-09-24,000301.SZ,13.359999656677246
2026-09-24,000333.SZ,82.6500015258789
2026-09-24,000338.SZ,25.299999237060547
2026-09-24,000408.SZ,71.45999908447266
2026-09-24,000420.SZ,3.569999933242798
2026-09-24,000422.SZ,11.789999961853027
2026-09-24,000425.SZ,7.170000076293945
2026-09-24,000498.SZ,5.650000095367432
2026-09-24,000503.SZ,6.760000228881836
2026-09-24,000517.SZ,2.0
2026-09-24,000538.SZ,49.869998931884766
2026-09-24,000544.SZ,7.159999847412109
2026-09-24,000550.SZ,15.989999771118164
2026-09-24,000552.SZ,2.4700000286102295
2026-09-24,000555.SZ,9.989999771118164
2026-09-24,000557.SZ,3.619999885559082
2026-09-24,000567.SZ,5.900000095367432
2026-09-24,000568.SZ,70.6500015258789
2026-09-24,000581.SZ,18.100000381469727
2026-09-24,000589.SZ,4.199999809265137
2026-09-24,000596.SZ,91.66000366210938
2026-09-24,000597.SZ,4.710000038146973
2026-09-24,000600.SZ,7.079999923706055
2026-09-24,000603.SZ,32.119998931884766
2026-09-24,000612.SZ,10.710000038146973
2026-09-24,000617.SZ,6.670000076293945
2026-09-24,000620.SZ,3.130000114440918
2026-09-24,000625.SZ,7.03000020980835
2026-09-24,000628.SZ,57.779998779296875
2026-09-24,000630.SZ,5.889999866485596
2026-09-24,000650.SZ,5.130000114440918
2026-09-24,000651.SZ,38.5
2026-09-24,000657.SZ,57.18000030517578
2026-09-24,000661.SZ,70.8499984741211
2026-09-24,000672.SZ,15.5600004196167
2026-09-24,000676.SZ,6.800000190734863
2026-09-24,000680.SZ,9.039999961853027
2026-09-24,000681.SZ,15.960000038146973
2026-09-24,000682.SZ,10.399999618530273
2026-09-24,000685.SZ,10.8100004196167
2026-09-24,000686.SZ,7.639999866485596
2026-09-24,000688.SZ,24.940000534057617
2026-09-24,000690.SZ,5.059999942779541
2026-09-24,000708.SZ,12.920000076293945
2026-09-24,000712.SZ,9.979999542236328
2026-09-24,000718.SZ,2.0399999618530273
2026-09-24,000719.SZ,12.09000015258789
2026-09-24,000725.SZ,5.849999904632568
2026-09-24,000727.SZ,2.1700000762939453
2026-09-24,000735.SZ,5.639999866485596
2026-09-24,000737.SZ,13.960000038146973
2026-09-24,000756.SZ,13.920000076293945
2026-09-24,000758.SZ,5.800000190734863
2026-09-24,000761.SZ,2.2100000381469727
2026-09-24,000762.SZ,20.950000762939453
2026-09-24,000766.SZ,15.1899995803833
2026-09-24,000767.SZ,3.2899999618530273
2026-09-24,000768.SZ,22.100000381469727
2026-09-24,000776.SZ,20.3700008392334
2026-09-24,000786.SZ,15.90999984741211
2026-09-24,000791.SZ,7.050000190734863
2026-09-24,000792.SZ,23.700000762939453
2026-09-24,000795.SZ,8.520000457763672
2026-09-24,000800.SZ,5.860000133514404
2026-09-24,000801.SZ,11.850000381469727
2026-09-24,000807.SZ,26.030000686645508
2026-09-24,000810.SZ,9.350000381469727
2026-09-24,000811.SZ,39.45000076293945
2026-09-24,000813.SZ,3.200000047683716
2026-09-24,000821.SZ,7.449999809265137
2026-09-24,000828.SZ,10.039999961853027
2026-09-24,000829.SZ,9.319999694824219
2026-09-24,000837.SZ,9.609999656677246
2026-09-24,000848.SZ,8.0600004196167
2026-09-24,000858.SZ,69.66999816894531
2026-09-24,000860.SZ,10.09000015258789
2026-09-24,000875.SZ,4.619999885559082
2026-09-24,000876.SZ,6.920000076293945
2026-09-24,000881.SZ,6.480000019073486
2026-09-24,000885.SZ,11.630000114440918
2026-09-24,000895.SZ,23.18000030517578
2026-09-24,000899.SZ,8.979999542236328
2026-09-24,000901.SZ,14.0600004196167
2026-09-24,000902.SZ,13.710000038146973
2026-09-24,000913.SZ,10.539999961853027
2026-09-24,000915.SZ,23.969999313354492
2026-09-24,000917.SZ,6.840000152587891
2026-09-24,000923.SZ,15.75
2026-09-24,000927.SZ,2.430000066757202
2026-09-24,000928.SZ,5.289999961853027
2026-09-24,000930.SZ,5.260000228881836
2026-09-24,000935.SZ,19.989999771118164
2026-09-24,000938.SZ,33.400001525878906
2026-09-24,000950.SZ,5.190000057220459
2026-09-24,000963.SZ,26.059999465942383
2026-09-24,000966.SZ,3.9000000953674316
2026-09-24,000968.SZ,6.849999904632568
2026-09-24,000969.SZ,16.860000610351562
2026-09-24,000970.SZ,11.380000114440918
2026-09-24,000975.SZ,23.170000076293945
2026-09-24,000977.SZ,69.9000015258789
2026-09-24,000983.SZ,6.53000020980835
2026-09-24,000990.SZ,6.340000152587891
2026-09-24,000999.SZ,23.389999389648438
2026-09-24,0012.HK,26.299999237060547
2026-09-24,001203.SZ,23.110000610351562
2026-09-24,001289.SZ,14.949999809265137
2026-09-24,001391.SZ,3.8299999237060547
2026-09-24,0016.HK,108.19999694824219
2026-09-24,001965.SZ,9.880000114440918
2026-09-24,001979.SZ,7.179999828338623
2026-09-24,002001.SZ,25.700000762939453
2026-09-24,002027.SZ,4.659999847412109
2026-09-24,002028.SZ,125.22000122070312
2026-09-24,002049.SZ,60.599998474121094
2026-09-24,002050.SZ,36.08000183105469
2026-09-24,002074.SZ,26.760000228881836
2026-09-24,002129.SZ,9.350000381469727
2026-09-24,002142.SZ,34.90999984741211
2026-09-24,002179.SZ,34.2400016784668
2026-09-24,002180.SZ,16.65999984741211
2026-09-24,002230.SZ,38.31999969482422
2026-09-24,002236.SZ,15.539999961853027
2026-09-24,002241.SZ,23.940000534057617
2026-09-24,002252.SZ,5.019999980926514
2026-09-24,002304.SZ,37.470001220703125
2026-09-24,002311.SZ,41.099998474121094
2026-09-24,002352.SZ,30.540000915527344
2026-09-24,002371.SZ,653.0599975585938
2026-09-24,002415.SZ,32.630001068115234
2026-09-24,002422.SZ,38.86000061035156
2026-09-24,002459.SZ,6.699999809265137
2026-09-24,002460.SZ,43.68000030517578
2026-09-24,002463.SZ,124.05000305175781
2026-09-24,002466.SZ,40.900001525878906
2026-09-24,002475.SZ,52.0
2026-09-24,002493.SZ,13.109999656677246
2026-09-24,002594.SZ,84.33999633789062
2026-09-24,002600.SZ,12.229999542236328
2026-09-24,002601.SZ,15.0
2026-09-24,002648.SZ,26.639999389648438
2026-09-24,0027.HK,32.02000045776367
2026-09-24,002709.SZ,31.760000228881836
2026-09-24,002714.SZ,40.47999954223633
2026-09-24,002736.SZ,9.84000015258789
2026-09-24,002916.SZ,394.5
2026-09-24,002920.SZ,82.87999725341797
2026-09-24,002938.SZ,82.94000244140625
2026-09-24,003816.SZ,4.190000057220459
2026-09-24,0101.HK,6.53000020980835
2026-09-24,0175.HK,15.770000457763672
2026-09-24,0241.HK,2.825000047683716
2026-09-24,0267.HK,13.09000015258789
2026-09-24,0285.HK,22.860000610351562
2026-09-24,0288.HK,6.550000190734863
2026-09-24,0291.HK,18.709999084472656
2026-09-24,0300.HK,96.6500015258789
2026-09-24,0316.HK,143.8000030517578
2026-09-24,0322.HK,11.5
2026-09-24,1024.HK,30.5
2026-09-24,1038.HK,65.69999694824219
2026-09-24,1044.HK,20.020000457763672
2026-09-24,1088.HK,44.65999984741211
2026-09-24,1093.HK,9.34000015258789
2026-09-24,1099.HK,14.90999984741211
2026-09-24,1109.HK,29.059999465942383
2026-09-24,1113.HK,46.18000030517578
2026-09-24,1177.HK,5.590000152587891
2026-09-24,1209.HK,37.79999923706055
2026-09-24,1211.HK,79.5
2026-09-24,1299.HK,75.80000305175781
2026-09-24,1378.HK,20.81999969482422
2026-09-24,1398.HK,7.659999847412109
2026-09-24,1810.HK,26.579999923706055
2026-09-24,1876.HK,6.099999904632568
2026-09-24,1928.HK,12.039999961853027
2026-09-24,1929.HK,10.9399995803833
2026-09-24,1997.HK,30.780000686645508
2026-09-24,2015.HK,46.7599983215332
2026-09-24,2020.HK,71.94999694824219
2026-09-24,2057.HK,156.1999969482422
2026-09-24,2269.HK,51.900001525878906
2026-09-24,2313.HK,34.36000061035156
2026-09-24,2318.HK,53.25
2026-09-24,2319.HK,17.719999313354492
2026-09-24,2331.HK,12.300000190734863
2026-09-24,2359.HK,205.0
2026-09-24,2382.HK,65.19999694824219
2026-09-24,2388.HK,51.25
2026-09-24,2618.HK,10.229999542236328
2026-09-24,2628.HK,29.440000534057617
2026-09-24,2688.HK,48.52000045776367
2026-09-24,2899.HK,32.720001220703125
2026-09-24,300014.SZ,48.90999984741211
2026-09-24,300015.SZ,7.909999847412109
2026-09-24,300033.SZ,204.10000610351562
2026-09-24,300059.SZ,18.280000686645508
2026-09-24,300122.SZ,13.010000228881836
2026-09-24,300124.SZ,51.880001068115234
2026-09-24,300274.SZ,84.20999908447266
2026-09-24,300308.SZ,895.8599853515625
2026-09-24,300316.SZ,40.70000076293945
2026-09-24,300347.SZ,56.810001373291016
2026-09-24,300394.SZ,267.92999267578125
2026-09-24,300408.SZ,123.30999755859375
2026-09-24,300413.SZ,19.0
2026-09-24,300418.SZ,41.7599983215332
2026-09-24,300433.SZ,32.869998931884766
2026-09-24,300442.SZ,68.01000213623047
2026-09-24,300498.SZ,14.510000228881836
2026-09-24,300502.SZ,435.0
2026-09-24,300628.SZ,40.959999084472656
2026-09-24,300661.SZ,120.55000305175781
2026-09-24,300750.SZ,293.5
2026-09-24,300759.SZ,43.5
2026-09-24,300760.SZ,153.86000061035156
2026-09-24,300782.SZ,75.77999877929688
2026-09-24,300832.SZ,47.72999954223633
2026-09-24,300896.SZ,92.26000213623047
2026-09-24,300979.SZ,34.18000030517578
2026-09-24,300999.SZ,24.549999237060547
2026-09-24,301236.SZ,35.95000076293945
2026-09-24,301269.SZ,87.55999755859375
2026-09-24,302132.SZ,72.18000030517578
2026-09-24,600000.SS,9.0
2026-09-24,600009.SS,22.459999084472656
2026-09-24,600010.SS,2.0899999141693115
2026-09-24,600011.SS,6.739999771118164
2026-09-24,600015.SS,6.230000019073486
2026-09-24,600016.SS,3.4600000381469727
2026-09-24,600018.SS,5.360000133514404
2026-09-24,600019.SS,5.840000152587891
2026-09-24,600023.SS,5.139999866485596
2026-09-24,600025.SS,9.75
2026-09-24,600026.SS,21.399999618530273
2026-09-24,600027.SS,4.829999923706055
2026-09-24,600028.SS,5.320000171661377
2026-09-24,600029.SS,4.860000133514404
2026-09-24,600030.SS,26.290000915527344
2026-09-24,600031.SS,17.200000762939453
2026-09-24,600036.SS,40.689998626708984
2026-09-24,600039.SS,8.609999656677246
2026-09-24,600048.SS,5.559999942779541
2026-09-24,600050.SS,4.150000095367432
2026-09-24,600061.SS,6.190000057220459
2026-09-24,600066.SS,26.010000228881836
2026-09-24,600085.SS,23.34000015258789
2026-09-24,600089.SS,17.600000381469727
2026-09-24,600104.SS,10.720000267028809
2026-09-24,600111.SS,37.060001373291016
2026-09-24,600115.SS,3.3499999046325684
2026-09-24,600150.SS,38.09000015258789
2026-09-24,600160.SS,33.970001220703125
2026-09-24,600161.SS,12.100000381469727
2026-09-24,600176.SS,43.060001373291016
2026-09-24,600183.SS,137.3300018310547
2026-09-24,600188.SS,19.760000228881836
2026-09-24,600196.SS,22.84000015258789
2026-09-24,600219.SS,4.610000133514404
2026-09-24,600233.SS,17.920000076293945
2026-09-24,600276.SS,44.86000061035156
2026-09-24,600309.SS,69.44999694824219
2026-09-24,600332.SS,19.389999389648438
2026-09-24,600346.SS,16.149999618530273
2026-09-24,600362.SS,42.400001525878906
2026-09-24,600372.SS,11.329999923706055
2026-09-24,600377.SS,12.770000457763672
2026-09-24,600406.SS,22.270000457763672
2026-09-24,600415.SS,10.84000015258789
2026-09-24,600426.SS,19.709999084472656
2026-09-24,600436.SS,117.4000015258789
2026-09-24,600438.SS,11.119999885559082
2026-09-24,600460.SS,32.720001220703125
2026-09-24,600482.SS,34.25
2026-09-24,600489.SS,22.1200008392334
2026-09-24,600515.SS,2.690000057220459
2026-09-24,A,172.83999633789062
2026-09-24,A2A.MI,2.2950000762939453
2026-09-24,AAF.L,302.6000061035156
2026-09-24,AAL.L,3980.0
2026-09-24,AAPL,335.9200134277344
2026-09-24,ABBV,265.1199951171875
2026-09-24,ABF.L,1842.0
2026-09-24,ABNB,151.38999938964844
2026-09-24,ABT,101.06999969482422
2026-09-24,ACGL,95.0199966430664
2026-09-24,ACN,177.41000366210938
2026-09-24,ADBE,238.92999267578125
2026-09-24,ADI,382.6099853515625
2026-09-24,ADM,81.87999725341797
2026-09-24,ADM.L,3640.0
2026-09-24,ADP,263.1099853515625
2026-09-24,ADS.DE,142.25
2026-09-24,ADSK,211.35000610351562
2026-09-24,AEE,99.19999694824219
2026-09-24,AEP,117.56999969482422
2026-09-24,AES,14.850000381469727
2026-09-24,AFL,114.01000213623047
2026-09-24,AIG,74.81999969482422
2026-09-24,AIR.DE,194.3800048828125
2026-09-24,AIZ,261.8599853515625
2026-09-24,AJG,227.1300048828125
2026-09-24,AKAM,110.41000366210938
2026-09-24,ALB,108.25
2026-09-24,ALGN,145.625
2026-09-24,ALL,227.1699981689453
2026-09-24,ALLE,152.47999572753906
2026-09-24,ALV.DE,419.20001220703125
2026-09-24,ALW.L,1374.0
2026-09-24,AMAT,474.25
2026-09-24,AMCR,42.099998474121094
2026-09-24,AMD,629.260009765625
2026-09-24,AME,247.74000549316406
2026-09-24,AMGN,406.0400085449219
2026-09-24,AMP,485.1499938964844
2026-09-24,AMP.MI,11.569999694824219
2026-09-24,AMT,167.25999450683594
2026-09-24,AMZN,249.3800048828125
2026-09-24,ANET,205.6999969482422
2026-09-24,ANTO.L,3718.0
2026-09-24,AON,276.0899963378906
2026-09-24,AOS,57.70000076293945
2026-09-24,APA,43.68000030517578
2026-09-24,APD,284.489990234375
2026-09-24,APH,83.08000183105469
2026-09-24,APO,120.69000244140625
2026-09-24,APP,312.4700012207031
2026-09-24,APTV,43.58000183105469
2026-09-24,ARE,50.47999954223633
2026-09-24,ARM,306.3399963378906
2026-09-24,ASML,1722.5
2026-09-24,ATO,156.4199981689453
2026-09-24,AUTO.L,460.0
2026-09-24,AVGO,350.3599853515625
2026-09-24,AVY,169.00999450683594
2026-09-24,AWK,131.52999877929688
2026-09-24,AXON,445.0
2026-09-24,AXP,305.6600036621094
2026-09-24,AZM.MI,38.849998474121094
2026-09-24,AZN,164.55999755859375
2026-09-24,AZN.L,12400.0
2026-09-24,AZO,2861.75
2026-09-24,BA,196.8000030517578
2026-09-24,BAB.L,985.4000244140625
2026-09-24,BAC,56.029998779296875
2026-09-24,BALL,56.65999984741211
2026-09-24,BAMI.MI,16.21500015258789
2026-09-24,BARC.L,456.6000061035156
2026-09-24,BAS.DE,52.29999923706055
2026-09-24,BATS.L,4243.0
2026-09-24,BAX,23.479999542236328
2026-09-24,BAYN.DE,49.380001068115234
2026-09-24,BBY,91.0
2026-09-24,BDX,179.22999572753906
2026-09-24,BEI.DE,78.18000030517578
2026-09-24,BEN,32.54999923706055
2026-09-24,BEZ.L,1306.0
2026-09-24,BFF.MI,2.813999891281128
2026-09-24,BG,110.20999908447266
2026-09-24,BIIB,226.36000061035156
2026-09-24,BKG.L,3330.0
2026-09-24,BKNG,157.41000366210938
2026-09-24,BKR,57.290000915527344
2026-09-24,BLDR,58.279998779296875
2026-09-24,BLK,1073.449951171875
2026-09-24,BMED.MI,23.229999542236328
2026-09-24,BMPS.MI,11.815999984741211
2026-09-24,BMW.DE,56.459999084472656
2026-09-24,BMY,61.5
2026-09-24,BNR.DE,58.86000061035156
2026-09-24,BNZL.L,2688.0
2026-09-24,BPE.MI,14.055999755859375
2026-09-24,BR,162.66000366210938
2026-09-24,BRBY.L,1024.5
2026-09-24,BRO,60.33000183105469
2026-09-24,BSX,44.68000030517578
2026-09-24,BTRW.L,304.0
2026-09-24,BX,117.20999908447266
2026-09-24,BXP,62.27000045776367
2026-09-24,BZU.MI,36.70000076293945
2026-09-24,C,132.10000610351562
2026-09-24,CAG,14.670000076293945
2026-09-24,CAH,222.6199951171875
2026-09-24,CARR,54.869998931884766
2026-09-24,CAT,805.25
2026-09-24,CB,334.8399963378906
2026-09-24,CBK.DE,41.06999969482422
2026-09-24,CBOE,267.57000732421875
2026-09-24,CBRE,136.52999877929688
2026-09-24,CCEP,100.30999755859375
2026-09-24,CCEP.L,7600.0
2026-09-24,CCH.L,4360.0
2026-09-24,CCI,67.62999725341797
2026-09-24,CCL,21.790000915527344
2026-09-24,CDNS,322.0
2026-09-24,CDW,139.4600067138672
2026-09-24,CEG,261.6199951171875
2026-09-24,CF,118.44000244140625
2026-09-24,CFG,64.7300033569336
2026-09-24,CHD,95.33000183105469
2026-09-24,CHRW,146.1999969482422
2026-09-24,CHTR,117.55000305175781
2026-09-24,CI,265.5
2026-09-24,CINF,162.3300018310547
2026-09-24,CL,85.31999969482422
2026-09-24,CLX,81.80000305175781
2026-09-24,CMCSA,22.1299991607666
2026-09-24,CME,268.9100036621094
2026-09-24,CMG,32.0099983215332
2026-09-24,CMI,521.0700073242188
2026-09-24,CMS,62.77000045776367
2026-09-24,CNA.L,149.3000030517578
2026-09-24,CNC,61.91999816894531
2026-09-24,CNP,36.81999969482422
2026-09-24,COF,196.61000061035156
2026-09-24,COIN,199.2100067138672
2026-09-24,CON.DE,69.18000030517578
2026-09-24,COO,55.380001068115234
2026-09-24,COP,129.33999633789062
2026-09-24,COR,309.8699951171875
2026-09-24,COST,896.47998046875
2026-09-24,CPAY,400.32000732421875
2026-09-24,CPB,19.850000381469727
2026-09-24,CPG.L,29.1200008392334
2026-09-24,CPR.MI,5.955999851226807
2026-09-24,CPRT,28.040000915527344
2026-09-24,CPT,97.41000366210938
2026-09-24,CRDA.L,3227.0
2026-09-24,CRL,294.44000244140625
2026-09-24,CRM,238.22000122070312
2026-09-24,CRWD,259.6700134277344
2026-09-24,CSCO,106.97000122070312
2026-09-24,CSGP,27.854999542236328
2026-09-24,CSX,46.95000076293945
2026-09-24,CTAS,197.67999267578125
2026-09-24,CTEC.L,211.60000610351562
2026-09-24,CTSH,57.16999816894531
2026-09-24,CTVA,79.44999694824219
2026-09-24,CVS,85.05000305175781
2026-09-24,CVX,205.64999389648438
2026-09-24,D,60.400001525878906
2026-09-24,DAL,82.76000213623047
2026-09-24,DASH,187.52999877929688
2026-09-24,DB1.DE,282.79998779296875
2026-09-24,DBK.DE,30.93000030517578
2026-09-24,DCC.L,6440.0
2026-09-24,DD,130.22000122070312
2026-09-24,DDOG,256.9200134277344
2026-09-24,DE,694.9400024414062
2026-09-24,DECK,78.68000030517578
2026-09-24,DELL,536.02001953125
2026-09-24,DG,122.52999877929688
2026-09-24,DGE.L,1642.5
2026-09-24,DGX,236.58999633789062
2026-09-24,DHI,140.35000610351562
2026-09-24,DHL.DE,56.47999954223633
2026-09-24,DHR,223.77000427246094
2026-09-24,DIA.MI,78.54000091552734
2026-09-24,DIS,105.55999755859375
2026-09-24,DLR,181.0
2026-09-24,DLTR,113.5
2026-09-24,DOC,20.270000457763672
2026-09-24,DOV,187.88999938964844
2026-09-24,DOW,28.559999465942383
2026-09-24,DPLM.L,7715.0
2026-09-24,DPZ,293.0299987792969
2026-09-24,DRI,207.24000549316406
2026-09-24,DTE,121.18000030517578
2026-09-24,DTE.DE,26.889999389648438
2026-09-24,DTG.DE,41.86000061035156
2026-09-24,DUK,113.2300033569336
2026-09-24,DVA,174.6699981689453
2026-09-24,DVN,48.900001525878906
2026-09-24,DXCM,87.47000122070312
2026-09-24,EBAY,107.83000183105469
2026-09-24,ECL,275.3699951171875
2026-09-24,ED,102.70999908447266
2026-09-24,EDV.L,4452.0
2026-09-24,EFX,148.8000030517578
2026-09-24,EG,371.9599914550781
2026-09-24,EIX,52.540000915527344
2026-09-24,EL,95.37000274658203
2026-09-24,ELV,398.25
2026-09-24,EME,751.9600219726562
2026-09-24,EMR,156.13999938964844
2026-09-24,ENEL.MI,8.821000099182129
2026-09-24,ENI.MI,24.375
2026-09-24,ENR.DE,142.10000610351562
2026-09-24,ENT.L,446.1000061035156
2026-09-24,EOAN.DE,17.200000762939453
2026-09-24,EOG,142.86000061035156
2026-09-24,EPAM,106.98999786376953
2026-09-24,EQIX,1034.760009765625
2026-09-24,EQT,51.869998931884766
2026-09-24,ERG.MI,22.399999618530273
2026-09-24,ERIE,218.9600067138672
2026-09-24,ES,63.79999923706055
2026-09-24,ESS,271.6499938964844
2026-09-24,ETN,440.0
2026-09-24,ETR,98.16000366210938
2026-09-24,EVRG,77.66000366210938
2026-09-24,EW,85.7300033569336
2026-09-24,EXC,40.20000076293945
2026-09-24,EXE,88.62000274658203
2026-09-24,EXPD,183.66000366210938
2026-09-24,EXPE,261.75
2026-09-24,EXPN.L,2636.0
2026-09-24,EXR,132.22999572753906
2026-09-24,EZJ.L,670.0
2026-09-24,F,12.600000381469727
2026-09-24,FANG,189.00999450683594
2026-09-24,FAST,50.72999954223633
2026-09-24,FCIT.L,343.20001220703125
2026-09-24,FCX,72.08000183105469
2026-09-24,FDS,271.25
2026-09-24,FDX,279.5400085449219
2026-09-24,FE,43.189998626708984
2026-09-24,FFIV,446.54998779296875
2026-09-24,FICO,856.47998046875
2026-09-24,FIS,34.9900016784668
2026-09-24,FISV,45.97999954223633
2026-09-24,FITB,51.459999084472656
2026-09-24,FME.DE,39.349998474121094
2026-09-24,FOX,57.20000076293945
2026-09-24,FOXA,63.84000015258789
2026-09-24,FRE.DE,45.73500061035156
2026-09-24,FRES.L,2823.0
2026-09-24,FRT,110.3499984741211
2026-09-24,FSLR,172.16000366210938
2026-09-24,FTNT,178.6699981689453
2026-09-24,FTV,55.439998626708984
2026-09-24,G.MI,43.31999969482422
2026-09-24,G1A.DE,66.05000305175781
2026-09-24,G24.DE,68.5
2026-09-24,GAW.L,17430.0
2026-09-24,GD,336.2900085449219
2026-09-24,GDDY,100.80999755859375
2026-09-24,GE,319.7799987792969
2026-09-24,GEHC,66.37999725341797
2026-09-24,GEN,23.06999969482422
2026-09-24,GEV,955.0399780273438
2026-09-24,GFS,47.04999923706055
2026-09-24,GILD,149.69000244140625
2026-09-24,GIS,34.83000183105469
2026-09-24,GL,167.32000732421875
2026-09-24,GLEN.L,549.0
2026-09-24,GLW,154.14999389648438
2026-09-24,GM,80.56999969482422
2026-09-24,GNRC,198.0500030517578
2026-09-24,GOOG,339.010009765625
2026-09-24,GOOGL,342.3599853515625
2026-09-24,GPC,129.25999450683594
2026-09-24,GPN,85.30999755859375
2026-09-24,GRMN,295.0400085449219
2026-09-24,GS,923.2899780273438
2026-09-24,GSK.L,1877.0
2026-09-24,GWW,1279.469970703125
2026-09-24,HAL,32.7599983215332
2026-09-24,HAS,86.80999755859375
2026-09-24,HBAN,15.3100004196167
2026-09-24,HCA,423.4800109863281
2026-09-24,HD,292.17999267578125
2026-09-24,HEI.DE,143.10000610351562
2026-09-24,HEN3.DE,74.12000274658203
2026-09-24,HER.MI,3.5759999752044678
2026-09-24,HIG,125.69000244140625
2026-09-24,HII,266.0
2026-09-24,HIK.L,1625.0
2026-09-24,HLMA.L,3504.0
2026-09-24,HLN.L,344.8999938964844
2026-09-24,HLT,312.1300048828125
2026-09-24,HNR1.DE,259.0
2026-09-24,HON,211.7899932861328
2026-09-24,HOOD,120.81999969482422
2026-09-24,HPE,63.52000045776367
2026-09-24,HPQ,31.139999389648438
2026-09-24,HRL,19.84000015258789
2026-09-24,HSBA.L,1499.800048828125
2026-09-24,HSIC,85.52999877929688
2026-09-24,HST,22.209999084472656
2026-09-24,HSX.L,1873.0
2026-09-24,HSY,166.8800048828125
2026-09-24,HUBB,465.8800048828125
2026-09-24,HUM,380.32000732421875
2026-09-24,HWDN.L,756.0
2026-09-24,HWM,229.3800048828125
2026-09-24,IAG.L,428.20001220703125
2026-09-24,IBKR,89.81999969482422
2026-09-24,IBM,227.05999755859375
2026-09-24,ICE,156.92999267578125
2026-09-24,ICG.L,1842.0
2026-09-24,IDXX,513.3900146484375
2026-09-24,IEX,228.5
2026-09-24,IFF,85.8499984741211
2026-09-24,IFX.DE,56.2599983215332
2026-09-24,IG.MI,8.423999786376953
2026-09-24,IHG.L,155.8000030517578
2026-09-24,III.L,2617.0
2026-09-24,IMB.L,2475.0
2026-09-24,IMI.L,3110.0
2026-09-24,INCY,124.44000244140625
2026-09-24,INF.L,871.4000244140625
2026-09-24,INTC,127.38999938964844
2026-09-24,INTU,277.1300048828125
2026-09-24,INVH,26.5
2026-09-24,INW.MI,6.53000020980835
2026-09-24,IP,34.880001068115234
2026-09-24,IP.MI,35.41999816894531
2026-09-24,IQV,275.0199890136719
2026-09-24,IR,74.77999877929688
2026-09-24,IRM,114.08999633789062
2026-09-24,ISP.MI,6.723999977111816
2026-09-24,ISRG,399.5199890136719
2026-09-24,IT,179.32000732421875
2026-09-24,ITRK.L,5860.0
2026-09-24,ITW,272.0
2026-09-24,IVZ,30.68000030517578
2026-09-24,J,135.3300018310547
2026-09-24,JBHT,229.14999389648438
2026-09-24,JBL,310.69000244140625
2026-09-24,JCI,145.36000061035156
2026-09-24,JKHY,147.75
2026-09-24,JNJ,270.67999267578125
2026-09-24,JPM,338.55999755859375
2026-09-24,KDP,30.8799991607666
2026-09-24,KEY,20.25
2026-09-24,KEYS,357.5400085449219
2026-09-24,KGF.L,328.20001220703125
2026-09-24,KHC,23.860000610351562
2026-09-24,KIM,22.25
2026-09-24,KKR,95.63999938964844
2026-09-24,KLAC,187.11000061035156
2026-09-24,KMB,97.22000122070312
2026-09-24,KMI,31.25
2026-09-24,KO,88.0999984741211
2026-09-24,KR,58.91999816894531
2026-09-24,KVUE,17.610000610351562
2026-09-24,L,105.06999969482422
2026-09-24,LAND.L,618.5
2026-09-24,LDO.MI,49.310001373291016
2026-09-24,LDOS,123.3499984741211
2026-09-24,LEN,81.47000122070312
2026-09-24,LGEN.L,296.3999938964844
2026-09-24,LH,308.95001220703125
2026-09-24,LHX,238.0399932861328
2026-09-24,LII,367.7799987792969
2026-09-24,LIN,468.1400146484375
2026-09-24,LKQ,23.0
2026-09-24,LLOY.L,107.0
2026-09-24,LLY,1181.8900146484375
2026-09-24,LMP.L,179.3000030517578
2026-09-24,LMT,523.7000122070312
2026-09-24,LNT,63.310001373291016
2026-09-24,LOW,188.49000549316406
2026-09-24,LRCX,307.1600036621094
2026-09-24,LSEG.L,8246.0
2026-09-24,LULU,101.63999938964844
2026-09-24,LUV,41.54999923706055
2026-09-24,LVS,38.650001525878906
2026-09-24,LW,44.369998931884766
2026-09-24,LYB,60.18000030517578
2026-09-24,LYV,171.05999755859375
2026-09-24,MA,566.0800170898438
2026-09-24,MAA,117.26000213623047
2026-09-24,MAR,351.510009765625
2026-09-24,MAS,67.30999755859375
2026-09-24,MB.MI,28.6299991607666
2026-09-24,MBG.DE,41.244998931884766
2026-09-24,MCD,237.02000427246094
2026-09-24,MCHP,74.69000244140625
2026-09-24,MCK,869.3599853515625
2026-09-24,MCO,467.3500061035156
2026-09-24,MDLZ,60.86000061035156
2026-09-24,MDT,88.51000213623047
2026-09-24,MELI,1754.1300048828125
2026-09-24,MET,97.25
2026-09-24,META,777.5900268554688
2026-09-24,MGM,33.689998626708984
2026-09-24,MHK,119.47000122070312
2026-09-24,MKC,47.81999969482422
2026-09-24,MKS.L,371.0
2026-09-24,MLM,480.1000061035156
2026-09-24,MMM,167.52000427246094
2026-09-24,MNDI.L,814.5999755859375
2026-09-24,MNG.L,326.0
2026-09-24,MNST,42.66999816894531
2026-09-24,MO,68.87999725341797
2026-09-24,MOH,193.30999755859375
2026-09-24,MONC.MI,43.61000061035156
2026-09-24,MOS,23.690000534057617
2026-09-24,MPC,390.95001220703125
2026-09-24,MPWR,1335.550048828125
2026-09-24,MRK,147.97999572753906
2026-09-24,MRK.DE,133.9499969482422
2026-09-24,MRNA,194.82000732421875
2026-09-24,MRO.L,472.5
2026-09-24,MRVL,258.95001220703125
2026-09-24,MS,196.32000732421875
2026-09-24,MSCI,556.0800170898438
2026-09-24,MSFT,497.92999267578125
2026-09-24,MSI,454.9100036621094
2026-09-24,MSTR,161.61000061035156
2026-09-24,MTB,218.66000366210938
2026-09-24,MTCH,40.79999923706055
2026-09-24,MTD,1519.1500244140625
2026-09-24,MTLN.L,47.84000015258789
2026-09-24,MTX.DE,368.1000061035156
2026-09-24,MU,1080.530029296875
2026-09-24,MUV2.DE,512.5999755859375
2026-09-24,NCLH,14.1899995803833
2026-09-24,NDAQ,94.55000305175781
2026-09-24,NDSN,323.260009765625
2026-09-24,NEE,75.62000274658203
2026-09-24,NEM,121.30000305175781
2026-09-24,NEXI.MI,4.099999904632568
2026-09-24,NFLX,71.72000122070312
2026-09-24,NI,39.119998931884766
2026-09-24,NKE,35.9900016784668
2026-09-24,NOC,508.9800109863281
2026-09-24,NOW,137.77999877929688
2026-09-24,NRG,97.8499984741211
2026-09-24,NSC,313.1700134277344
2026-09-24,NTAP,197.24000549316406
2026-09-24,NTRS,174.5
2026-09-24,NUE,247.9600067138672
2026-09-24,NVDA,224.5800018310547
2026-09-24,NVR,6235.490234375
2026-09-24,NWG.L,684.5999755859375
2026-09-24,NWS,31.559999465942383
2026-09-24,NWSA,28.440000534057617
2026-09-24,NXPI,230.16000366210938
2026-09-24,NXT.L,14400.0
2026-09-24,O,55.40999984741211
2026-09-24,ODFL,174.92999267578125
2026-09-24,OKE,91.18000030517578
2026-09-24,OMC,74.69999694824219
2026-09-24,ON,73.1500015258789
2026-09-24,ORCL,139.5399932861328
2026-09-24,ORLY,86.23999786376953
2026-09-24,OTIS,66.68000030517578
2026-09-24,OXY,58.04999923706055
2026-09-24,PAH3.DE,25.59000015258789
2026-09-24,PANW,389.9200134277344
2026-09-24,PAYC,220.80999755859375
2026-09-24,PAYX,101.58999633789062
2026-09-24,PCAR,110.66999816894531
2026-09-24,PCG,12.319999694824219
2026-09-24,PCT.L,690.0
2026-09-24,PDD,78.19999694824219
2026-09-24,PEG,66.55999755859375
2026-09-24,PEP,128.14999389648438
2026-09-24,PFE,28.40999984741211
2026-09-24,PFG,114.1500015258789
2026-09-24,PG,145.67999267578125
2026-09-24,PGR,202.1699981689453
2026-09-24,PH,974.97998046875
2026-09-24,PHM,118.18000030517578
2026-09-24,PKG,238.11000061035156
2026-09-24,PLD,133.82000732421875
2026-09-24,PLTR,192.58999633789062
2026-09-24,PM,191.5
2026-09-24,PNC,223.33999633789062
2026-09-24,PNR,53.029998779296875
2026-09-24,PNW,91.08000183105469
2026-09-24,PODD,135.77999877929688
2026-09-24,POOL,161.7100067138672
2026-09-24,PPG,106.31999969482422
2026-09-24,PPL,31.969999313354492
2026-09-24,PRU,118.75
2026-09-24,PRU.L,949.5999755859375
2026-09-24,PRY.MI,122.3499984741211
2026-09-24,PSA,284.55999755859375
2026-09-24,PSH.L,3622.0
2026-09-24,PSKY,10.180000305175781
2026-09-24,PSN.L,1148.5
2026-09-24,PSON.L,1212.5
2026-09-24,PST.MI,25.709999084472656
2026-09-24,PSX,255.8699951171875
2026-09-24,PTC,137.41000366210938
2026-09-24,PWR,643.5
2026-09-24,PYPL,52.599998474121094
2026-09-24,Q,122.30999755859375
2026-09-24,QCOM,194.25999450683594
2026-09-24,QIA.DE,38.834999084472656
2026-09-24,RACE.MI,360.6499938964844
2026-09-24,RCL,238.97999572753906
2026-09-24,REC.MI,53.0
2026-09-24,REG,72.91999816894531
2026-09-24,REGN,796.02001953125
2026-09-24,REL.L,2525.0
2026-09-24,RF,27.260000228881836
2026-09-24,RHM.DE,990.0
2026-09-24,RIO.L,7070.0
2026-09-24,RJF,158.75999450683594
2026-09-24,RKT.L,4923.0
2026-09-24,RL,351.8599853515625
2026-09-24,RMD,221.88999938964844
2026-09-24,RMV.L,448.0
2026-09-24,ROK,432.92999267578125
2026-09-24,ROL,30.399999618530273
2026-09-24,ROP,364.0199890136719
2026-09-24,ROST,235.39999389648438
2026-09-24,RSG,212.72000122070312
2026-09-24,RTO.L,309.20001220703125
2026-09-24,RTX,188.61000061035156
2026-09-24,RVTY,150.67999267578125
2026-09-24,RWE.DE,59.15999984741211
2026-09-24,SAP.DE,184.17999267578125
2026-09-24,SBAC,166.1199951171875
2026-09-24,SBRY.L,337.0
2026-09-24,SBUX,93.6500015258789
2026-09-24,SCHW,99.48999786376953
2026-09-24,SDR.L,588.5
2026-09-24,SFER.MI,7.619999885559082
2026-09-24,SGE.L,990.0
2026-09-24,SGRO.L,949.0
2026-09-24,SHEL.L,3641.0
2026-09-24,SHL.DE,37.209999084472656
2026-09-24,SHOP,145.16000366210938
2026-09-24,SHW,320.3999938964844
2026-09-24,SIE.DE,274.79998779296875
2026-09-24,SJM,121.66000366210938
2026-09-24,SLB,51.43000030517578
2026-09-24,SMCI,41.5099983215332
2026-09-24,SMIN.L,2757.0
2026-09-24,SMT.L,1570.0
2026-09-24,SNA,367.7099914550781
2026-09-24,SNDK,1753.6199951171875
2026-09-24,SNPS,424.9100036621094
2026-09-24,SO,82.88999938964844
2026-09-24,SOLS,56.0099983215332
2026-09-24,SOLV,88.58999633789062
2026-09-24,SPG,204.6999969482422
2026-09-24,SPGI,403.25
2026-09-24,SPM.MI,4.361000061035156
2026-09-24,SPX.L,6970.0
2026-09-24,SRE,77.73999786376953
2026-09-24,SRG.MI,5.590000152587891
2026-09-24,SSE.L,2475.0
2026-09-24,STAN.L,2257.0
2026-09-24,STE,208.77000427246094
2026-09-24,STJ.L,1064.5
2026-09-24,STLD,235.1999969482422
2026-09-24,STT,181.08999633789062
2026-09-24,STX,905.9199829101562
2026-09-24,STZ,114.20999908447266
2026-09-24,SVT.L,3062.0
2026-09-24,SW,46.0
2026-09-24,SWK,90.16999816894531
2026-09-24,SWKS,87.80999755859375
2026-09-24,SY1.DE,93.23999786376953
2026-09-24,SYF,71.55000305175781
2026-09-24,SYK,269.75
2026-09-24,SYY,78.19000244140625
2026-09-24,T,25.450000762939453
2026-09-24,TAP,36.349998474121094
2026-09-24,TDG,1105.280029296875
2026-09-24,TDY,612.02001953125
2026-09-24,TEAM,192.61000061035156
2026-09-24,TECH,72.56999969482422
2026-09-24,TEL,213.6699981689453
2026-09-24,TEN.MI,24.889999389648438
2026-09-24,TER,387.70001220703125
2026-09-24,TFC,47.18000030517578
2026-09-24,TGT,156.14999389648438
2026-09-24,TIT.MI,7.440999984741211
2026-09-24,TJX,131.6300048828125
2026-09-24,TKO,185.05999755859375
2026-09-24,TMO,678.3900146484375
2026-09-24,TMUS,165.35000610351562
2026-09-24,TPL,338.25
2026-09-24,TPR,112.12000274658203
2026-09-24,TRGP,283.1499938964844
2026-09-24,TRI,100.31999969482422
2026-09-24,TRMB,57.689998626708984
2026-09-24,TRN.MI,9.154000282287598
2026-09-24,TROW,104.2699966430664
2026-09-24,TRV,362.3900146484375
2026-09-24,TSCO,31.440000534057617
2026-09-24,TSCO.L,477.0
2026-09-24,TSLA,377.94000244140625
2026-09-24,TSN,51.13999938964844
2026-09-24,TT,438.5400085449219
2026-09-24,TTD,12.630000114440918
2026-09-24,TTWO,202.97999572753906
2026-09-24,TXN,270.6499938964844
2026-09-24,TXT,76.0199966430664
2026-09-24,TYL,326.8500061035156
2026-09-24,UAL,111.19000244140625
2026-09-24,UBER,69.22000122070312
2026-09-24,UCG.MI,82.18000030517578
2026-09-24,UDR,33.54999923706055
2026-09-24,UHS,176.99000549316406
2026-09-24,ULTA,548.780029296875
2026-09-24,ULVR.L,4708.5
2026-09-24,UNH,375.010009765625
2026-09-24,UNI.MI,26.8799991607666
2026-09-24,UNP,274.07000732421875
2026-09-24,UPS,92.05000305175781
2026-09-24,URI,1021.6699829101562
2026-09-24,USB,58.400001525878906
2026-09-24,V,367.9800109863281
2026-09-24,VICI,23.270000457763672
2026-09-24,VLO,382.8599853515625
2026-09-24,VLTO,96.19999694824219
2026-09-24,VMC,241.6999969482422
2026-09-24,VNA.DE,17.09000015258789
2026-09-24,VOD.L,125.30000305175781
2026-09-24,VOW3.DE,70.81999969482422
2026-09-24,VRSK,168.64999389648438
2026-09-24,VRSN,291.8800048828125
2026-09-24,VRTX,522.3800048828125
2026-09-24,VST,137.94000244140625
2026-09-24,VTR,86.83000183105469
2026-09-24,VTRS,17.420000076293945
2026-09-24,VZ,47.31999969482422
2026-09-24,WAB,290.2300109863281
2026-09-24,WAT,430.29998779296875
2026-09-24,WBD,30.84000015258789
2026-09-24,WDAY,190.99000549316406
2026-09-24,WDC,450.30999755859375
2026-09-24,WEC,100.9000015258789
2026-09-24,WEIR.L,2620.0
2026-09-24,WELL,233.61000061035156
2026-09-24,WFC,82.18000030517578
2026-09-24,WM,207.9600067138672
2026-09-24,WMB,70.58000183105469
2026-09-24,WMT,107.58999633789062
2026-09-24,WPP.L,382.20001220703125
2026-09-24,WRB,67.29000091552734
2026-09-24,WSM,228.66000366210938
2026-09-24,WST,373.6000061035156
2026-09-24,WTB.L,2328.0
2026-09-24,WTW,293.6300048828125
2026-09-24,WY,20.139999389648438
2026-09-24,WYNN,80.19000244140625
2026-09-24,XEL,69.55999755859375
2026-09-24,XOM,162.13999938964844
2026-09-24,XYL,102.66000366210938
2026-09-24,XYZ,76.73999786376953
2026-09-24,YUM,137.33999633789062
2026-09-24,ZAL.DE,22.1200008392334
2026-09-24,ZBH,89.69000244140625
2026-09-24,ZBRA,365.1000061035156
2026-09-24,ZS,214.63999938964844
2026-09-24,ZTS,70.2699966430664
